State,District,Crop,Area_ha,Source
Andhra Pradesh,ANANTAPUR,mango,49430.0,"Horticultural Statistics at a Glance 2018, table 7.5 (area 2016-17)"
Andhra Pradesh,ANANTAPUR,pomegranate,6250.0,"Horticultural Statistics at a Glance 2018, table 7.5 (area 2016-17)"
Andhra Pradesh,ANANTAPUR,sapota,4290.0,"Horticultural Statistics at a Glance 2018, table 7.5 (area 2016-17)"
Andhra Pradesh,ANANTAPUR,tomato,11270.0,"Horticultural Statistics at a Glance 2018, table 7.5 (area 2016-17)"
Andhra Pradesh,CHITTOOR,mango,77640.0,"Horticultural Statistics at a Glance 2018, table 7.5 (area 2016-17)"
Andhra Pradesh,CHITTOOR,pomegranate,800.0,"Horticultural Statistics at a Glance 2018, table 7.5 (area 2016-17)"
Andhra Pradesh,CHITTOOR,tomato,23210.0,"Horticultural Statistics at a Glance 2018, table 7.5 (area 2016-17)"
Andhra Pradesh,GUNTUR,sapota,1300.0,"Horticultural Statistics at a Glance 2018, table 7.5 (area 2016-17)"
Andhra Pradesh,KADAPA,mango,27500.0,"Horticultural Statistics at a Glance 2018, table 7.5 (area 2016-17)"
Andhra Pradesh,KRISHNA,mango,60580.0,"Horticultural Statistics at a Glance 2018, table 7.5 (area 2016-17)"
Andhra Pradesh,PRAKASAM,sapota,2210.0,"Horticultural Statistics at a Glance 2018, table 7.5 (area 2016-17)"
Andhra Pradesh,VIZIANAGARAM,mango,43470.0,"Horticultural Statistics at a Glance 2018, table 7.5 (area 2016-17)"
Assam,BAKSA,papaya,340.0,"Horticultural Statistics at a Glance 2018, table 7.5 (area 2016-17)"
Assam,BARPETA,papaya,400.0,"Horticultural Statistics at a Glance 2018, table 7.5 (area 2016-17)"
Assam,BONGAIGAON,papaya,290.0,"Horticultural Statistics at a Glance 2018, table 7.5 (area 2016-17)"
Assam,DIMA HASAO,papaya,610.0,"Horticultural Statistics at a Glance 2018, table 7.5 (area 2016-17)"
Assam,GOALPARA,papaya,320.0,"Horticultural Statistics at a Glance 2018, table 7.5 (area 2016-17)"
Assam,GOLAGHAT,papaya,210.0,"Horticultural Statistics at a Glance 2018, table 7.5 (area 2016-17)"
Assam,KAMRUP,papaya,350.0,"Horticultural Statistics at a Glance 2018, table 7.5 (area 2016-17)"
Assam,KARBI ANGLONG,papaya,610.0,"Horticultural Statistics at a Glance 2018, table 7.5 (area 2016-17)"
Assam,KOKRAJHAR,papaya,280.0,"Horticultural Statistics at a Glance 2018, table 7.5 (area 2016-17)"
Assam,NAGAON,papaya,660.0,"Horticultural Statistics at a Glance 2018, table 7.5 (area 2016-17)"
Assam,NALBARI,papaya,250.0,"Horticultural Statistics at a Glance 2018, table 7.5 (area 2016-17)"
Assam,SONITPUR,papaya,520.0,"Horticultural Statistics at a Glance 2018, table 7.5 (area 2016-17)"
Bihar,AURANGABAD,tomato,1480.0,"Horticultural Statistics at a Glance 2018, table 7.5 (area 2016-17)"
Bihar,BANKA,mango,6500.0,"Horticultural Statistics at a Glance 2018, table 7.5 (area 2016-17)"
Bihar,BEGUSARAI,mango,4300.0,"Horticultural Statistics at a Glance 2018, table 7.5 (area 2016-17)"
Bihar,BEGUSARAI,tomato,1910.0,"Horticultural Statistics at a Glance 2018, table 7.5 (area 2016-17)"
Bihar,BHAGALPUR,mango,7900.0,"Horticultural Statistics at a Glance 2018, table 7.5 (area 2016-17)"
Bihar,BHAGALPUR,tomato,1610.0,"Horticultural Statistics at a Glance 2018, table 7.5 (area 2016-17)"
Bihar,BHOJPUR,mango,4700.0,"Horticultural Statistics at a Glance 2018, table 7.5 (area 2016-17)"
Bihar,DARBHANGA,mango,13560.0,"Horticultural Statistics at a Glance 2018, table 7.5 (area 2016-17)"
Bihar,DARBHANGA,tomato,1510.0,"Horticultural Statistics at a Glance 2018, table 7.5 (area 2016-17)"
Bihar,GOPALGANJ,tomato,1500.0,"Horticultural Statistics at a Glance 2018, table 7.5 (area 2016-17)"
Bihar,KATIHAR,tomato,1410.0,"Horticultural Statistics at a Glance 2018, table 7.5 (area 2016-17)"
Bihar,MADHUBANI,mango,6200.0,"Horticultural Statistics at a Glance 2018, table 7.5 (area 2016-17)"
Bihar,MADHUBANI,tomato,1300.0,"Horticultural Statistics at a Glance 2018, table 7.5 (area 2016-17)"
Bihar,MUZAFFARPUR,mango,9840.0,"Horticultural Statistics at a Glance 2018, table 7.5 (area 2016-17)"
Bihar,MUZAFFARPUR,tomato,3710.0,"Horticultural Statistics at a Glance 2018, table 7.5 (area 2016-17)"
Bihar,NALANDA,tomato,1910.0,"Horticultural Statistics at a Glance 2018, table 7.5 (area 2016-17)"
Bihar,PASHCHIM CHAMPARAN,mango,7320.0,"Horticultural Statistics at a Glance 2018, table 7.5 (area 2016-17)"
Bihar,PATNA,mango,4050.0,"Horticultural Statistics at a Glance 2018, table 7.5 (area 2016-17)"
Bihar,PATNA,tomato,2000.0,"Horticultural Statistics at a Glance 2018, table 7.5 (area 2016-17)"
Bihar,PURBI CHAMPARAN,mango,9000.0,"Horticultural Statistics at a Glance 2018, table 7.5 (area 2016-17)"
Bihar,PURBI CHAMPARAN,tomato,1800.0,"Horticultural Statistics at a Glance 2018, table 7.5 (area 2016-17)"
Bihar,ROHTAS,mango,5710.0,"Horticultural Statistics at a Glance 2018, table 7.5 (area 2016-17)"
Bihar,SAHARSA,tomato,1210.0,"Horticultural Statistics at a Glance 2018, table 7.5 (area 2016-17)"
Bihar,SAMASTIPUR,mango,10650.0,"Horticultural Statistics at a Glance 2018, table 7.5 (area 2016-17)"
Bihar,SAMASTIPUR,tomato,1910.0,"Horticultural Statistics at a Glance 2018, table 7.5 (area 2016-17)"
Bihar,SARAN,mango,5180.0,"Horticultural Statistics at a Glance 2018, table 7.5 (area 2016-17)"
Bihar,SARAN,tomato,1610.0,"Horticultural Statistics at a Glance 2018, table 7.5 (area 2016-17)"
Bihar,SITAMARHI,mango,5300.0,"Horticultural Statistics at a Glance 2018, table 7.5 (area 2016-17)"
Bihar,SITAMARHI,tomato,1580.0,"Horticultural Statistics at a Glance 2018, table 7.5 (area 2016-17)"
Bihar,SIWAN,tomato,1400.0,"Horticultural Statistics at a Glance 2018, table 7.5 (area 2016-17)"
Bihar,VAISHALI,mango,8460.0,"Horticultural Statistics at a Glance 2018, table 7.5 (area 2016-17)"
Bihar,VAISHALI,tomato,3900.0,"Horticultural Statistics at a Glance 2018, table 7.5 (area 2016-17)"
Chhattisgarh,BALOD,tomato,2100.0,"Horticultural Statistics at a Glance 2018, table 7.5 (area 2016-17)"
Chhattisgarh,BALODA BAZAR,papaya,970.0,"Horticultural Statistics at a Glance 2018, table 7.5 (area 2016-17)"
Chhattisgarh,BALRAMPUR,papaya,990.0,"Horticultural Statistics at a Glance 2018, table 7.5 (area 2016-17)"
Chhattisgarh,BEMETARA,papaya,660.0,"Horticultural Statistics at a Glance 2018, table 7.5 (area 2016-17)"
Chhattisgarh,BEMETARA,tomato,2650.0,"Horticultural Statistics at a Glance 2018, table 7.5 (area 2016-17)"
Chhattisgarh,BILASPUR,papaya,1890.0,"Horticultural Statistics at a Glance 2018, table 7.5 (area 2016-17)"
Chhattisgarh,BILASPUR,tomato,7880.0,"Horticultural Statistics at a Glance 2018, table 7.5 (area 2016-17)"
Chhattisgarh,DURG,papaya,1300.0,"Horticultural Statistics at a Glance 2018, table 7.5 (area 2016-17)"
Chhattisgarh,DURG,tomato,9510.0,"Horticultural Statistics at a Glance 2018, table 7.5 (area 2016-17)"
Chhattisgarh,JANJGIR-CHAMPA,papaya,760.0,"Horticultural Statistics at a Glance 2018, table 7.5 (area 2016-17)"
Chhattisgarh,JANJGIR-CHAMPA,tomato,2250.0,"Horticultural Statistics at a Glance 2018, table 7.5 (area 2016-17)"
Chhattisgarh,JASHPUR,tomato,5300.0,"Horticultural Statistics at a Glance 2018, table 7.5 (area 2016-17)"
Chhattisgarh,MAHASAMUND,papaya,1820.0,"Horticultural Statistics at a Glance 2018, table 7.5 (area 2016-17)"
Chhattisgarh,MAHASAMUND,tomato,2210.0,"Horticultural Statistics at a Glance 2018, table 7.5 (area 2016-17)"
Chhattisgarh,MUNGELI,tomato,2000.0,"Horticultural Statistics at a Glance 2018, table 7.5 (area 2016-17)"
Chhattisgarh,RAIGARH,tomato,3600.0,"Horticultural Statistics at a Glance 2018, table 7.5 (area 2016-17)"
Chhattisgarh,RAIPUR,papaya,1160.0,"Horticultural Statistics at a Glance 2018, table 7.5 (area 2016-17)"
Chhattisgarh,RAIPUR,tomato,4290.0,"Horticultural Statistics at a Glance 2018, table 7.5 (area 2016-17)"
Gujarat,AHMADABAD,tomato,5370.0,"Horticultural Statistics at a Glance 2018, table 7.5 (area 2016-17)"
Gujarat,ANAND,tomato,3600.0,"Horticultural Statistics at a Glance 2018, table 7.5 (area 2016-17)"
Gujarat,BANAS KANTHA,papaya,1130.0,"Horticultural Statistics at a Glance 2018, table 7.5 (area 2016-17)"
Gujarat,BANAS KANTHA,pomegranate,6780.0,"Horticultural Statistics at a Glance 2018, table 7.5 (area 2016-17)"
Gujarat,BANAS KANTHA,tomato,4850.0,"Horticultural Statistics at a Glance 2018, table 7.5 (area 2016-17)"
Gujarat,BHARUCH,papaya,830.0,"Horticultural Statistics at a Glance 2018, table 7.5 (area 2016-17)"
Gujarat,BHAVNAGAR,sapota,2330.0,"Horticultural Statistics at a Glance 2018, table 7.5 (area 2016-17)"
Gujarat,JUNAGADH,mango,8490.0,"Horticultural Statistics at a Glance 2018, table 7.5 (area 2016-17)"
Gujarat,JUNAGADH,sapota,3690.0,"Horticultural Statistics at a Glance 2018, table 7.5 (area 2016-17)"
Gujarat,KACHCHH,mango,9820.0,"Horticultural Statistics at a Glance 2018, table 7.5 (area 2016-17)"
Gujarat,KACHCHH,papaya,3200.0,"Horticultural Statistics at a Glance 2018, table 7.5 (area 2016-17)"
Gujarat,KACHCHH,pomegranate,7970.0,"Horticultural Statistics at a Glance 2018, table 7.5 (area 2016-17)"
Gujarat,KACHCHH,sapota,1470.0,"Horticultural Statistics at a Glance 2018, table 7.5 (area 2016-17)"
Gujarat,KACHCHH,tomato,1960.0,"Horticultural Statistics at a Glance 2018, table 7.5 (area 2016-17)"
Gujarat,KHEDA,tomato,3170.0,"Horticultural Statistics at a Glance 2018, table 7.5 (area 2016-17)"
Gujarat,MAHESANA,papaya,1180.0,"Horticultural Statistics at a Glance 2018, table 7.5 (area 2016-17)"
Gujarat,MAHESANA,pomegranate,1040.0,"Horticultural Statistics at a Glance 2018, table 7.5 (area 2016-17)"
Gujarat,MAHESANA,tomato,4540.0,"Horticultural Statistics at a Glance 2018, table 7.5 (area 2016-17)"
Gujarat,NAVSARI,mango,32180.0,"Horticultural Statistics at a Glance 2018, table 7.5 (area 2016-17)"
Gujarat,NAVSARI,sapota,8130.000000000001,"Horticultural Statistics at a Glance 2018, table 7.5 (area 2016-17)"
Gujarat,SABAR KANTHA,papaya,1270.0,"Horticultural Statistics at a Glance 2018, table 7.5 (area 2016-17)"
Gujarat,SABAR KANTHA,tomato,1950.0,"Horticultural Statistics at a Glance 2018, table 7.5 (area 2016-17)"
Gujarat,SURAT,mango,9580.0,"Horticultural Statistics at a Glance 2018, table 7.5 (area 2016-17)"
Gujarat,SURAT,papaya,870.0,"Horticultural Statistics at a Glance 2018, table 7.5 (area 2016-17)"
Gujarat,SURAT,sapota,2200.0,"Horticultural Statistics at a Glance 2018, table 7.5 (area 2016-17)"
Gujarat,TAPI,papaya,2080.0,"Horticultural Statistics at a Glance 2018, table 7.5 (area 2016-17)"
Gujarat,VADODARA,papaya,1900.0,"Horticultural Statistics at a Glance 2018, table 7.5 (area 2016-17)"
Gujarat,VADODARA,tomato,1740.0,"Horticultural Statistics at a Glance 2018, table 7.5 (area 2016-17)"
Gujarat,VALSAD,mango,34620.0,"Horticultural Statistics at a Glance 2018, table 7.5 (area 2016-17)"
Gujarat,VALSAD,sapota,2980.0,"Horticultural Statistics at a Glance 2018, table 7.5 (area 2016-17)"
Gujarat,VALSAD,tomato,2260.0,"Horticultural Statistics at a Glance 2018, table 7.5 (area 2016-17)"
Haryana,JIND,tomato,1650.0,"Horticultural Statistics at a Glance 2018, table 7.5 (area 2016-17)"
Haryana,KARNAL,tomato,2500.0,"Horticultural Statistics at a Glance 2018, table 7.5 (area 2016-17)"
Haryana,MEWAT,tomato,5340.0,"Horticultural Statistics at a Glance 2018, table 7.5 (area 2016-17)"
Haryana,PANIPAT,tomato,1370.0,"Horticultural Statistics at a Glance 2018, table 7.5 (area 2016-17)"
Haryana,ROHTAK,tomato,1600.0,"Horticultural Statistics at a Glance 2018, table 7.5 (area 2016-17)"
Haryana,SONIPAT,tomato,2170.0,"Horticultural Statistics at a Glance 2018, table 7.5 (area 2016-17)"
Haryana,YAMUNANAGAR,tomato,3920.0,"Horticultural Statistics at a Glance 2018, table 7.5 (area 2016-17)"
Karnataka,BAGALKOT,grapes,2600.0,"Horticultural Statistics at a Glance 2018, table 7.5 (area 2016-17)"
Karnataka,BAGALKOT,pomegranate,2300.0,"Horticultural Statistics at a Glance 2018, table 7.5 (area 2016-17)"
Karnataka,BANGALORE RURAL,grapes,2200.0,"Horticultural Statistics at a Glance 2018, table 7.5 (area 2016-17)"
Karnataka,BANGALORE RURAL,mango,6800.0,"Horticultural Statistics at a Glance 2018, table 7.5 (area 2016-17)"
Karnataka,BELGAUM,grapes,3680.0,"Horticultural Statistics at a Glance 2018, table 7.5 (area 2016-17)"
Karnataka,BELGAUM,mango,4950.0,"Horticultural Statistics at a Glance 2018, table 7.5 (area 2016-17)"
Karnataka,BELGAUM,sapota,1570.0,"Horticultural Statistics at a Glance 2018, table 7.5 (area 2016-17)"
Karnataka,BELGAUM,tomato,5910.0,"Horticultural Statistics at a Glance 2018, table 7.5 (area 2016-17)"
Karnataka,BELLARY,papaya,550.0,"Horticultural Statistics at a Glance 2018, table 7.5 (area 2016-17)"
Karnataka,BELLARY,pomegranate,3710.0,"Horticultural Statistics at a Glance 2018, table 7.5 (area 2016-17)"
Karnataka,BELLARY,sapota,2180.0,"Horticultural Statistics at a Glance 2018, table 7.5 (area 2016-17)"
Karnataka,BIDAR,papaya,400.0,"Horticultural Statistics at a Glance 2018, table 7.5 (area 2016-17)"
Karnataka,BIJAPUR,grapes,10160.0,"Horticultural Statistics at a Glance 2018, table 7.5 (area 2016-17)"
Karnataka,BIJAPUR,pomegranate,2810.0,"Horticultural Statistics at a Glance 2018, table 7.5 (area 2016-17)"
Karnataka,CHAMARAJANAGAR,papaya,340.0,"Horticultural Statistics at a Glance 2018, table 7.5 (area 2016-17)"
Karnataka,CHIKBALLAPUR,grapes,2700.0,"Horticultural Statistics at a Glance 2018, table 7.5 (area 2016-17)"
Karnataka,CHIKBALLAPUR,mango,13730.0,"Horticultural Statistics at a Glance 2018, table 7.5 (area 2016-17)"
Karnataka,CHIKBALLAPUR,papaya,320.0,"Horticultural Statistics at a Glance 2018, table 7.5 (area 2016-17)"
Karnataka,CHIKBALLAPUR,sapota,1480.0,"Horticultural Statistics at a Glance 2018, table 7.5 (area 2016-17)"
Karnataka,CHIKBALLAPUR,tomato,2380.0,"Horticultural Statistics at a Glance 2018, table 7.5 (area 2016-17)"
Karnataka,CHIKMAGALUR,sapota,1150.0,"Horticultural Statistics at a Glance 2018, table 7.5 (area 2016-17)"
Karnataka,CHIKMAGALUR,tomato,2660.0,"Horticultural Statistics at a Glance 2018, table 7.5 (area 2016-17)"
Karnataka,CHITRADURGA,papaya,770.0,"Horticultural Statistics at a Glance 2018, table 7.5 (area 2016-17)"
Karnataka,CHITRADURGA,pomegranate,7960.0,"Horticultural Statistics at a Glance 2018, table 7.5 (area 2016-17)"
Karnataka,CHITRADURGA,sapota,1220.0,"Horticultural Statistics at a Glance 2018, table 7.5 (area 2016-17)"
Karnataka,DHARWAD,mango,12540.0,"Horticultural Statistics at a Glance 2018, table 7.5 (area 2016-17)"
Karnataka,DHARWAD,sapota,980.0,"Horticultural Statistics at a Glance 2018, table 7.5 (area 2016-17)"
Karnataka,GULBARGA,papaya,550.0,"Horticultural Statistics at a Glance 2018, table 7.5 (area 2016-17)"
Karnataka,HAVERI,sapota,1850.0,"Horticultural Statistics at a Glance 2018, table 7.5 (area 2016-17)"
Karnataka,HAVERI,tomato,4110.0,"Horticultural Statistics at a Glance 2018, table 7.5 (area 2016-17)"
Karnataka,KOLAR,mango,50430.0,"Horticultural Statistics at a Glance 2018, table 7.5 (area 2016-17)"
Karnataka,KOLAR,papaya,410.0,"Horticultural Statistics at a Glance 2018, table 7.5 (area 2016-17)"
Karnataka,KOLAR,sapota,3400.0,"Horticultural Statistics at a Glance 2018, table 7.5 (area 2016-17)"
Karnataka,KOLAR,tomato,8510.0,"Horticultural Statistics at a Glance 2018, table 7.5 (area 2016-17)"
Karnataka,KOPPAL,papaya,440.0,"Horticultural Statistics at a Glance 2018, table 7.5 (area 2016-17)"
Karnataka,MANDYA,mango,6500.0,"Horticultural Statistics at a Glance 2018, table 7.5 (area 2016-17)"
Karnataka,MANDYA,papaya,590.0,"Horticultural Statistics at a Glance 2018, table 7.5 (area 2016-17)"
Karnataka,MANDYA,sapota,2320.0,"Horticultural Statistics at a Glance 2018, table 7.5 (area 2016-17)"
Karnataka,MANDYA,tomato,4090.0,"Horticultural Statistics at a Glance 2018, table 7.5 (area 2016-17)"
Karnataka,MYSORE,tomato,3650.0,"Horticultural Statistics at a Glance 2018, table 7.5 (area 2016-17)"
Karnataka,RAICHUR,papaya,400.0,"Horticultural Statistics at a Glance 2018, table 7.5 (area 2016-17)"
Karnataka,RAMANAGARA,mango,23090.0,"Horticultural Statistics at a Glance 2018, table 7.5 (area 2016-17)"
Karnataka,RAMANAGARA,papaya,280.0,"Horticultural Statistics at a Glance 2018, table 7.5 (area 2016-17)"
Karnataka,TUMKUR,mango,15670.0,"Horticultural Statistics at a Glance 2018, table 7.5 (area 2016-17)"
Karnataka,TUMKUR,papaya,310.0,"Horticultural Statistics at a Glance 2018, table 7.5 (area 2016-17)"
Karnataka,TUMKUR,pomegranate,3330.0,"Horticultural Statistics at a Glance 2018, table 7.5 (area 2016-17)"
Karnataka,TUMKUR,sapota,1060.0,"Horticultural Statistics at a Glance 2018, table 7.5 (area 2016-17)"
Karnataka,TUMKUR,tomato,2170.0,"Horticultural Statistics at a Glance 2018, table 7.5 (area 2016-17)"
Madhya Pradesh,ALIRAJPUR,mango,3120.0,"Horticultural Statistics at a Glance 2018, table 7.5 (area 2016-17)"
Madhya Pradesh,ANUPPUR,mango,2310.0,"Horticultural Statistics at a Glance 2018, table 7.5 (area 2016-17)"
Madhya Pradesh,BALAGHAT,mango,2430.0,"Horticultural Statistics at a Glance 2018, table 7.5 (area 2016-17)"
Madhya Pradesh,BARWANI,papaya,280.0,"Horticultural Statistics at a Glance 2018, table 7.5 (area 2016-17)"
Madhya Pradesh,BARWANI,tomato,810.0,"Horticultural Statistics at a Glance 2018, table 7.5 (area 2016-17)"
Madhya Pradesh,BETUL,mango,4860.0,"Horticultural Statistics at a Glance 2018, table 7.5 (area 2016-17)"
Madhya Pradesh,BHOPAL,papaya,270.0,"Horticultural Statistics at a Glance 2018, table 7.5 (area 2016-17)"
Madhya Pradesh,CHHATARPUR,tomato,2170.0,"Horticultural Statistics at a Glance 2018, table 7.5 (area 2016-17)"
Madhya Pradesh,CHHINDWARA,mango,1480.0,"Horticultural Statistics at a Glance 2018, table 7.5 (area 2016-17)"
Madhya Pradesh,CHHINDWARA,tomato,8010.0,"Horticultural Statistics at a Glance 2018, table 7.5 (area 2016-17)"
Madhya Pradesh,DEWAS,tomato,2060.0,"Horticultural Statistics at a Glance 2018, table 7.5 (area 2016-17)"
Madhya Pradesh,DHAR,papaya,1270.0,"Horticultural Statistics at a Glance 2018, table 7.5 (area 2016-17)"
Madhya Pradesh,DHAR,tomato,1790.0,"Horticultural Statistics at a Glance 2018, table 7.5 (area 2016-17)"
Madhya Pradesh,HOSHANGABAD,tomato,1960.0,"Horticultural Statistics at a Glance 2018, table 7.5 (area 2016-17)"
Madhya Pradesh,INDORE,mango,1190.0,"Horticultural Statistics at a Glance 2018, table 7.5 (area 2016-17)"
Madhya Pradesh,JABALPUR,tomato,3850.0,"Horticultural Statistics at a Glance 2018, table 7.5 (area 2016-17)"
Madhya Pradesh,JHABUA,papaya,170.0,"Horticultural Statistics at a Glance 2018, table 7.5 (area 2016-17)"
Madhya Pradesh,JHABUA,tomato,2860.0,"Horticultural Statistics at a Glance 2018, table 7.5 (area 2016-17)"
Madhya Pradesh,KATNI,mango,2900.0,"Horticultural Statistics at a Glance 2018, table 7.5 (area 2016-17)"
Madhya Pradesh,KATNI,tomato,3070.0,"Horticultural Statistics at a Glance 2018, table 7.5 (area 2016-17)"
Madhya Pradesh,KHANDWA,tomato,1450.0,"Horticultural Statistics at a Glance 2018, table 7.5 (area 2016-17)"
Madhya Pradesh,KHARGONE,papaya,1250.0,"Horticultural Statistics at a Glance 2018, table 7.5 (area 2016-17)"
Madhya Pradesh,KHARGONE,tomato,970.0,"Horticultural Statistics at a Glance 2018, table 7.5 (area 2016-17)"
Madhya Pradesh,NEEMUCH,papaya,250.0,"Horticultural Statistics at a Glance 2018, table 7.5 (area 2016-17)"
Madhya Pradesh,RAISEN,tomato,4890.0,"Horticultural Statistics at a Glance 2018, table 7.5 (area 2016-17)"
Madhya Pradesh,REWA,mango,3000.0,"Horticultural Statistics at a Glance 2018, table 7.5 (area 2016-17)"
Madhya Pradesh,REWA,papaya,570.0,"Horticultural Statistics at a Glance 2018, table 7.5 (area 2016-17)"
Madhya Pradesh,REWA,tomato,4840.0,"Horticultural Statistics at a Glance 2018, table 7.5 (area 2016-17)"
Madhya Pradesh,SAGAR,tomato,5000.0,"Horticultural Statistics at a Glance 2018, table 7.5 (area 2016-17)"
Madhya Pradesh,SATNA,papaya,400.0,"Horticultural Statistics at a Glance 2018, table 7.5 (area 2016-17)"
Madhya Pradesh,SATNA,tomato,3240.0,"Horticultural Statistics at a Glance 2018, table 7.5 (area 2016-17)"
Madhya Pradesh,SEHORE,papaya,410.0,"Horticultural Statistics at a Glance 2018, table 7.5 (area 2016-17)"
Madhya Pradesh,SHAHDOL,mango,730.0,"Horticultural Statistics at a Glance 2018, table 7.5 (area 2016-17)"
Madhya Pradesh,SHAJAPUR,papaya,330.0,"Horticultural Statistics at a Glance 2018, table 7.5 (area 2016-17)"
Madhya Pradesh,SHAJAPUR,tomato,1780.0,"Horticultural Statistics at a Glance 2018, table 7.5 (area 2016-17)"
Madhya Pradesh,SHIVPURI,papaya,460.0,"Horticultural Statistics at a Glance 2018, table 7.5 (area 2016-17)"
Madhya Pradesh,SHIVPURI,tomato,12370.0,"Horticultural Statistics at a Glance 2018, table 7.5 (area 2016-17)"
Madhya Pradesh,SIDHI,mango,2029.9999999999998,"Horticultural Statistics at a Glance 2018, table 7.5 (area 2016-17)"
Madhya Pradesh,SINGRAULI,mango,2200.0,"Horticultural Statistics at a Glance 2018, table 7.5 (area 2016-17)"
Madhya Pradesh,VIDISHA,mango,1870.0,"Horticultural Statistics at a Glance 2018, table 7.5 (area 2016-17)"
Maharashtra,AHMEDNAGAR,pomegranate,21500.0,"Horticultural Statistics at a Glance 2018, table 7.5 (area 2016-17)"
Maharashtra,AHMEDNAGAR,sapota,1930.0,"Horticultural Statistics at a Glance 2018, table 7.5 (area 2016-17)"
Maharashtra,AKOLA,papaya,460.0,"Horticultural Statistics at a Glance 2018, table 7.5 (area 2016-17)"
Maharashtra,BEED,mango,4050.0,"Horticultural Statistics at a Glance 2018, table 7.5 (area 2016-17)"
Maharashtra,DHULE,papaya,1870.0,"Horticultural Statistics at a Glance 2018, table 7.5 (area 2016-17)"
Maharashtra,HINGOLI,papaya,670.0,"Horticultural Statistics at a Glance 2018, table 7.5 (area 2016-17)"
Maharashtra,JALGAON,papaya,1220.0,"Horticultural Statistics at a Glance 2018, table 7.5 (area 2016-17)"
Maharashtra,NANDED,mango,630.0,"Horticultural Statistics at a Glance 2018, table 7.5 (area 2016-17)"
Maharashtra,NANDED,papaya,390.0,"Horticultural Statistics at a Glance 2018, table 7.5 (area 2016-17)"
Maharashtra,NANDURBAR,papaya,2510.0,"Horticultural Statistics at a Glance 2018, table 7.5 (area 2016-17)"
Maharashtra,NASHIK,grapes,56270.0,"Horticultural Statistics at a Glance 2018, table 7.5 (area 2016-17)"
Maharashtra,NASHIK,pomegranate,38800.0,"Horticultural Statistics at a Glance 2018, table 7.5 (area 2016-17)"
Maharashtra,NASHIK,tomato,11560.0,"Horticultural Statistics at a Glance 2018, table 7.5 (area 2016-17)"
Maharashtra,OSMANABAD,grapes,2910.0,"Horticultural Statistics at a Glance 2018, table 7.5 (area 2016-17)"
Maharashtra,OSMANABAD,mango,3900.0,"Horticultural Statistics at a Glance 2018, table 7.5 (area 2016-17)"
Maharashtra,OSMANABAD,sapota,950.0,"Horticultural Statistics at a Glance 2018, table 7.5 (area 2016-17)"
Maharashtra,PALGHAR,sapota,3110.0,"Horticultural Statistics at a Glance 2018, table 7.5 (area 2016-17)"
Maharashtra,PUNE,grapes,2580.0,"Horticultural Statistics at a Glance 2018, table 7.5 (area 2016-17)"
Maharashtra,PUNE,mango,6950.0,"Horticultural Statistics at a Glance 2018, table 7.5 (area 2016-17)"
Maharashtra,PUNE,pomegranate,13500.0,"Horticultural Statistics at a Glance 2018, table 7.5 (area 2016-17)"
Maharashtra,PUNE,sapota,2500.0,"Horticultural Statistics at a Glance 2018, table 7.5 (area 2016-17)"
Maharashtra,PUNE,tomato,18560.0,"Horticultural Statistics at a Glance 2018, table 7.5 (area 2016-17)"
Maharashtra,RAIGAD,mango,12330.0,"Horticultural Statistics at a Glance 2018, table 7.5 (area 2016-17)"
Maharashtra,RATNAGIRI,mango,60050.0,"Horticultural Statistics at a Glance 2018, table 7.5 (area 2016-17)"
Maharashtra,SANGLI,grapes,21680.0,"Horticultural Statistics at a Glance 2018, table 7.5 (area 2016-17)"
Maharashtra,SINDHUDURG,mango,23500.0,"Horticultural Statistics at a Glance 2018, table 7.5 (area 2016-17)"
Maharashtra,SOLAPUR,grapes,18130.0,"Horticultural Statistics at a Glance 2018, table 7.5 (area 2016-17)"
Maharashtra,SOLAPUR,papaya,1150.0,"Horticultural Statistics at a Glance 2018, table 7.5 (area 2016-17)"
Maharashtra,SOLAPUR,pomegranate,25500.0,"Horticultural Statistics at a Glance 2018, table 7.5 (area 2016-17)"
Maharashtra,SOLAPUR,sapota,2750.0,"Horticultural Statistics at a Glance 2018, table 7.5 (area 2016-17)"
Maharashtra,SOLAPUR,tomato,3200.0,"Horticultural Statistics at a Glance 2018, table 7.5 (area 2016-17)"
Odisha,ANUGUL,mango,9410.0,"Horticultural Statistics at a Glance 2018, table 7.5 (area 2016-17)"
Odisha,ANUGUL,tomato,2770.0,"Horticultural Statistics at a Glance 2018, table 7.5 (area 2016-17)"
Odisha,BALANGIR,tomato,4140.0,"Horticultural Statistics at a Glance 2018, table 7.5 (area 2016-17)"
Odisha,BHADRAK,tomato,3170.0,"Horticultural Statistics at a Glance 2018, table 7.5 (area 2016-17)"
Odisha,CUTTACK,tomato,2760.0,"Horticultural Statistics at a Glance 2018, table 7.5 (area 2016-17)"
Odisha,DHENKANAL,mango,9400.0,"Horticultural Statistics at a Glance 2018, table 7.5 (area 2016-17)"
Odisha,DHENKANAL,tomato,2900.0,"Horticultural Statistics at a Glance 2018, table 7.5 (area 2016-17)"
Odisha,GAJAPATI,mango,7520.0,"Horticultural Statistics at a Glance 2018, table 7.5 (area 2016-17)"
Odisha,GANJAM,mango,10670.0,"Horticultural Statistics at a Glance 2018, table 7.5 (area 2016-17)"
Odisha,GANJAM,tomato,4290.0,"Horticultural Statistics at a Glance 2018, table 7.5 (area 2016-17)"
Odisha,JAGATSINGHAPUR,tomato,3170.0,"Horticultural Statistics at a Glance 2018, table 7.5 (area 2016-17)"
Odisha,KALAHANDI,mango,11410.0,"Horticultural Statistics at a Glance 2018, table 7.5 (area 2016-17)"
Odisha,KALAHANDI,tomato,5220.0,"Horticultural Statistics at a Glance 2018, table 7.5 (area 2016-17)"
Odisha,KANDHAMAL,mango,10560.0,"Horticultural Statistics at a Glance 2018, table 7.5 (area 2016-17)"
Odisha,KANDHAMAL,tomato,2960.0,"Horticultural Statistics at a Glance 2018, table 7.5 (area 2016-17)"
Odisha,KENDRAPARA,tomato,4480.0,"Horticultural Statistics at a Glance 2018, table 7.5 (area 2016-17)"
Odisha,KENDUJHAR,mango,10490.0,"Horticultural Statistics at a Glance 2018, table 7.5 (area 2016-17)"
Odisha,KENDUJHAR,tomato,7450.0,"Horticultural Statistics at a Glance 2018, table 7.5 (area 2016-17)"
Odisha,KHORDHA,tomato,6170.0,"Horticultural Statistics at a Glance 2018, table 7.5 (area 2016-17)"
Odisha,KORAPUT,mango,12940.0,"Horticultural Statistics at a Glance 2018, table 7.5 (area 2016-17)"
Odisha,KORAPUT,tomato,3340.0,"Horticultural Statistics at a Glance 2018, table 7.5 (area 2016-17)"
Odisha,MALKANGIRI,mango,8000.0,"Horticultural Statistics at a Glance 2018, table 7.5 (area 2016-17)"
Odisha,MAYURBHANJ,mango,15800.0,"Horticultural Statistics at a Glance 2018, table 7.5 (area 2016-17)"
Odisha,MAYURBHANJ,tomato,4930.0,"Horticultural Statistics at a Glance 2018, table 7.5 (area 2016-17)"
Odisha,NABARANGPUR,mango,7160.0,"Horticultural Statistics at a Glance 2018, table 7.5 (area 2016-17)"
Odisha,RAYAGADA,mango,11530.0,"Horticultural Statistics at a Glance 2018, table 7.5 (area 2016-17)"
Odisha,SAMBALPUR,mango,6260.0,"Horticultural Statistics at a Glance 2018, table 7.5 (area 2016-17)"
Odisha,SONEPUR,tomato,2810.0,"Horticultural Statistics at a Glance 2018, table 7.5 (area 2016-17)"
Odisha,SUNDARGARH,mango,8880.0,"Horticultural Statistics at a Glance 2018, table 7.5 (area 2016-17)"
Odisha,SUNDARGARH,tomato,2980.0,"Horticultural Statistics at a Glance 2018, table 7.5 (area 2016-17)"
Tamil Nadu,COIMBATORE,papaya,80.0,"Horticultural Statistics at a Glance 2018, table 7.5 (area 2016-17)"
Tamil Nadu,COIMBATORE,tomato,2150.0,"Horticultural Statistics at a Glance 2018, table 7.5 (area 2016-17)"
Tamil Nadu,DHARMAPURI,mango,18030.0,"Horticultural Statistics at a Glance 2018, table 7.5 (area 2016-17)"
Tamil Nadu,DHARMAPURI,papaya,310.0,"Horticultural Statistics at a Glance 2018, table 7.5 (area 2016-17)"
Tamil Nadu,DHARMAPURI,tomato,7040.0,"Horticultural Statistics at a Glance 2018, table 7.5 (area 2016-17)"
Tamil Nadu,DINDIGUL,mango,37960.0,"Horticultural Statistics at a Glance 2018, table 7.5 (area 2016-17)"
Tamil Nadu,DINDIGUL,papaya,170.0,"Horticultural Statistics at a Glance 2018, table 7.5 (area 2016-17)"
Tamil Nadu,DINDIGUL,sapota,3700.0,"Horticultural Statistics at a Glance 2018, table 7.5 (area 2016-17)"
Tamil Nadu,ERODE,papaya,220.0,"Horticultural Statistics at a Glance 2018, table 7.5 (area 2016-17)"
Tamil Nadu,KRISHNAGIRI,mango,35490.0,"Horticultural Statistics at a Glance 2018, table 7.5 (area 2016-17)"
Tamil Nadu,KRISHNAGIRI,tomato,5730.0,"Horticultural Statistics at a Glance 2018, table 7.5 (area 2016-17)"
Tamil Nadu,MADURAI,sapota,290.0,"Horticultural Statistics at a Glance 2018, table 7.5 (area 2016-17)"
Tamil Nadu,SALEM,papaya,140.0,"Horticultural Statistics at a Glance 2018, table 7.5 (area 2016-17)"
Tamil Nadu,SALEM,sapota,270.0,"Horticultural Statistics at a Glance 2018, table 7.5 (area 2016-17)"
Tamil Nadu,SALEM,tomato,2870.0,"Horticultural Statistics at a Glance 2018, table 7.5 (area 2016-17)"
Tamil Nadu,THIRUVALLUR,mango,10600.0,"Horticultural Statistics at a Glance 2018, table 7.5 (area 2016-17)"
Tamil Nadu,TIRUNELVELI,sapota,380.0,"Horticultural Statistics at a Glance 2018, table 7.5 (area 2016-17)"
Tamil Nadu,TIRUPPUR,papaya,110.0,"Horticultural Statistics at a Glance 2018, table 7.5 (area 2016-17)"
Tamil Nadu,TIRUVANNAMALAI,papaya,90.0,"Horticultural Statistics at a Glance 2018, table 7.5 (area 2016-17)"
Tamil Nadu,VELLORE,mango,15810.0,"Horticultural Statistics at a Glance 2018, table 7.5 (area 2016-17)"
Tamil Nadu,VELLORE,papaya,180.0,"Horticultural Statistics at a Glance 2018, table 7.5 (area 2016-17)"
Tamil Nadu,VELLORE,sapota,550.0,"Horticultural Statistics at a Glance 2018, table 7.5 (area 2016-17)"
Tamil Nadu,VIRUDHUNAGAR,sapota,390.0,"Horticultural Statistics at a Glance 2018, table 7.5 (area 2016-17)"
Telangana,ADILABAD,mango,25230.0,"Horticultural Statistics at a Glance 2018, table 7.5 (area 2016-17)"
Telangana,ADILABAD,tomato,3270.0,"Horticultural Statistics at a Glance 2018, table 7.5 (area 2016-17)"
Telangana,KARIMNAGAR,mango,31500.0,"Horticultural Statistics at a Glance 2018, table 7.5 (area 2016-17)"
Telangana,KHAMMAM,mango,29430.0,"Horticultural Statistics at a Glance 2018, table 7.5 (area 2016-17)"
Telangana,MAHBUBNAGAR,mango,32910.0,"Horticultural Statistics at a Glance 2018, table 7.5 (area 2016-17)"
Telangana,MAHBUBNAGAR,tomato,1640.0,"Horticultural Statistics at a Glance 2018, table 7.5 (area 2016-17)"
Telangana,MEDAK,tomato,1200.0,"Horticultural Statistics at a Glance 2018, table 7.5 (area 2016-17)"
Telangana,NALGONDA,tomato,1120.0,"Horticultural Statistics at a Glance 2018, table 7.5 (area 2016-17)"
Telangana,NIZAMABAD,tomato,1590.0,"Horticultural Statistics at a Glance 2018, table 7.5 (area 2016-17)"
Telangana,RANGAREDDI,tomato,5900.0,"Horticultural Statistics at a Glance 2018, table 7.5 (area 2016-17)"
Telangana,WARANGAL,mango,25720.0,"Horticultural Statistics at a Glance 2018, table 7.5 (area 2016-17)"
Uttar Pradesh,AGRA,tomato,1270.0,"Horticultural Statistics at a Glance 2018, table 7.5 (area 2016-17)"
Uttar Pradesh,ALIGARH,mango,4940.0,"Horticultural Statistics at a Glance 2018, table 7.5 (area 2016-17)"
Uttar Pradesh,ALIGARH,tomato,750.0,"Horticultural Statistics at a Glance 2018, table 7.5 (area 2016-17)"
Uttar Pradesh,AMBEDKAR NAGAR,mango,5040.0,"Horticultural Statistics at a Glance 2018, table 7.5 (area 2016-17)"
Uttar Pradesh,AMETHI,tomato,360.0,"Horticultural Statistics at a Glance 2018, table 7.5 (area 2016-17)"
Uttar Pradesh,AMROHA,mango,9300.0,"Horticultural Statistics at a Glance 2018, table 7.5 (area 2016-17)"
Uttar Pradesh,BARABANKI,tomato,1030.0,"Horticultural Statistics at a Glance 2018, table 7.5 (area 2016-17)"
Uttar Pradesh,BIJNOR,mango,5910.0,"Horticultural Statistics at a Glance 2018, table 7.5 (area 2016-17)"
Uttar Pradesh,BULANDSHAHR,mango,15320.0,"Horticultural Statistics at a Glance 2018, table 7.5 (area 2016-17)"
Uttar Pradesh,ETAH,tomato,1690.0,"Horticultural Statistics at a Glance 2018, table 7.5 (area 2016-17)"
Uttar Pradesh,FAIZABAD,mango,7650.0,"Horticultural Statistics at a Glance 2018, table 7.5 (area 2016-17)"
Uttar Pradesh,FAIZABAD,tomato,680.0,"Horticultural Statistics at a Glance 2018, table 7.5 (area 2016-17)"
Uttar Pradesh,FATEHPUR,tomato,440.0,"Horticultural Statistics at a Glance 2018, table 7.5 (area 2016-17)"
Uttar Pradesh,HAMIRPUR,tomato,290.0,"Horticultural Statistics at a Glance 2018, table 7.5 (area 2016-17)"
Uttar Pradesh,HARDOI,mango,5640.0,"Horticultural Statistics at a Glance 2018, table 7.5 (area 2016-17)"
Uttar Pradesh,JALAUN,tomato,940.0,"Horticultural Statistics at a Glance 2018, table 7.5 (area 2016-17)"
Uttar Pradesh,KANNAUJ,tomato,680.0,"Horticultural Statistics at a Glance 2018, table 7.5 (area 2016-17)"
Uttar Pradesh,KANPUR DEHAT,tomato,440.0,"Horticultural Statistics at a Glance 2018, table 7.5 (area 2016-17)"
Uttar Pradesh,KANPUR NAGAR,tomato,550.0,"Horticultural Statistics at a Glance 2018, table 7.5 (area 2016-17)"
Uttar Pradesh,KASGANJ,mango,5230.0,"Horticultural Statistics at a Glance 2018, table 7.5 (area 2016-17)"
Uttar Pradesh,KASGANJ,tomato,350.0,"Horticultural Statistics at a Glance 2018, table 7.5 (area 2016-17)"
Uttar Pradesh,KHERI,mango,4260.0,"Horticultural Statistics at a Glance 2018, table 7.5 (area 2016-17)"
Uttar Pradesh,LUCKNOW,mango,29660.0,"Horticultural Statistics at a Glance 2018, table 7.5 (area 2016-17)"
Uttar Pradesh,LUCKNOW,tomato,410.0,"Horticultural Statistics at a Glance 2018, table 7.5 (area 2016-17)"
Uttar Pradesh,MAINPURI,tomato,1710.0,"Horticultural Statistics at a Glance 2018, table 7.5 (area 2016-17)"
Uttar Pradesh,MATHURA,tomato,400.0,"Horticultural Statistics at a Glance 2018, table 7.5 (area 2016-17)"
Uttar Pradesh,MEERUT,mango,8060.000000000001,"Horticultural Statistics at a Glance 2018, table 7.5 (area 2016-17)"
Uttar Pradesh,MIRZAPUR,tomato,440.0,"Horticultural Statistics at a Glance 2018, table 7.5 (area 2016-17)"
Uttar Pradesh,MUZAFFARNAGAR,mango,5210.0,"Horticultural Statistics at a Glance 2018, table 7.5 (area 2016-17)"
Uttar Pradesh,SAHARANPUR,mango,29740.0,"Horticultural Statistics at a Glance 2018, table 7.5 (area 2016-17)"
Uttar Pradesh,SITAPUR,mango,15990.0,"Horticultural Statistics at a Glance 2018, table 7.5 (area 2016-17)"
Uttar Pradesh,SONBHADRA,tomato,490.0,"Horticultural Statistics at a Glance 2018, table 7.5 (area 2016-17)"
Uttar Pradesh,SULTANPUR,mango,9300.0,"Horticultural Statistics at a Glance 2018, table 7.5 (area 2016-17)"
Uttar Pradesh,UNNAO,mango,17100.0,"Horticultural Statistics at a Glance 2018, table 7.5 (area 2016-17)"
Uttar Pradesh,UNNAO,tomato,1040.0,"Horticultural Statistics at a Glance 2018, table 7.5 (area 2016-17)"
West Bengal,COOCHBEHAR,tomato,3320.0,"Horticultural Statistics at a Glance 2018, table 7.5 (area 2016-17)"
West Bengal,MEDINIPUR WEST,tomato,4210.0,"Horticultural Statistics at a Glance 2018, table 7.5 (area 2016-17)"
West Bengal,MURSHIDABAD,tomato,4880.0,"Horticultural Statistics at a Glance 2018, table 7.5 (area 2016-17)"
West Bengal,NADIA,tomato,4820.0,"Horticultural Statistics at a Glance 2018, table 7.5 (area 2016-17)"
West Bengal,PURULIA,tomato,5550.0,"Horticultural Statistics at a Glance 2018, table 7.5 (area 2016-17)"
