Year,District,Crop,Season,Area_ha
2022-23,BAGALKOT,bajra,Kharif,14759.0
2022-23,BAGALKOT,black gram,Kharif,3015.0
2022-23,BAGALKOT,castor,Kharif,16.0
2022-23,BAGALKOT,chickpea,Rabi,57148.0
2022-23,BAGALKOT,chilli,Kharif,7151.0
2022-23,BAGALKOT,chilli,Rabi,603.0
2022-23,BAGALKOT,chilli,Summer,19.0
2022-23,BAGALKOT,cotton,Kharif,2588.0
2022-23,BAGALKOT,cotton,Rabi,213.0
2022-23,BAGALKOT,cowpea,Kharif,134.0
2022-23,BAGALKOT,cowpea,Rabi,642.0
2022-23,BAGALKOT,cowpea,Summer,142.0
2022-23,BAGALKOT,field bean (avare),Kharif,83.0
2022-23,BAGALKOT,field bean (avare),Rabi,34.0
2022-23,BAGALKOT,green gram,Kharif,19901.0
2022-23,BAGALKOT,groundnut,Kharif,666.0
2022-23,BAGALKOT,groundnut,Rabi,24042.0
2022-23,BAGALKOT,horse gram,Kharif,1038.0
2022-23,BAGALKOT,horse gram,Rabi,725.0
2022-23,BAGALKOT,jowar,Kharif,788.0
2022-23,BAGALKOT,jowar,Rabi,39320.0
2022-23,BAGALKOT,linseed,Rabi,5.0
2022-23,BAGALKOT,maize,Kharif,59639.0
2022-23,BAGALKOT,maize,Rabi,15037.0
2022-23,BAGALKOT,maize,Summer,5227.0
2022-23,BAGALKOT,niger seed,Kharif,2.0
2022-23,BAGALKOT,onion,Kharif,26673.0
2022-23,BAGALKOT,onion,Rabi,853.0
2022-23,BAGALKOT,onion,Summer,361.0
2022-23,BAGALKOT,pigeonpea (tur),Kharif,37495.0
2022-23,BAGALKOT,potato,Rabi,15.0
2022-23,BAGALKOT,ragi,Kharif,12.0
2022-23,BAGALKOT,rice,Kharif,24.0
2022-23,BAGALKOT,safflower,Rabi,606.0
2022-23,BAGALKOT,sesame,Kharif,565.0
2022-23,BAGALKOT,soybean,Kharif,2811.0
2022-23,BAGALKOT,sunflower,Kharif,29541.0
2022-23,BAGALKOT,sunflower,Rabi,1812.0
2022-23,BAGALKOT,sunflower,Summer,537.0
2022-23,BAGALKOT,tobacco,Kharif,2.0
2022-23,BAGALKOT,tomato,Kharif,168.0
2022-23,BAGALKOT,tomato,Rabi,181.0
2022-23,BAGALKOT,tomato,Summer,61.0
2022-23,BAGALKOT,wheat,Rabi,22430.0
2022-23,BANGALORE RURAL,bajra,Kharif,11.0
2022-23,BANGALORE RURAL,black gram,Kharif,2.0
2022-23,BANGALORE RURAL,black gram,Rabi,1.0
2022-23,BANGALORE RURAL,castor,Kharif,3.0
2022-23,BANGALORE RURAL,chickpea,Rabi,86.0
2022-23,BANGALORE RURAL,chilli,Kharif,4.0
2022-23,BANGALORE RURAL,chilli,Rabi,2.0
2022-23,BANGALORE RURAL,cotton,Kharif,2.0
2022-23,BANGALORE RURAL,cowpea,Kharif,40.0
2022-23,BANGALORE RURAL,cowpea,Rabi,5.0
2022-23,BANGALORE RURAL,cowpea,Summer,1.0
2022-23,BANGALORE RURAL,field bean (avare),Kharif,308.0
2022-23,BANGALORE RURAL,field bean (avare),Rabi,134.0
2022-23,BANGALORE RURAL,green gram,Kharif,17.0
2022-23,BANGALORE RURAL,groundnut,Kharif,108.0
2022-23,BANGALORE RURAL,groundnut,Rabi,8.0
2022-23,BANGALORE RURAL,horse gram,Kharif,271.0
2022-23,BANGALORE RURAL,horse gram,Rabi,55.0
2022-23,BANGALORE RURAL,jowar,Kharif,1874.0
2022-23,BANGALORE RURAL,jowar,Rabi,189.0
2022-23,BANGALORE RURAL,jowar,Summer,34.0
2022-23,BANGALORE RURAL,linseed,Rabi,12.0
2022-23,BANGALORE RURAL,maize,Kharif,4888.0
2022-23,BANGALORE RURAL,maize,Rabi,176.0
2022-23,BANGALORE RURAL,maize,Summer,130.0
2022-23,BANGALORE RURAL,mustard,Rabi,1.0
2022-23,BANGALORE RURAL,onion,Kharif,7.0
2022-23,BANGALORE RURAL,onion,Rabi,6.0
2022-23,BANGALORE RURAL,onion,Summer,1.0
2022-23,BANGALORE RURAL,pigeonpea (tur),Kharif,418.0
2022-23,BANGALORE RURAL,potato,Kharif,64.0
2022-23,BANGALORE RURAL,potato,Rabi,319.0
2022-23,BANGALORE RURAL,potato,Summer,2.0
2022-23,BANGALORE RURAL,ragi,Kharif,61437.0
2022-23,BANGALORE RURAL,ragi,Rabi,533.0
2022-23,BANGALORE RURAL,ragi,Summer,54.0
2022-23,BANGALORE RURAL,rice,Kharif,138.0
2022-23,BANGALORE RURAL,rice,Rabi,4.0
2022-23,BANGALORE RURAL,rice,Summer,53.0
2022-23,BANGALORE RURAL,safflower,Rabi,3.0
2022-23,BANGALORE RURAL,sesame,Kharif,4.0
2022-23,BANGALORE RURAL,soybean,Kharif,4.0
2022-23,BANGALORE RURAL,sunflower,Kharif,2.0
2022-23,BANGALORE RURAL,tomato,Kharif,824.0
2022-23,BANGALORE RURAL,tomato,Rabi,158.0
2022-23,BANGALORE RURAL,tomato,Summer,391.0
2022-23,BANGALORE RURAL,wheat,Rabi,1.0
2022-23,BELGAUM,bajra,Kharif,6393.0
2022-23,BELGAUM,bajra,Rabi,183.0
2022-23,BELGAUM,bajra,Summer,23.0
2022-23,BELGAUM,black gram,Kharif,11944.0
2022-23,BELGAUM,black gram,Rabi,295.0
2022-23,BELGAUM,castor,Kharif,1.0
2022-23,BELGAUM,chickpea,Rabi,107737.0
2022-23,BELGAUM,chilli,Kharif,1.0
2022-23,BELGAUM,chilli,Rabi,14.0
2022-23,BELGAUM,cotton,Kharif,31014.0
2022-23,BELGAUM,cotton,Rabi,1972.0
2022-23,BELGAUM,cowpea,Kharif,54.0
2022-23,BELGAUM,cowpea,Rabi,265.0
2022-23,BELGAUM,cowpea,Summer,70.0
2022-23,BELGAUM,field bean (avare),Kharif,215.0
2022-23,BELGAUM,field bean (avare),Rabi,356.0
2022-23,BELGAUM,green gram,Kharif,44522.0
2022-23,BELGAUM,green gram,Rabi,125.0
2022-23,BELGAUM,groundnut,Kharif,17095.0
2022-23,BELGAUM,groundnut,Rabi,6805.0
2022-23,BELGAUM,horse gram,Kharif,1775.0
2022-23,BELGAUM,horse gram,Rabi,632.0
2022-23,BELGAUM,jowar,Kharif,6256.0
2022-23,BELGAUM,jowar,Rabi,102390.0
2022-23,BELGAUM,jowar,Summer,850.0
2022-23,BELGAUM,maize,Kharif,112159.0
2022-23,BELGAUM,maize,Rabi,66038.0
2022-23,BELGAUM,maize,Summer,10540.0
2022-23,BELGAUM,mustard,Rabi,113.0
2022-23,BELGAUM,niger seed,Kharif,12.0
2022-23,BELGAUM,onion,Kharif,5048.0
2022-23,BELGAUM,onion,Rabi,541.0
2022-23,BELGAUM,onion,Summer,49.0
2022-23,BELGAUM,pigeonpea (tur),Kharif,11516.0
2022-23,BELGAUM,potato,Kharif,719.0
2022-23,BELGAUM,potato,Rabi,222.0
2022-23,BELGAUM,potato,Summer,13.0
2022-23,BELGAUM,ragi,Kharif,660.0
2022-23,BELGAUM,ragi,Rabi,90.0
2022-23,BELGAUM,ragi,Summer,12.0
2022-23,BELGAUM,rice,Kharif,52941.0
2022-23,BELGAUM,rice,Rabi,99.0
2022-23,BELGAUM,rice,Summer,102.0
2022-23,BELGAUM,safflower,Rabi,1207.0
2022-23,BELGAUM,sesame,Kharif,114.0
2022-23,BELGAUM,soybean,Kharif,98836.0
2022-23,BELGAUM,sunflower,Kharif,4158.0
2022-23,BELGAUM,sunflower,Rabi,12703.0
2022-23,BELGAUM,sunflower,Summer,150.0
2022-23,BELGAUM,tobacco,Kharif,5167.0
2022-23,BELGAUM,tomato,Kharif,935.0
2022-23,BELGAUM,tomato,Rabi,952.0
2022-23,BELGAUM,tomato,Summer,603.0
2022-23,BELGAUM,wheat,Rabi,48113.0
2022-23,BELLARY,bajra,Kharif,8985.0
2022-23,BELLARY,bajra,Rabi,755.0
2022-23,BELLARY,bajra,Summer,949.0
2022-23,BELLARY,black gram,Kharif,24.0
2022-23,BELLARY,black gram,Rabi,115.0
2022-23,BELLARY,castor,Kharif,287.0
2022-23,BELLARY,chickpea,Rabi,15584.0
2022-23,BELLARY,chilli,Kharif,46164.0
2022-23,BELLARY,chilli,Rabi,4043.0
2022-23,BELLARY,chilli,Summer,17.0
2022-23,BELLARY,cotton,Kharif,39778.0
2022-23,BELLARY,cotton,Rabi,3639.0
2022-23,BELLARY,cowpea,Kharif,42.0
2022-23,BELLARY,cowpea,Rabi,240.0
2022-23,BELLARY,cowpea,Summer,12.0
2022-23,BELLARY,field bean (avare),Kharif,197.0
2022-23,BELLARY,field bean (avare),Rabi,86.0
2022-23,BELLARY,green gram,Kharif,106.0
2022-23,BELLARY,green gram,Rabi,54.0
2022-23,BELLARY,groundnut,Kharif,32677.0
2022-23,BELLARY,groundnut,Rabi,21117.0
2022-23,BELLARY,horse gram,Kharif,410.0
2022-23,BELLARY,horse gram,Rabi,935.0
2022-23,BELLARY,jowar,Kharif,10051.0
2022-23,BELLARY,jowar,Rabi,23836.0
2022-23,BELLARY,jowar,Summer,304.0
2022-23,BELLARY,linseed,Rabi,3.0
2022-23,BELLARY,maize,Kharif,222214.0
2022-23,BELLARY,maize,Rabi,18872.0
2022-23,BELLARY,maize,Summer,1281.0
2022-23,BELLARY,niger seed,Kharif,19.0
2022-23,BELLARY,onion,Kharif,8139.0
2022-23,BELLARY,onion,Rabi,4595.0
2022-23,BELLARY,onion,Summer,228.0
2022-23,BELLARY,pigeonpea (tur),Kharif,9555.0
2022-23,BELLARY,potato,Kharif,4.0
2022-23,BELLARY,potato,Rabi,2.0
2022-23,BELLARY,potato,Summer,1.0
2022-23,BELLARY,ragi,Kharif,14903.0
2022-23,BELLARY,ragi,Rabi,31686.0
2022-23,BELLARY,ragi,Summer,1688.0
2022-23,BELLARY,rice,Kharif,101569.0
2022-23,BELLARY,rice,Rabi,9047.0
2022-23,BELLARY,rice,Summer,72190.0
2022-23,BELLARY,safflower,Rabi,56.0
2022-23,BELLARY,sesame,Kharif,180.0
2022-23,BELLARY,soybean,Kharif,162.0
2022-23,BELLARY,sunflower,Kharif,7622.0
2022-23,BELLARY,sunflower,Rabi,3742.0
2022-23,BELLARY,sunflower,Summer,26.0
2022-23,BELLARY,tobacco,Kharif,408.0
2022-23,BELLARY,tomato,Kharif,1440.0
2022-23,BELLARY,tomato,Rabi,808.0
2022-23,BELLARY,tomato,Summer,192.0
2022-23,BELLARY,wheat,Rabi,59.0
2022-23,BENGALURU URBAN,bajra,Kharif,11.0
2022-23,BENGALURU URBAN,bajra,Rabi,1.0
2022-23,BENGALURU URBAN,black gram,Kharif,1.0
2022-23,BENGALURU URBAN,castor,Kharif,1.0
2022-23,BENGALURU URBAN,chickpea,Rabi,6.0
2022-23,BENGALURU URBAN,chilli,Kharif,1.0
2022-23,BENGALURU URBAN,cotton,Kharif,2.0
2022-23,BENGALURU URBAN,cowpea,Kharif,29.0
2022-23,BENGALURU URBAN,cowpea,Rabi,1.0
2022-23,BENGALURU URBAN,field bean (avare),Kharif,539.0
2022-23,BENGALURU URBAN,field bean (avare),Rabi,6.0
2022-23,BENGALURU URBAN,green gram,Kharif,6.0
2022-23,BENGALURU URBAN,groundnut,Kharif,10.0
2022-23,BENGALURU URBAN,horse gram,Kharif,126.0
2022-23,BENGALURU URBAN,horse gram,Rabi,13.0
2022-23,BENGALURU URBAN,jowar,Kharif,727.0
2022-23,BENGALURU URBAN,jowar,Rabi,28.0
2022-23,BENGALURU URBAN,jowar,Summer,8.0
2022-23,BENGALURU URBAN,linseed,Rabi,5.0
2022-23,BENGALURU URBAN,maize,Kharif,716.0
2022-23,BENGALURU URBAN,maize,Rabi,31.0
2022-23,BENGALURU URBAN,maize,Summer,1.0
2022-23,BENGALURU URBAN,mustard,Rabi,1.0
2022-23,BENGALURU URBAN,niger seed,Kharif,28.0
2022-23,BENGALURU URBAN,onion,Kharif,15.0
2022-23,BENGALURU URBAN,pigeonpea (tur),Kharif,240.0
2022-23,BENGALURU URBAN,potato,Kharif,19.0
2022-23,BENGALURU URBAN,potato,Rabi,1.0
2022-23,BENGALURU URBAN,ragi,Kharif,15125.0
2022-23,BENGALURU URBAN,ragi,Rabi,437.0
2022-23,BENGALURU URBAN,rice,Kharif,161.0
2022-23,BENGALURU URBAN,safflower,Rabi,3.0
2022-23,BENGALURU URBAN,sesame,Kharif,3.0
2022-23,BENGALURU URBAN,soybean,Kharif,3.0
2022-23,BENGALURU URBAN,sunflower,Kharif,13.0
2022-23,BENGALURU URBAN,sunflower,Rabi,1.0
2022-23,BENGALURU URBAN,tobacco,Kharif,3.0
2022-23,BENGALURU URBAN,tomato,Kharif,391.0
2022-23,BENGALURU URBAN,tomato,Rabi,17.0
2022-23,BENGALURU URBAN,tomato,Summer,1.0
2022-23,BENGALURU URBAN,wheat,Rabi,9.0
2022-23,BIDAR,bajra,Kharif,5.0
2022-23,BIDAR,black gram,Kharif,8231.0
2022-23,BIDAR,black gram,Rabi,1.0
2022-23,BIDAR,chickpea,Rabi,84639.0
2022-23,BIDAR,cotton,Kharif,3615.0
2022-23,BIDAR,cowpea,Kharif,1.0
2022-23,BIDAR,cowpea,Summer,3.0
2022-23,BIDAR,field bean (avare),Kharif,7.0
2022-23,BIDAR,field bean (avare),Rabi,16.0
2022-23,BIDAR,green gram,Kharif,20553.0
2022-23,BIDAR,green gram,Rabi,2.0
2022-23,BIDAR,groundnut,Kharif,8.0
2022-23,BIDAR,groundnut,Rabi,228.0
2022-23,BIDAR,horse gram,Kharif,34.0
2022-23,BIDAR,horse gram,Rabi,7.0
2022-23,BIDAR,jowar,Kharif,164.0
2022-23,BIDAR,jowar,Rabi,35310.0
2022-23,BIDAR,jowar,Summer,443.0
2022-23,BIDAR,linseed,Rabi,2.0
2022-23,BIDAR,maize,Kharif,813.0
2022-23,BIDAR,maize,Rabi,156.0
2022-23,BIDAR,maize,Summer,138.0
2022-23,BIDAR,niger seed,Kharif,6.0
2022-23,BIDAR,onion,Kharif,17.0
2022-23,BIDAR,onion,Rabi,1268.0
2022-23,BIDAR,onion,Summer,518.0
2022-23,BIDAR,pigeonpea (tur),Kharif,113718.0
2022-23,BIDAR,potato,Kharif,4.0
2022-23,BIDAR,potato,Rabi,113.0
2022-23,BIDAR,ragi,Kharif,5.0
2022-23,BIDAR,rice,Kharif,853.0
2022-23,BIDAR,safflower,Rabi,25782.0
2022-23,BIDAR,sesame,Kharif,147.0
2022-23,BIDAR,soybean,Kharif,253670.0
2022-23,BIDAR,sunflower,Kharif,6.0
2022-23,BIDAR,sunflower,Rabi,207.0
2022-23,BIDAR,sunflower,Summer,33.0
2022-23,BIDAR,tomato,Kharif,414.0
2022-23,BIDAR,tomato,Rabi,606.0
2022-23,BIDAR,tomato,Summer,442.0
2022-23,BIDAR,wheat,Rabi,9779.0
2022-23,BIJAPUR,bajra,Kharif,19317.0
2022-23,BIJAPUR,bajra,Rabi,160.0
2022-23,BIJAPUR,black gram,Kharif,950.0
2022-23,BIJAPUR,black gram,Rabi,2.0
2022-23,BIJAPUR,castor,Kharif,6.0
2022-23,BIJAPUR,chickpea,Rabi,66164.0
2022-23,BIJAPUR,chilli,Kharif,5.0
2022-23,BIJAPUR,chilli,Summer,2.0
2022-23,BIJAPUR,cotton,Kharif,84768.0
2022-23,BIJAPUR,cotton,Rabi,2413.0
2022-23,BIJAPUR,cowpea,Kharif,39.0
2022-23,BIJAPUR,cowpea,Rabi,37.0
2022-23,BIJAPUR,cowpea,Summer,5.0
2022-23,BIJAPUR,field bean (avare),Kharif,173.0
2022-23,BIJAPUR,field bean (avare),Rabi,32.0
2022-23,BIJAPUR,green gram,Kharif,857.0
2022-23,BIJAPUR,green gram,Rabi,16.0
2022-23,BIJAPUR,groundnut,Kharif,3549.0
2022-23,BIJAPUR,groundnut,Rabi,7193.0
2022-23,BIJAPUR,horse gram,Kharif,243.0
2022-23,BIJAPUR,horse gram,Rabi,27.0
2022-23,BIJAPUR,jowar,Kharif,22.0
2022-23,BIJAPUR,jowar,Rabi,49529.0
2022-23,BIJAPUR,linseed,Rabi,21.0
2022-23,BIJAPUR,maize,Kharif,86285.0
2022-23,BIJAPUR,maize,Rabi,13622.0
2022-23,BIJAPUR,maize,Summer,5581.0
2022-23,BIJAPUR,mustard,Rabi,15.0
2022-23,BIJAPUR,niger seed,Kharif,25.0
2022-23,BIJAPUR,onion,Kharif,12298.0
2022-23,BIJAPUR,onion,Rabi,27110.0
2022-23,BIJAPUR,onion,Summer,3038.0
2022-23,BIJAPUR,pigeonpea (tur),Kharif,375180.0
2022-23,BIJAPUR,potato,Kharif,19.0
2022-23,BIJAPUR,potato,Rabi,17.0
2022-23,BIJAPUR,potato,Summer,1.0
2022-23,BIJAPUR,ragi,Kharif,50.0
2022-23,BIJAPUR,ragi,Rabi,65.0
2022-23,BIJAPUR,rice,Kharif,75.0
2022-23,BIJAPUR,rice,Rabi,33.0
2022-23,BIJAPUR,safflower,Rabi,4223.0
2022-23,BIJAPUR,sesame,Kharif,91.0
2022-23,BIJAPUR,soybean,Kharif,697.0
2022-23,BIJAPUR,sunflower,Kharif,40132.0
2022-23,BIJAPUR,sunflower,Rabi,1147.0
2022-23,BIJAPUR,sunflower,Summer,263.0
2022-23,BIJAPUR,tobacco,Kharif,10.0
2022-23,BIJAPUR,tomato,Kharif,407.0
2022-23,BIJAPUR,tomato,Rabi,184.0
2022-23,BIJAPUR,tomato,Summer,104.0
2022-23,BIJAPUR,wheat,Rabi,30214.0
2022-23,CHAMARAJANAGAR,bajra,Kharif,294.0
2022-23,CHAMARAJANAGAR,bajra,Rabi,3.0
2022-23,CHAMARAJANAGAR,black gram,Kharif,636.0
2022-23,CHAMARAJANAGAR,black gram,Rabi,57.0
2022-23,CHAMARAJANAGAR,castor,Kharif,65.0
2022-23,CHAMARAJANAGAR,chickpea,Rabi,1481.0
2022-23,CHAMARAJANAGAR,chilli,Kharif,5.0
2022-23,CHAMARAJANAGAR,chilli,Rabi,75.0
2022-23,CHAMARAJANAGAR,chilli,Summer,27.0
2022-23,CHAMARAJANAGAR,cotton,Kharif,8768.0
2022-23,CHAMARAJANAGAR,cotton,Rabi,55.0
2022-23,CHAMARAJANAGAR,cowpea,Kharif,466.0
2022-23,CHAMARAJANAGAR,cowpea,Rabi,573.0
2022-23,CHAMARAJANAGAR,cowpea,Summer,26.0
2022-23,CHAMARAJANAGAR,field bean (avare),Kharif,768.0
2022-23,CHAMARAJANAGAR,field bean (avare),Rabi,798.0
2022-23,CHAMARAJANAGAR,green gram,Kharif,473.0
2022-23,CHAMARAJANAGAR,green gram,Rabi,29.0
2022-23,CHAMARAJANAGAR,groundnut,Kharif,2051.0
2022-23,CHAMARAJANAGAR,groundnut,Rabi,109.0
2022-23,CHAMARAJANAGAR,horse gram,Kharif,4320.0
2022-23,CHAMARAJANAGAR,horse gram,Rabi,11675.0
2022-23,CHAMARAJANAGAR,jowar,Kharif,13235.0
2022-23,CHAMARAJANAGAR,jowar,Rabi,223.0
2022-23,CHAMARAJANAGAR,jowar,Summer,70.0
2022-23,CHAMARAJANAGAR,maize,Kharif,29901.0
2022-23,CHAMARAJANAGAR,maize,Rabi,8411.0
2022-23,CHAMARAJANAGAR,maize,Summer,8081.0
2022-23,CHAMARAJANAGAR,mustard,Rabi,2.0
2022-23,CHAMARAJANAGAR,niger seed,Kharif,3.0
2022-23,CHAMARAJANAGAR,onion,Kharif,923.0
2022-23,CHAMARAJANAGAR,onion,Rabi,873.0
2022-23,CHAMARAJANAGAR,onion,Summer,108.0
2022-23,CHAMARAJANAGAR,pigeonpea (tur),Kharif,190.0
2022-23,CHAMARAJANAGAR,potato,Kharif,1000.0
2022-23,CHAMARAJANAGAR,potato,Rabi,29.0
2022-23,CHAMARAJANAGAR,ragi,Kharif,4025.0
2022-23,CHAMARAJANAGAR,ragi,Rabi,43.0
2022-23,CHAMARAJANAGAR,ragi,Summer,69.0
2022-23,CHAMARAJANAGAR,rice,Kharif,8145.0
2022-23,CHAMARAJANAGAR,rice,Rabi,627.0
2022-23,CHAMARAJANAGAR,rice,Summer,1158.0
2022-23,CHAMARAJANAGAR,safflower,Rabi,13.0
2022-23,CHAMARAJANAGAR,sesame,Kharif,1127.0
2022-23,CHAMARAJANAGAR,soybean,Kharif,96.0
2022-23,CHAMARAJANAGAR,sunflower,Kharif,18607.0
2022-23,CHAMARAJANAGAR,sunflower,Rabi,412.0
2022-23,CHAMARAJANAGAR,sunflower,Summer,392.0
2022-23,CHAMARAJANAGAR,tobacco,Kharif,29.0
2022-23,CHAMARAJANAGAR,tomato,Kharif,2385.0
2022-23,CHAMARAJANAGAR,tomato,Rabi,739.0
2022-23,CHAMARAJANAGAR,tomato,Summer,344.0
2022-23,CHAMARAJANAGAR,wheat,Rabi,14.0
2022-23,CHIKBALLAPUR,bajra,Kharif,99.0
2022-23,CHIKBALLAPUR,bajra,Rabi,15.0
2022-23,CHIKBALLAPUR,bajra,Summer,2.0
2022-23,CHIKBALLAPUR,black gram,Kharif,35.0
2022-23,CHIKBALLAPUR,black gram,Rabi,19.0
2022-23,CHIKBALLAPUR,castor,Kharif,20.0
2022-23,CHIKBALLAPUR,chickpea,Rabi,274.0
2022-23,CHIKBALLAPUR,chilli,Rabi,3.0
2022-23,CHIKBALLAPUR,cotton,Kharif,99.0
2022-23,CHIKBALLAPUR,cotton,Rabi,409.0
2022-23,CHIKBALLAPUR,cowpea,Kharif,82.0
2022-23,CHIKBALLAPUR,cowpea,Rabi,44.0
2022-23,CHIKBALLAPUR,cowpea,Summer,22.0
2022-23,CHIKBALLAPUR,field bean (avare),Kharif,1014.0
2022-23,CHIKBALLAPUR,field bean (avare),Rabi,726.0
2022-23,CHIKBALLAPUR,green gram,Kharif,36.0
2022-23,CHIKBALLAPUR,green gram,Rabi,11.0
2022-23,CHIKBALLAPUR,groundnut,Kharif,15347.0
2022-23,CHIKBALLAPUR,groundnut,Rabi,2830.0
2022-23,CHIKBALLAPUR,horse gram,Kharif,623.0
2022-23,CHIKBALLAPUR,horse gram,Rabi,781.0
2022-23,CHIKBALLAPUR,jowar,Kharif,886.0
2022-23,CHIKBALLAPUR,jowar,Rabi,543.0
2022-23,CHIKBALLAPUR,jowar,Summer,348.0
2022-23,CHIKBALLAPUR,linseed,Rabi,48.0
2022-23,CHIKBALLAPUR,maize,Kharif,48152.0
2022-23,CHIKBALLAPUR,maize,Rabi,4226.0
2022-23,CHIKBALLAPUR,maize,Summer,3578.0
2022-23,CHIKBALLAPUR,mustard,Rabi,1.0
2022-23,CHIKBALLAPUR,niger seed,Kharif,5.0
2022-23,CHIKBALLAPUR,onion,Kharif,387.0
2022-23,CHIKBALLAPUR,onion,Rabi,1128.0
2022-23,CHIKBALLAPUR,onion,Summer,852.0
2022-23,CHIKBALLAPUR,pigeonpea (tur),Kharif,1357.0
2022-23,CHIKBALLAPUR,potato,Kharif,693.0
2022-23,CHIKBALLAPUR,potato,Rabi,3551.0
2022-23,CHIKBALLAPUR,potato,Summer,125.0
2022-23,CHIKBALLAPUR,ragi,Kharif,31860.0
2022-23,CHIKBALLAPUR,ragi,Rabi,1648.0
2022-23,CHIKBALLAPUR,ragi,Summer,830.0
2022-23,CHIKBALLAPUR,rice,Kharif,1465.0
2022-23,CHIKBALLAPUR,rice,Rabi,507.0
2022-23,CHIKBALLAPUR,rice,Summer,987.0
2022-23,CHIKBALLAPUR,safflower,Rabi,8.0
2022-23,CHIKBALLAPUR,sesame,Kharif,4.0
2022-23,CHIKBALLAPUR,soybean,Kharif,9.0
2022-23,CHIKBALLAPUR,sunflower,Kharif,138.0
2022-23,CHIKBALLAPUR,sunflower,Rabi,788.0
2022-23,CHIKBALLAPUR,sunflower,Summer,576.0
2022-23,CHIKBALLAPUR,tobacco,Kharif,4.0
2022-23,CHIKBALLAPUR,tomato,Kharif,7587.0
2022-23,CHIKBALLAPUR,tomato,Rabi,1669.0
2022-23,CHIKBALLAPUR,tomato,Summer,3370.0
2022-23,CHIKBALLAPUR,wheat,Rabi,2.0
2022-23,CHIKMAGALUR,bajra,Kharif,12.0
2022-23,CHIKMAGALUR,black gram,Kharif,81.0
2022-23,CHIKMAGALUR,castor,Kharif,4.0
2022-23,CHIKMAGALUR,chickpea,Rabi,5816.0
2022-23,CHIKMAGALUR,chilli,Kharif,64.0
2022-23,CHIKMAGALUR,chilli,Rabi,3.0
2022-23,CHIKMAGALUR,cotton,Kharif,3779.0
2022-23,CHIKMAGALUR,cotton,Rabi,45.0
2022-23,CHIKMAGALUR,cowpea,Kharif,610.0
2022-23,CHIKMAGALUR,cowpea,Rabi,97.0
2022-23,CHIKMAGALUR,cowpea,Summer,4.0
2022-23,CHIKMAGALUR,field bean (avare),Kharif,358.0
2022-23,CHIKMAGALUR,field bean (avare),Rabi,476.0
2022-23,CHIKMAGALUR,green gram,Kharif,7333.0
2022-23,CHIKMAGALUR,green gram,Rabi,4.0
2022-23,CHIKMAGALUR,groundnut,Kharif,2485.0
2022-23,CHIKMAGALUR,groundnut,Rabi,36.0
2022-23,CHIKMAGALUR,horse gram,Kharif,285.0
2022-23,CHIKMAGALUR,horse gram,Rabi,421.0
2022-23,CHIKMAGALUR,jowar,Kharif,1392.0
2022-23,CHIKMAGALUR,jowar,Rabi,2699.0
2022-23,CHIKMAGALUR,jowar,Summer,69.0
2022-23,CHIKMAGALUR,linseed,Rabi,2.0
2022-23,CHIKMAGALUR,maize,Kharif,6380.0
2022-23,CHIKMAGALUR,maize,Rabi,724.0
2022-23,CHIKMAGALUR,maize,Summer,74.0
2022-23,CHIKMAGALUR,onion,Kharif,9617.0
2022-23,CHIKMAGALUR,onion,Rabi,57.0
2022-23,CHIKMAGALUR,onion,Summer,1.0
2022-23,CHIKMAGALUR,pigeonpea (tur),Kharif,55.0
2022-23,CHIKMAGALUR,potato,Kharif,3188.0
2022-23,CHIKMAGALUR,potato,Rabi,158.0
2022-23,CHIKMAGALUR,ragi,Kharif,54494.0
2022-23,CHIKMAGALUR,ragi,Rabi,1401.0
2022-23,CHIKMAGALUR,ragi,Summer,62.0
2022-23,CHIKMAGALUR,rice,Kharif,8954.0
2022-23,CHIKMAGALUR,rice,Rabi,219.0
2022-23,CHIKMAGALUR,rice,Summer,331.0
2022-23,CHIKMAGALUR,safflower,Rabi,4.0
2022-23,CHIKMAGALUR,sesame,Kharif,899.0
2022-23,CHIKMAGALUR,soybean,Kharif,12.0
2022-23,CHIKMAGALUR,sunflower,Kharif,1883.0
2022-23,CHIKMAGALUR,tobacco,Kharif,6.0
2022-23,CHIKMAGALUR,tomato,Kharif,1180.0
2022-23,CHIKMAGALUR,tomato,Rabi,190.0
2022-23,CHIKMAGALUR,tomato,Summer,103.0
2022-23,CHIKMAGALUR,wheat,Rabi,1.0
2022-23,CHITRADURGA,bajra,Kharif,904.0
2022-23,CHITRADURGA,bajra,Rabi,59.0
2022-23,CHITRADURGA,bajra,Summer,2.0
2022-23,CHITRADURGA,black gram,Kharif,10.0
2022-23,CHITRADURGA,black gram,Rabi,7.0
2022-23,CHITRADURGA,castor,Kharif,548.0
2022-23,CHITRADURGA,chickpea,Rabi,30699.0
2022-23,CHITRADURGA,chilli,Kharif,805.0
2022-23,CHITRADURGA,chilli,Rabi,212.0
2022-23,CHITRADURGA,chilli,Summer,1.0
2022-23,CHITRADURGA,cotton,Kharif,21496.0
2022-23,CHITRADURGA,cotton,Rabi,2821.0
2022-23,CHITRADURGA,cowpea,Kharif,200.0
2022-23,CHITRADURGA,cowpea,Rabi,159.0
2022-23,CHITRADURGA,cowpea,Summer,1.0
2022-23,CHITRADURGA,field bean (avare),Kharif,336.0
2022-23,CHITRADURGA,field bean (avare),Rabi,815.0
2022-23,CHITRADURGA,green gram,Kharif,7043.0
2022-23,CHITRADURGA,green gram,Rabi,12.0
2022-23,CHITRADURGA,groundnut,Kharif,117215.0
2022-23,CHITRADURGA,groundnut,Rabi,9234.0
2022-23,CHITRADURGA,horse gram,Kharif,1687.0
2022-23,CHITRADURGA,horse gram,Rabi,574.0
2022-23,CHITRADURGA,jowar,Kharif,1933.0
2022-23,CHITRADURGA,jowar,Rabi,3682.0
2022-23,CHITRADURGA,jowar,Summer,402.0
2022-23,CHITRADURGA,linseed,Rabi,70.0
2022-23,CHITRADURGA,maize,Kharif,117158.0
2022-23,CHITRADURGA,maize,Rabi,22164.0
2022-23,CHITRADURGA,maize,Summer,6256.0
2022-23,CHITRADURGA,niger seed,Kharif,3.0
2022-23,CHITRADURGA,onion,Kharif,25598.0
2022-23,CHITRADURGA,onion,Rabi,6527.0
2022-23,CHITRADURGA,onion,Summer,97.0
2022-23,CHITRADURGA,pigeonpea (tur),Kharif,6815.0
2022-23,CHITRADURGA,potato,Kharif,1.0
2022-23,CHITRADURGA,potato,Rabi,12.0
2022-23,CHITRADURGA,ragi,Kharif,37350.0
2022-23,CHITRADURGA,ragi,Rabi,6021.0
2022-23,CHITRADURGA,ragi,Summer,1447.0
2022-23,CHITRADURGA,rice,Kharif,474.0
2022-23,CHITRADURGA,rice,Rabi,125.0
2022-23,CHITRADURGA,rice,Summer,135.0
2022-23,CHITRADURGA,safflower,Rabi,437.0
2022-23,CHITRADURGA,sesame,Kharif,50.0
2022-23,CHITRADURGA,soybean,Kharif,403.0
2022-23,CHITRADURGA,sunflower,Kharif,9186.0
2022-23,CHITRADURGA,sunflower,Rabi,448.0
2022-23,CHITRADURGA,sunflower,Summer,8.0
2022-23,CHITRADURGA,tobacco,Kharif,27.0
2022-23,CHITRADURGA,tomato,Kharif,3603.0
2022-23,CHITRADURGA,tomato,Rabi,1475.0
2022-23,CHITRADURGA,tomato,Summer,615.0
2022-23,CHITRADURGA,wheat,Rabi,64.0
2022-23,DAKSHIN KANNAD,cowpea,Kharif,1.0
2022-23,DAKSHIN KANNAD,cowpea,Rabi,1.0
2022-23,DAKSHIN KANNAD,cowpea,Summer,6.0
2022-23,DAKSHIN KANNAD,rice,Kharif,6186.0
2022-23,DAKSHIN KANNAD,rice,Rabi,1127.0
2022-23,DAKSHIN KANNAD,rice,Summer,9.0
2022-23,DAVANGERE,bajra,Kharif,179.0
2022-23,DAVANGERE,black gram,Kharif,5.0
2022-23,DAVANGERE,black gram,Rabi,2.0
2022-23,DAVANGERE,castor,Kharif,18.0
2022-23,DAVANGERE,chickpea,Rabi,6196.0
2022-23,DAVANGERE,chilli,Kharif,5.0
2022-23,DAVANGERE,cotton,Kharif,2113.0
2022-23,DAVANGERE,cotton,Rabi,155.0
2022-23,DAVANGERE,cowpea,Kharif,39.0
2022-23,DAVANGERE,cowpea,Rabi,887.0
2022-23,DAVANGERE,cowpea,Summer,57.0
2022-23,DAVANGERE,field bean (avare),Kharif,135.0
2022-23,DAVANGERE,field bean (avare),Rabi,232.0
2022-23,DAVANGERE,green gram,Kharif,41.0
2022-23,DAVANGERE,green gram,Rabi,18.0
2022-23,DAVANGERE,groundnut,Kharif,3193.0
2022-23,DAVANGERE,groundnut,Rabi,1094.0
2022-23,DAVANGERE,horse gram,Kharif,29.0
2022-23,DAVANGERE,horse gram,Rabi,386.0
2022-23,DAVANGERE,jowar,Kharif,273.0
2022-23,DAVANGERE,jowar,Rabi,3248.0
2022-23,DAVANGERE,jowar,Summer,81.0
2022-23,DAVANGERE,linseed,Rabi,14.0
2022-23,DAVANGERE,maize,Kharif,123767.0
2022-23,DAVANGERE,maize,Rabi,6779.0
2022-23,DAVANGERE,maize,Summer,1862.0
2022-23,DAVANGERE,onion,Kharif,3441.0
2022-23,DAVANGERE,onion,Rabi,1226.0
2022-23,DAVANGERE,onion,Summer,38.0
2022-23,DAVANGERE,pigeonpea (tur),Kharif,512.0
2022-23,DAVANGERE,potato,Kharif,7.0
2022-23,DAVANGERE,potato,Rabi,1.0
2022-23,DAVANGERE,potato,Summer,21.0
2022-23,DAVANGERE,ragi,Kharif,12026.0
2022-23,DAVANGERE,ragi,Rabi,11154.0
2022-23,DAVANGERE,ragi,Summer,549.0
2022-23,DAVANGERE,rice,Kharif,62378.0
2022-23,DAVANGERE,rice,Rabi,406.0
2022-23,DAVANGERE,rice,Summer,54027.0
2022-23,DAVANGERE,safflower,Rabi,65.0
2022-23,DAVANGERE,sesame,Kharif,44.0
2022-23,DAVANGERE,soybean,Kharif,190.0
2022-23,DAVANGERE,sunflower,Kharif,1463.0
2022-23,DAVANGERE,sunflower,Rabi,1132.0
2022-23,DAVANGERE,sunflower,Summer,34.0
2022-23,DAVANGERE,tobacco,Kharif,55.0
2022-23,DAVANGERE,tomato,Kharif,606.0
2022-23,DAVANGERE,tomato,Rabi,332.0
2022-23,DAVANGERE,tomato,Summer,170.0
2022-23,DAVANGERE,wheat,Rabi,126.0
2022-23,DHARWAD,bajra,Kharif,15.0
2022-23,DHARWAD,black gram,Kharif,11698.0
2022-23,DHARWAD,black gram,Rabi,56.0
2022-23,DHARWAD,castor,Kharif,1.0
2022-23,DHARWAD,chickpea,Rabi,141619.0
2022-23,DHARWAD,chilli,Kharif,19138.0
2022-23,DHARWAD,chilli,Rabi,55.0
2022-23,DHARWAD,cotton,Kharif,47796.0
2022-23,DHARWAD,cotton,Rabi,2239.0
2022-23,DHARWAD,cowpea,Kharif,13.0
2022-23,DHARWAD,cowpea,Rabi,83.0
2022-23,DHARWAD,field bean (avare),Kharif,32.0
2022-23,DHARWAD,field bean (avare),Rabi,25.0
2022-23,DHARWAD,green gram,Kharif,102121.0
2022-23,DHARWAD,green gram,Rabi,5210.0
2022-23,DHARWAD,groundnut,Kharif,18759.0
2022-23,DHARWAD,groundnut,Rabi,233.0
2022-23,DHARWAD,horse gram,Kharif,36.0
2022-23,DHARWAD,horse gram,Rabi,2873.0
2022-23,DHARWAD,jowar,Kharif,111.0
2022-23,DHARWAD,jowar,Rabi,28372.0
2022-23,DHARWAD,maize,Kharif,48724.0
2022-23,DHARWAD,maize,Rabi,10484.0
2022-23,DHARWAD,maize,Summer,893.0
2022-23,DHARWAD,niger seed,Kharif,1.0
2022-23,DHARWAD,onion,Kharif,5603.0
2022-23,DHARWAD,onion,Rabi,62.0
2022-23,DHARWAD,onion,Summer,1.0
2022-23,DHARWAD,pigeonpea (tur),Kharif,70.0
2022-23,DHARWAD,potato,Kharif,150.0
2022-23,DHARWAD,potato,Rabi,1.0
2022-23,DHARWAD,ragi,Kharif,17.0
2022-23,DHARWAD,ragi,Rabi,4.0
2022-23,DHARWAD,rice,Kharif,8986.0
2022-23,DHARWAD,rice,Rabi,15.0
2022-23,DHARWAD,rice,Summer,74.0
2022-23,DHARWAD,safflower,Rabi,4202.0
2022-23,DHARWAD,sesame,Kharif,3.0
2022-23,DHARWAD,soybean,Kharif,43493.0
2022-23,DHARWAD,sunflower,Kharif,12.0
2022-23,DHARWAD,sunflower,Rabi,5754.0
2022-23,DHARWAD,tomato,Kharif,207.0
2022-23,DHARWAD,tomato,Rabi,131.0
2022-23,DHARWAD,tomato,Summer,41.0
2022-23,DHARWAD,wheat,Rabi,13050.0
2022-23,GADAG,bajra,Kharif,434.0
2022-23,GADAG,bajra,Rabi,235.0
2022-23,GADAG,black gram,Kharif,272.0
2022-23,GADAG,black gram,Rabi,25.0
2022-23,GADAG,castor,Kharif,5.0
2022-23,GADAG,chickpea,Rabi,153989.0
2022-23,GADAG,chilli,Kharif,28776.0
2022-23,GADAG,chilli,Rabi,373.0
2022-23,GADAG,cotton,Kharif,20400.0
2022-23,GADAG,cotton,Rabi,2711.0
2022-23,GADAG,cowpea,Kharif,390.0
2022-23,GADAG,cowpea,Rabi,3439.0
2022-23,GADAG,cowpea,Summer,823.0
2022-23,GADAG,field bean (avare),Kharif,45.0
2022-23,GADAG,field bean (avare),Rabi,39.0
2022-23,GADAG,green gram,Kharif,130105.0
2022-23,GADAG,green gram,Rabi,4.0
2022-23,GADAG,groundnut,Kharif,17706.0
2022-23,GADAG,groundnut,Rabi,14993.0
2022-23,GADAG,horse gram,Kharif,75.0
2022-23,GADAG,horse gram,Rabi,833.0
2022-23,GADAG,jowar,Kharif,130.0
2022-23,GADAG,jowar,Rabi,26034.0
2022-23,GADAG,jowar,Summer,1.0
2022-23,GADAG,linseed,Rabi,2.0
2022-23,GADAG,maize,Kharif,112055.0
2022-23,GADAG,maize,Rabi,12511.0
2022-23,GADAG,maize,Summer,307.0
2022-23,GADAG,niger seed,Kharif,2.0
2022-23,GADAG,onion,Kharif,32733.0
2022-23,GADAG,onion,Rabi,324.0
2022-23,GADAG,onion,Summer,108.0
2022-23,GADAG,pigeonpea (tur),Kharif,196.0
2022-23,GADAG,potato,Kharif,4.0
2022-23,GADAG,potato,Rabi,16.0
2022-23,GADAG,ragi,Kharif,18.0
2022-23,GADAG,ragi,Rabi,22.0
2022-23,GADAG,rice,Kharif,3016.0
2022-23,GADAG,rice,Rabi,2136.0
2022-23,GADAG,rice,Summer,2674.0
2022-23,GADAG,safflower,Rabi,7624.0
2022-23,GADAG,sesame,Kharif,38.0
2022-23,GADAG,soybean,Kharif,1354.0
2022-23,GADAG,sunflower,Kharif,11054.0
2022-23,GADAG,sunflower,Rabi,15866.0
2022-23,GADAG,sunflower,Summer,290.0
2022-23,GADAG,tobacco,Kharif,2.0
2022-23,GADAG,tomato,Kharif,92.0
2022-23,GADAG,tomato,Rabi,133.0
2022-23,GADAG,tomato,Summer,102.0
2022-23,GADAG,wheat,Rabi,15762.0
2022-23,GULBARGA,bajra,Kharif,266.0
2022-23,GULBARGA,bajra,Rabi,43.0
2022-23,GULBARGA,bajra,Summer,24.0
2022-23,GULBARGA,black gram,Kharif,22193.0
2022-23,GULBARGA,black gram,Rabi,7.0
2022-23,GULBARGA,castor,Kharif,2.0
2022-23,GULBARGA,chickpea,Rabi,40369.0
2022-23,GULBARGA,chilli,Kharif,8.0
2022-23,GULBARGA,chilli,Rabi,52.0
2022-23,GULBARGA,chilli,Summer,3.0
2022-23,GULBARGA,cotton,Kharif,135338.0
2022-23,GULBARGA,cotton,Rabi,1737.0
2022-23,GULBARGA,cowpea,Kharif,19.0
2022-23,GULBARGA,cowpea,Rabi,39.0
2022-23,GULBARGA,field bean (avare),Kharif,87.0
2022-23,GULBARGA,field bean (avare),Rabi,15.0
2022-23,GULBARGA,green gram,Kharif,50529.0
2022-23,GULBARGA,green gram,Rabi,61.0
2022-23,GULBARGA,groundnut,Kharif,302.0
2022-23,GULBARGA,groundnut,Rabi,4846.0
2022-23,GULBARGA,horse gram,Kharif,72.0
2022-23,GULBARGA,horse gram,Rabi,17.0
2022-23,GULBARGA,jowar,Kharif,147.0
2022-23,GULBARGA,jowar,Rabi,58085.0
2022-23,GULBARGA,jowar,Summer,377.0
2022-23,GULBARGA,linseed,Rabi,4.0
2022-23,GULBARGA,maize,Kharif,1387.0
2022-23,GULBARGA,maize,Rabi,489.0
2022-23,GULBARGA,maize,Summer,76.0
2022-23,GULBARGA,mustard,Rabi,2.0
2022-23,GULBARGA,niger seed,Kharif,5.0
2022-23,GULBARGA,onion,Kharif,598.0
2022-23,GULBARGA,onion,Rabi,2236.0
2022-23,GULBARGA,onion,Summer,122.0
2022-23,GULBARGA,pigeonpea (tur),Kharif,486238.0
2022-23,GULBARGA,potato,Kharif,6.0
2022-23,GULBARGA,potato,Rabi,63.0
2022-23,GULBARGA,ragi,Kharif,41.0
2022-23,GULBARGA,ragi,Rabi,55.0
2022-23,GULBARGA,ragi,Summer,1.0
2022-23,GULBARGA,rice,Kharif,8006.0
2022-23,GULBARGA,rice,Rabi,1207.0
2022-23,GULBARGA,rice,Summer,1695.0
2022-23,GULBARGA,safflower,Rabi,17427.0
2022-23,GULBARGA,sesame,Kharif,420.0
2022-23,GULBARGA,soybean,Kharif,51180.0
2022-23,GULBARGA,sunflower,Kharif,5267.0
2022-23,GULBARGA,sunflower,Rabi,223.0
2022-23,GULBARGA,sunflower,Summer,15.0
2022-23,GULBARGA,tomato,Kharif,342.0
2022-23,GULBARGA,tomato,Rabi,181.0
2022-23,GULBARGA,tomato,Summer,43.0
2022-23,GULBARGA,wheat,Rabi,7282.0
2022-23,HASSAN,bajra,Kharif,8.0
2022-23,HASSAN,bajra,Rabi,6.0
2022-23,HASSAN,black gram,Kharif,570.0
2022-23,HASSAN,castor,Kharif,39.0
2022-23,HASSAN,chickpea,Rabi,1176.0
2022-23,HASSAN,chilli,Kharif,7.0
2022-23,HASSAN,chilli,Rabi,3.0
2022-23,HASSAN,cotton,Kharif,1569.0
2022-23,HASSAN,cotton,Rabi,22.0
2022-23,HASSAN,cowpea,Kharif,7628.0
2022-23,HASSAN,cowpea,Rabi,2327.0
2022-23,HASSAN,field bean (avare),Kharif,353.0
2022-23,HASSAN,field bean (avare),Rabi,548.0
2022-23,HASSAN,green gram,Kharif,13637.0
2022-23,HASSAN,green gram,Rabi,8.0
2022-23,HASSAN,groundnut,Kharif,218.0
2022-23,HASSAN,groundnut,Rabi,51.0
2022-23,HASSAN,horse gram,Kharif,530.0
2022-23,HASSAN,horse gram,Rabi,979.0
2022-23,HASSAN,jowar,Kharif,3738.0
2022-23,HASSAN,jowar,Rabi,1256.0
2022-23,HASSAN,jowar,Summer,117.0
2022-23,HASSAN,maize,Kharif,106933.0
2022-23,HASSAN,maize,Rabi,9436.0
2022-23,HASSAN,maize,Summer,1198.0
2022-23,HASSAN,onion,Kharif,166.0
2022-23,HASSAN,onion,Rabi,22.0
2022-23,HASSAN,pigeonpea (tur),Kharif,227.0
2022-23,HASSAN,potato,Kharif,6906.0
2022-23,HASSAN,potato,Rabi,453.0
2022-23,HASSAN,potato,Summer,12.0
2022-23,HASSAN,ragi,Kharif,99098.0
2022-23,HASSAN,ragi,Rabi,11149.0
2022-23,HASSAN,ragi,Summer,172.0
2022-23,HASSAN,rice,Kharif,32308.0
2022-23,HASSAN,rice,Rabi,733.0
2022-23,HASSAN,rice,Summer,154.0
2022-23,HASSAN,safflower,Rabi,2.0
2022-23,HASSAN,sesame,Kharif,1951.0
2022-23,HASSAN,soybean,Kharif,12.0
2022-23,HASSAN,sunflower,Kharif,2331.0
2022-23,HASSAN,sunflower,Rabi,3.0
2022-23,HASSAN,tobacco,Kharif,6657.0
2022-23,HASSAN,tomato,Kharif,972.0
2022-23,HASSAN,tomato,Rabi,116.0
2022-23,HASSAN,tomato,Summer,5.0
2022-23,HASSAN,wheat,Rabi,15.0
2022-23,HAVERI,bajra,Kharif,9.0
2022-23,HAVERI,bajra,Rabi,9.0
2022-23,HAVERI,bajra,Summer,4.0
2022-23,HAVERI,black gram,Kharif,63.0
2022-23,HAVERI,black gram,Rabi,100.0
2022-23,HAVERI,castor,Kharif,2.0
2022-23,HAVERI,chickpea,Rabi,3940.0
2022-23,HAVERI,chilli,Kharif,485.0
2022-23,HAVERI,cotton,Kharif,29698.0
2022-23,HAVERI,cotton,Rabi,447.0
2022-23,HAVERI,cowpea,Kharif,42.0
2022-23,HAVERI,cowpea,Rabi,2349.0
2022-23,HAVERI,cowpea,Summer,71.0
2022-23,HAVERI,field bean (avare),Kharif,104.0
2022-23,HAVERI,field bean (avare),Rabi,163.0
2022-23,HAVERI,green gram,Kharif,526.0
2022-23,HAVERI,green gram,Rabi,3304.0
2022-23,HAVERI,groundnut,Kharif,8428.0
2022-23,HAVERI,groundnut,Rabi,3230.0
2022-23,HAVERI,horse gram,Kharif,15.0
2022-23,HAVERI,horse gram,Rabi,7229.0
2022-23,HAVERI,jowar,Kharif,81.0
2022-23,HAVERI,jowar,Rabi,50894.0
2022-23,HAVERI,jowar,Summer,343.0
2022-23,HAVERI,linseed,Rabi,3.0
2022-23,HAVERI,maize,Kharif,241207.0
2022-23,HAVERI,maize,Rabi,74311.0
2022-23,HAVERI,maize,Summer,11035.0
2022-23,HAVERI,niger seed,Kharif,5.0
2022-23,HAVERI,onion,Kharif,1132.0
2022-23,HAVERI,onion,Rabi,119.0
2022-23,HAVERI,onion,Summer,15.0
2022-23,HAVERI,pigeonpea (tur),Kharif,107.0
2022-23,HAVERI,potato,Kharif,7.0
2022-23,HAVERI,potato,Rabi,4.0
2022-23,HAVERI,potato,Summer,1.0
2022-23,HAVERI,ragi,Kharif,46.0
2022-23,HAVERI,ragi,Rabi,71.0
2022-23,HAVERI,ragi,Summer,37.0
2022-23,HAVERI,rice,Kharif,28438.0
2022-23,HAVERI,rice,Rabi,271.0
2022-23,HAVERI,rice,Summer,10221.0
2022-23,HAVERI,safflower,Rabi,509.0
2022-23,HAVERI,sesame,Kharif,15.0
2022-23,HAVERI,soybean,Kharif,15549.0
2022-23,HAVERI,sunflower,Kharif,17.0
2022-23,HAVERI,sunflower,Rabi,11101.0
2022-23,HAVERI,sunflower,Summer,181.0
2022-23,HAVERI,tobacco,Kharif,2.0
2022-23,HAVERI,tomato,Kharif,1153.0
2022-23,HAVERI,tomato,Rabi,1441.0
2022-23,HAVERI,tomato,Summer,346.0
2022-23,HAVERI,wheat,Rabi,217.0
2022-23,KODAGU,field bean (avare),Kharif,1.0
2022-23,KODAGU,jowar,Kharif,176.0
2022-23,KODAGU,maize,Kharif,1892.0
2022-23,KODAGU,ragi,Kharif,1.0
2022-23,KODAGU,rice,Kharif,13439.0
2022-23,KODAGU,rice,Rabi,1.0
2022-23,KODAGU,rice,Summer,7.0
2022-23,KOLAR,bajra,Kharif,32.0
2022-23,KOLAR,bajra,Rabi,2.0
2022-23,KOLAR,black gram,Kharif,1.0
2022-23,KOLAR,castor,Kharif,15.0
2022-23,KOLAR,chickpea,Rabi,34.0
2022-23,KOLAR,cotton,Kharif,1.0
2022-23,KOLAR,cotton,Rabi,123.0
2022-23,KOLAR,cowpea,Kharif,68.0
2022-23,KOLAR,cowpea,Rabi,49.0
2022-23,KOLAR,cowpea,Summer,5.0
2022-23,KOLAR,field bean (avare),Kharif,1740.0
2022-23,KOLAR,field bean (avare),Rabi,1174.0
2022-23,KOLAR,groundnut,Kharif,3706.0
2022-23,KOLAR,groundnut,Rabi,114.0
2022-23,KOLAR,horse gram,Kharif,642.0
2022-23,KOLAR,horse gram,Rabi,3943.0
2022-23,KOLAR,jowar,Kharif,795.0
2022-23,KOLAR,jowar,Rabi,224.0
2022-23,KOLAR,jowar,Summer,40.0
2022-23,KOLAR,linseed,Rabi,1.0
2022-23,KOLAR,maize,Kharif,954.0
2022-23,KOLAR,maize,Rabi,846.0
2022-23,KOLAR,maize,Summer,910.0
2022-23,KOLAR,mustard,Rabi,4.0
2022-23,KOLAR,niger seed,Kharif,1.0
2022-23,KOLAR,onion,Kharif,11.0
2022-23,KOLAR,onion,Rabi,22.0
2022-23,KOLAR,onion,Summer,20.0
2022-23,KOLAR,pigeonpea (tur),Kharif,459.0
2022-23,KOLAR,potato,Kharif,562.0
2022-23,KOLAR,potato,Rabi,3260.0
2022-23,KOLAR,potato,Summer,598.0
2022-23,KOLAR,ragi,Kharif,43466.0
2022-23,KOLAR,ragi,Rabi,588.0
2022-23,KOLAR,ragi,Summer,706.0
2022-23,KOLAR,rice,Kharif,2715.0
2022-23,KOLAR,rice,Rabi,159.0
2022-23,KOLAR,rice,Summer,701.0
2022-23,KOLAR,safflower,Rabi,1.0
2022-23,KOLAR,sesame,Kharif,5.0
2022-23,KOLAR,soybean,Kharif,2.0
2022-23,KOLAR,sunflower,Kharif,6.0
2022-23,KOLAR,sunflower,Summer,2.0
2022-23,KOLAR,tomato,Kharif,9870.0
2022-23,KOLAR,tomato,Rabi,2463.0
2022-23,KOLAR,tomato,Summer,4927.0
2022-23,KOLAR,wheat,Rabi,2.0
2022-23,KOPPAL,bajra,Kharif,39495.0
2022-23,KOPPAL,bajra,Rabi,345.0
2022-23,KOPPAL,bajra,Summer,87.0
2022-23,KOPPAL,black gram,Kharif,29.0
2022-23,KOPPAL,black gram,Rabi,597.0
2022-23,KOPPAL,castor,Kharif,1062.0
2022-23,KOPPAL,chickpea,Rabi,84493.0
2022-23,KOPPAL,chilli,Kharif,80.0
2022-23,KOPPAL,chilli,Rabi,14.0
2022-23,KOPPAL,cotton,Kharif,15904.0
2022-23,KOPPAL,cotton,Rabi,1898.0
2022-23,KOPPAL,cowpea,Kharif,1778.0
2022-23,KOPPAL,cowpea,Rabi,4556.0
2022-23,KOPPAL,cowpea,Summer,154.0
2022-23,KOPPAL,field bean (avare),Kharif,91.0
2022-23,KOPPAL,field bean (avare),Rabi,288.0
2022-23,KOPPAL,green gram,Kharif,44492.0
2022-23,KOPPAL,green gram,Rabi,290.0
2022-23,KOPPAL,groundnut,Kharif,4151.0
2022-23,KOPPAL,groundnut,Rabi,35308.0
2022-23,KOPPAL,horse gram,Kharif,2582.0
2022-23,KOPPAL,horse gram,Rabi,7412.0
2022-23,KOPPAL,jowar,Kharif,1043.0
2022-23,KOPPAL,jowar,Rabi,15548.0
2022-23,KOPPAL,jowar,Summer,84.0
2022-23,KOPPAL,linseed,Rabi,1.0
2022-23,KOPPAL,maize,Kharif,121429.0
2022-23,KOPPAL,maize,Rabi,20383.0
2022-23,KOPPAL,maize,Summer,867.0
2022-23,KOPPAL,niger seed,Kharif,13.0
2022-23,KOPPAL,onion,Kharif,11293.0
2022-23,KOPPAL,onion,Rabi,477.0
2022-23,KOPPAL,onion,Summer,27.0
2022-23,KOPPAL,pigeonpea (tur),Kharif,34963.0
2022-23,KOPPAL,potato,Kharif,6.0
2022-23,KOPPAL,potato,Rabi,10.0
2022-23,KOPPAL,potato,Summer,3.0
2022-23,KOPPAL,ragi,Kharif,13.0
2022-23,KOPPAL,ragi,Rabi,30.0
2022-23,KOPPAL,rice,Kharif,59670.0
2022-23,KOPPAL,rice,Rabi,2150.0
2022-23,KOPPAL,rice,Summer,45048.0
2022-23,KOPPAL,safflower,Rabi,686.0
2022-23,KOPPAL,sesame,Kharif,4185.0
2022-23,KOPPAL,soybean,Kharif,101.0
2022-23,KOPPAL,sunflower,Kharif,20695.0
2022-23,KOPPAL,sunflower,Rabi,2386.0
2022-23,KOPPAL,sunflower,Summer,30.0
2022-23,KOPPAL,tobacco,Kharif,8.0
2022-23,KOPPAL,tomato,Kharif,1340.0
2022-23,KOPPAL,tomato,Rabi,853.0
2022-23,KOPPAL,tomato,Summer,343.0
2022-23,KOPPAL,wheat,Rabi,1033.0
2022-23,MANDYA,bajra,Kharif,1.0
2022-23,MANDYA,black gram,Kharif,239.0
2022-23,MANDYA,black gram,Rabi,7.0
2022-23,MANDYA,castor,Kharif,7.0
2022-23,MANDYA,chickpea,Rabi,1.0
2022-23,MANDYA,cotton,Kharif,2.0
2022-23,MANDYA,cotton,Rabi,1.0
2022-23,MANDYA,cowpea,Kharif,12413.0
2022-23,MANDYA,cowpea,Rabi,97.0
2022-23,MANDYA,cowpea,Summer,17.0
2022-23,MANDYA,field bean (avare),Kharif,411.0
2022-23,MANDYA,field bean (avare),Rabi,205.0
2022-23,MANDYA,green gram,Kharif,82.0
2022-23,MANDYA,green gram,Rabi,2.0
2022-23,MANDYA,groundnut,Kharif,256.0
2022-23,MANDYA,groundnut,Rabi,30.0
2022-23,MANDYA,horse gram,Kharif,9933.0
2022-23,MANDYA,horse gram,Rabi,4061.0
2022-23,MANDYA,jowar,Rabi,24.0
2022-23,MANDYA,linseed,Rabi,2.0
2022-23,MANDYA,maize,Kharif,3622.0
2022-23,MANDYA,maize,Rabi,1188.0
2022-23,MANDYA,maize,Summer,2649.0
2022-23,MANDYA,niger seed,Kharif,1.0
2022-23,MANDYA,onion,Kharif,65.0
2022-23,MANDYA,onion,Rabi,5.0
2022-23,MANDYA,onion,Summer,207.0
2022-23,MANDYA,pigeonpea (tur),Kharif,182.0
2022-23,MANDYA,potato,Kharif,3.0
2022-23,MANDYA,potato,Rabi,19.0
2022-23,MANDYA,ragi,Kharif,58444.0
2022-23,MANDYA,ragi,Rabi,7820.0
2022-23,MANDYA,ragi,Summer,2996.0
2022-23,MANDYA,rice,Kharif,60391.0
2022-23,MANDYA,rice,Rabi,97.0
2022-23,MANDYA,rice,Summer,16034.0
2022-23,MANDYA,sesame,Kharif,5452.0
2022-23,MANDYA,soybean,Kharif,19.0
2022-23,MANDYA,sunflower,Kharif,4.0
2022-23,MANDYA,sunflower,Rabi,1.0
2022-23,MANDYA,sunflower,Summer,3.0
2022-23,MANDYA,tomato,Kharif,1866.0
2022-23,MANDYA,tomato,Rabi,784.0
2022-23,MANDYA,tomato,Summer,909.0
2022-23,MYSORE,bajra,Kharif,8.0
2022-23,MYSORE,bajra,Rabi,1.0
2022-23,MYSORE,black gram,Kharif,8549.0
2022-23,MYSORE,black gram,Rabi,3.0
2022-23,MYSORE,castor,Kharif,86.0
2022-23,MYSORE,chickpea,Rabi,700.0
2022-23,MYSORE,cotton,Kharif,34037.0
2022-23,MYSORE,cotton,Rabi,74.0
2022-23,MYSORE,cowpea,Kharif,21616.0
2022-23,MYSORE,cowpea,Rabi,6383.0
2022-23,MYSORE,field bean (avare),Kharif,7462.0
2022-23,MYSORE,field bean (avare),Rabi,7088.0
2022-23,MYSORE,green gram,Kharif,4166.0
2022-23,MYSORE,green gram,Rabi,4.0
2022-23,MYSORE,groundnut,Kharif,846.0
2022-23,MYSORE,groundnut,Rabi,15.0
2022-23,MYSORE,horse gram,Kharif,2776.0
2022-23,MYSORE,horse gram,Rabi,25231.0
2022-23,MYSORE,jowar,Kharif,3099.0
2022-23,MYSORE,jowar,Rabi,398.0
2022-23,MYSORE,jowar,Summer,84.0
2022-23,MYSORE,maize,Kharif,43681.0
2022-23,MYSORE,maize,Rabi,6318.0
2022-23,MYSORE,maize,Summer,1056.0
2022-23,MYSORE,niger seed,Kharif,8.0
2022-23,MYSORE,onion,Kharif,25.0
2022-23,MYSORE,onion,Rabi,54.0
2022-23,MYSORE,onion,Summer,7.0
2022-23,MYSORE,pigeonpea (tur),Kharif,1836.0
2022-23,MYSORE,potato,Kharif,41.0
2022-23,MYSORE,potato,Rabi,101.0
2022-23,MYSORE,potato,Summer,7.0
2022-23,MYSORE,ragi,Kharif,60999.0
2022-23,MYSORE,ragi,Rabi,42444.0
2022-23,MYSORE,ragi,Summer,439.0
2022-23,MYSORE,rice,Kharif,85847.0
2022-23,MYSORE,rice,Summer,12492.0
2022-23,MYSORE,sesame,Kharif,2781.0
2022-23,MYSORE,soybean,Kharif,97.0
2022-23,MYSORE,sunflower,Kharif,2408.0
2022-23,MYSORE,tobacco,Kharif,65129.0
2022-23,MYSORE,tomato,Kharif,3759.0
2022-23,MYSORE,tomato,Rabi,972.0
2022-23,MYSORE,tomato,Summer,994.0
2022-23,MYSORE,wheat,Rabi,1.0
2022-23,RAICHUR,bajra,Kharif,21884.0
2022-23,RAICHUR,bajra,Rabi,5313.0
2022-23,RAICHUR,bajra,Summer,586.0
2022-23,RAICHUR,black gram,Kharif,31.0
2022-23,RAICHUR,black gram,Rabi,20.0
2022-23,RAICHUR,castor,Kharif,358.0
2022-23,RAICHUR,chickpea,Rabi,35684.0
2022-23,RAICHUR,chilli,Kharif,2943.0
2022-23,RAICHUR,chilli,Rabi,11.0
2022-23,RAICHUR,cotton,Kharif,230879.0
2022-23,RAICHUR,cotton,Rabi,4996.0
2022-23,RAICHUR,cowpea,Kharif,10.0
2022-23,RAICHUR,cowpea,Rabi,232.0
2022-23,RAICHUR,cowpea,Summer,2.0
2022-23,RAICHUR,field bean (avare),Kharif,2.0
2022-23,RAICHUR,field bean (avare),Rabi,10.0
2022-23,RAICHUR,green gram,Kharif,313.0
2022-23,RAICHUR,green gram,Rabi,92.0
2022-23,RAICHUR,groundnut,Kharif,618.0
2022-23,RAICHUR,groundnut,Rabi,18498.0
2022-23,RAICHUR,horse gram,Kharif,92.0
2022-23,RAICHUR,horse gram,Rabi,120.0
2022-23,RAICHUR,jowar,Kharif,7525.0
2022-23,RAICHUR,jowar,Rabi,46036.0
2022-23,RAICHUR,jowar,Summer,42.0
2022-23,RAICHUR,linseed,Rabi,1.0
2022-23,RAICHUR,maize,Kharif,673.0
2022-23,RAICHUR,maize,Rabi,1762.0
2022-23,RAICHUR,maize,Summer,32.0
2022-23,RAICHUR,mustard,Rabi,123.0
2022-23,RAICHUR,niger seed,Kharif,6.0
2022-23,RAICHUR,onion,Kharif,1401.0
2022-23,RAICHUR,onion,Rabi,611.0
2022-23,RAICHUR,pigeonpea (tur),Kharif,108337.0
2022-23,RAICHUR,potato,Kharif,8.0
2022-23,RAICHUR,potato,Rabi,34.0
2022-23,RAICHUR,potato,Summer,1.0
2022-23,RAICHUR,ragi,Kharif,31.0
2022-23,RAICHUR,ragi,Rabi,39.0
2022-23,RAICHUR,rice,Kharif,174181.0
2022-23,RAICHUR,rice,Rabi,67868.0
2022-23,RAICHUR,rice,Summer,21500.0
2022-23,RAICHUR,safflower,Rabi,297.0
2022-23,RAICHUR,sesame,Kharif,858.0
2022-23,RAICHUR,soybean,Kharif,70.0
2022-23,RAICHUR,sunflower,Kharif,32820.0
2022-23,RAICHUR,sunflower,Rabi,180.0
2022-23,RAICHUR,sunflower,Summer,2.0
2022-23,RAICHUR,tobacco,Kharif,261.0
2022-23,RAICHUR,tomato,Kharif,169.0
2022-23,RAICHUR,tomato,Rabi,170.0
2022-23,RAICHUR,tomato,Summer,6.0
2022-23,RAICHUR,wheat,Rabi,176.0
2022-23,RAMANAGARA,bajra,Kharif,4.0
2022-23,RAMANAGARA,black gram,Kharif,16.0
2022-23,RAMANAGARA,castor,Kharif,14.0
2022-23,RAMANAGARA,chickpea,Rabi,34.0
2022-23,RAMANAGARA,chilli,Kharif,6.0
2022-23,RAMANAGARA,cotton,Kharif,1.0
2022-23,RAMANAGARA,cowpea,Kharif,63.0
2022-23,RAMANAGARA,field bean (avare),Kharif,247.0
2022-23,RAMANAGARA,field bean (avare),Rabi,11.0
2022-23,RAMANAGARA,green gram,Kharif,7.0
2022-23,RAMANAGARA,groundnut,Kharif,599.0
2022-23,RAMANAGARA,horse gram,Kharif,3257.0
2022-23,RAMANAGARA,horse gram,Rabi,1404.0
2022-23,RAMANAGARA,jowar,Kharif,1535.0
2022-23,RAMANAGARA,jowar,Rabi,367.0
2022-23,RAMANAGARA,linseed,Rabi,1.0
2022-23,RAMANAGARA,maize,Kharif,2554.0
2022-23,RAMANAGARA,maize,Rabi,1480.0
2022-23,RAMANAGARA,maize,Summer,46.0
2022-23,RAMANAGARA,mustard,Rabi,5.0
2022-23,RAMANAGARA,onion,Kharif,3.0
2022-23,RAMANAGARA,onion,Rabi,3.0
2022-23,RAMANAGARA,pigeonpea (tur),Kharif,500.0
2022-23,RAMANAGARA,potato,Kharif,1.0
2022-23,RAMANAGARA,potato,Rabi,1.0
2022-23,RAMANAGARA,ragi,Kharif,58995.0
2022-23,RAMANAGARA,ragi,Rabi,1659.0
2022-23,RAMANAGARA,ragi,Summer,81.0
2022-23,RAMANAGARA,rice,Kharif,3022.0
2022-23,RAMANAGARA,rice,Rabi,83.0
2022-23,RAMANAGARA,rice,Summer,24.0
2022-23,RAMANAGARA,sesame,Kharif,800.0
2022-23,RAMANAGARA,soybean,Kharif,2.0
2022-23,RAMANAGARA,sunflower,Kharif,11.0
2022-23,RAMANAGARA,tobacco,Kharif,1.0
2022-23,RAMANAGARA,tomato,Kharif,258.0
2022-23,RAMANAGARA,tomato,Rabi,79.0
2022-23,RAMANAGARA,tomato,Summer,74.0
2022-23,SHIMOGA,bajra,Kharif,1.0
2022-23,SHIMOGA,bajra,Summer,3.0
2022-23,SHIMOGA,black gram,Kharif,2.0
2022-23,SHIMOGA,black gram,Rabi,1.0
2022-23,SHIMOGA,castor,Kharif,1.0
2022-23,SHIMOGA,cotton,Kharif,273.0
2022-23,SHIMOGA,cowpea,Kharif,45.0
2022-23,SHIMOGA,cowpea,Rabi,5.0
2022-23,SHIMOGA,cowpea,Summer,10.0
2022-23,SHIMOGA,field bean (avare),Kharif,15.0
2022-23,SHIMOGA,field bean (avare),Rabi,4.0
2022-23,SHIMOGA,green gram,Kharif,5.0
2022-23,SHIMOGA,green gram,Rabi,44.0
2022-23,SHIMOGA,groundnut,Kharif,73.0
2022-23,SHIMOGA,groundnut,Rabi,9.0
2022-23,SHIMOGA,horse gram,Kharif,10.0
2022-23,SHIMOGA,horse gram,Rabi,25.0
2022-23,SHIMOGA,jowar,Kharif,1.0
2022-23,SHIMOGA,jowar,Rabi,3.0
2022-23,SHIMOGA,jowar,Summer,87.0
2022-23,SHIMOGA,maize,Kharif,44734.0
2022-23,SHIMOGA,maize,Rabi,963.0
2022-23,SHIMOGA,maize,Summer,9882.0
2022-23,SHIMOGA,pigeonpea (tur),Kharif,19.0
2022-23,SHIMOGA,potato,Kharif,7.0
2022-23,SHIMOGA,ragi,Kharif,85.0
2022-23,SHIMOGA,ragi,Rabi,3.0
2022-23,SHIMOGA,ragi,Summer,17.0
2022-23,SHIMOGA,rice,Kharif,72054.0
2022-23,SHIMOGA,rice,Rabi,94.0
2022-23,SHIMOGA,rice,Summer,10129.0
2022-23,SHIMOGA,sesame,Kharif,4.0
2022-23,SHIMOGA,soybean,Kharif,9.0
2022-23,SHIMOGA,sunflower,Rabi,160.0
2022-23,SHIMOGA,sunflower,Summer,28.0
2022-23,SHIMOGA,tomato,Kharif,24.0
2022-23,SHIMOGA,tomato,Summer,21.0
2022-23,TUMKUR,bajra,Kharif,103.0
2022-23,TUMKUR,black gram,Kharif,171.0
2022-23,TUMKUR,castor,Kharif,976.0
2022-23,TUMKUR,chickpea,Rabi,458.0
2022-23,TUMKUR,chilli,Kharif,703.0
2022-23,TUMKUR,chilli,Rabi,49.0
2022-23,TUMKUR,chilli,Summer,22.0
2022-23,TUMKUR,cotton,Kharif,7482.0
2022-23,TUMKUR,cotton,Rabi,55.0
2022-23,TUMKUR,cowpea,Kharif,4327.0
2022-23,TUMKUR,cowpea,Rabi,8.0
2022-23,TUMKUR,field bean (avare),Kharif,736.0
2022-23,TUMKUR,field bean (avare),Rabi,44.0
2022-23,TUMKUR,green gram,Kharif,39241.0
2022-23,TUMKUR,groundnut,Kharif,47078.0
2022-23,TUMKUR,groundnut,Rabi,3650.0
2022-23,TUMKUR,horse gram,Kharif,7791.0
2022-23,TUMKUR,horse gram,Rabi,298.0
2022-23,TUMKUR,jowar,Kharif,7597.0
2022-23,TUMKUR,jowar,Rabi,866.0
2022-23,TUMKUR,jowar,Summer,88.0
2022-23,TUMKUR,linseed,Rabi,976.0
2022-23,TUMKUR,maize,Kharif,28103.0
2022-23,TUMKUR,maize,Rabi,2159.0
2022-23,TUMKUR,maize,Summer,242.0
2022-23,TUMKUR,mustard,Rabi,2.0
2022-23,TUMKUR,onion,Kharif,503.0
2022-23,TUMKUR,onion,Rabi,40.0
2022-23,TUMKUR,onion,Summer,8.0
2022-23,TUMKUR,pigeonpea (tur),Kharif,6609.0
2022-23,TUMKUR,potato,Kharif,5.0
2022-23,TUMKUR,ragi,Kharif,149124.0
2022-23,TUMKUR,ragi,Rabi,4.0
2022-23,TUMKUR,ragi,Summer,237.0
2022-23,TUMKUR,rice,Kharif,3409.0
2022-23,TUMKUR,rice,Summer,222.0
2022-23,TUMKUR,safflower,Rabi,9.0
2022-23,TUMKUR,sesame,Kharif,234.0
2022-23,TUMKUR,soybean,Kharif,6.0
2022-23,TUMKUR,sunflower,Kharif,412.0
2022-23,TUMKUR,sunflower,Rabi,6.0
2022-23,TUMKUR,sunflower,Summer,4.0
2022-23,TUMKUR,tobacco,Kharif,3.0
2022-23,TUMKUR,tomato,Kharif,5634.0
2022-23,TUMKUR,tomato,Rabi,282.0
2022-23,TUMKUR,tomato,Summer,70.0
2022-23,TUMKUR,wheat,Rabi,4.0
2022-23,UDUPI,black gram,Rabi,2644.0
2022-23,UDUPI,chilli,Rabi,16.0
2022-23,UDUPI,cowpea,Kharif,1.0
2022-23,UDUPI,cowpea,Rabi,80.0
2022-23,UDUPI,cowpea,Summer,27.0
2022-23,UDUPI,green gram,Rabi,71.0
2022-23,UDUPI,groundnut,Rabi,1585.0
2022-23,UDUPI,horse gram,Rabi,15.0
2022-23,UDUPI,jowar,Rabi,1.0
2022-23,UDUPI,maize,Rabi,28.0
2022-23,UDUPI,ragi,Rabi,1.0
2022-23,UDUPI,rice,Kharif,35781.0
2022-23,UDUPI,rice,Rabi,5407.0
2022-23,UDUPI,rice,Summer,24.0
2022-23,UDUPI,sesame,Kharif,29.0
2022-23,UDUPI,tobacco,Kharif,1.0
2022-23,UTTAR KANNAD,black gram,Rabi,68.0
2022-23,UTTAR KANNAD,chickpea,Rabi,6.0
2022-23,UTTAR KANNAD,cotton,Kharif,374.0
2022-23,UTTAR KANNAD,cowpea,Kharif,1.0
2022-23,UTTAR KANNAD,cowpea,Rabi,223.0
2022-23,UTTAR KANNAD,cowpea,Summer,5.0
2022-23,UTTAR KANNAD,field bean (avare),Kharif,3.0
2022-23,UTTAR KANNAD,field bean (avare),Rabi,9.0
2022-23,UTTAR KANNAD,green gram,Rabi,1462.0
2022-23,UTTAR KANNAD,groundnut,Kharif,23.0
2022-23,UTTAR KANNAD,groundnut,Rabi,1011.0
2022-23,UTTAR KANNAD,horse gram,Rabi,1209.0
2022-23,UTTAR KANNAD,jowar,Kharif,51.0
2022-23,UTTAR KANNAD,jowar,Rabi,15.0
2022-23,UTTAR KANNAD,jowar,Summer,37.0
2022-23,UTTAR KANNAD,maize,Kharif,7617.0
2022-23,UTTAR KANNAD,maize,Rabi,2152.0
2022-23,UTTAR KANNAD,maize,Summer,783.0
2022-23,UTTAR KANNAD,onion,Rabi,8.0
2022-23,UTTAR KANNAD,pigeonpea (tur),Kharif,1.0
2022-23,UTTAR KANNAD,ragi,Kharif,6.0
2022-23,UTTAR KANNAD,ragi,Rabi,2.0
2022-23,UTTAR KANNAD,rice,Kharif,38830.0
2022-23,UTTAR KANNAD,rice,Rabi,611.0
2022-23,UTTAR KANNAD,rice,Summer,421.0
2022-23,UTTAR KANNAD,sesame,Kharif,1.0
2022-23,UTTAR KANNAD,soybean,Kharif,108.0
2022-23,UTTAR KANNAD,tomato,Rabi,12.0
2022-23,UTTAR KANNAD,tomato,Summer,6.0
2022-23,YADGIR,bajra,Kharif,5281.0
2022-23,YADGIR,bajra,Rabi,1396.0
2022-23,YADGIR,bajra,Summer,2376.0
2022-23,YADGIR,black gram,Kharif,88.0
2022-23,YADGIR,castor,Kharif,6.0
2022-23,YADGIR,chickpea,Rabi,875.0
2022-23,YADGIR,cotton,Kharif,220443.0
2022-23,YADGIR,cotton,Rabi,638.0
2022-23,YADGIR,cowpea,Kharif,10.0
2022-23,YADGIR,cowpea,Rabi,3.0
2022-23,YADGIR,cowpea,Summer,2.0
2022-23,YADGIR,field bean (avare),Kharif,5.0
2022-23,YADGIR,field bean (avare),Rabi,15.0
2022-23,YADGIR,green gram,Kharif,11691.0
2022-23,YADGIR,green gram,Rabi,130.0
2022-23,YADGIR,groundnut,Kharif,533.0
2022-23,YADGIR,groundnut,Rabi,20474.0
2022-23,YADGIR,horse gram,Kharif,9.0
2022-23,YADGIR,horse gram,Rabi,12.0
2022-23,YADGIR,jowar,Kharif,54.0
2022-23,YADGIR,jowar,Rabi,10032.0
2022-23,YADGIR,jowar,Summer,128.0
2022-23,YADGIR,linseed,Rabi,8.0
2022-23,YADGIR,maize,Kharif,80.0
2022-23,YADGIR,maize,Rabi,230.0
2022-23,YADGIR,maize,Summer,51.0
2022-23,YADGIR,mustard,Rabi,1.0
2022-23,YADGIR,onion,Kharif,116.0
2022-23,YADGIR,onion,Rabi,285.0
2022-23,YADGIR,onion,Summer,23.0
2022-23,YADGIR,pigeonpea (tur),Kharif,48142.0
2022-23,YADGIR,potato,Kharif,2.0
2022-23,YADGIR,ragi,Kharif,7.0
2022-23,YADGIR,ragi,Rabi,3.0
2022-23,YADGIR,rice,Kharif,91467.0
2022-23,YADGIR,rice,Rabi,1015.0
2022-23,YADGIR,rice,Summer,45875.0
2022-23,YADGIR,safflower,Rabi,306.0
2022-23,YADGIR,sesame,Kharif,15.0
2022-23,YADGIR,soybean,Kharif,19.0
2022-23,YADGIR,sunflower,Kharif,1785.0
2022-23,YADGIR,sunflower,Rabi,128.0
2022-23,YADGIR,sunflower,Summer,23.0
2022-23,YADGIR,tomato,Kharif,185.0
2022-23,YADGIR,tomato,Rabi,239.0
2022-23,YADGIR,tomato,Summer,58.0
2022-23,YADGIR,wheat,Rabi,184.0
