Stats_State,Stats_District,Rain_mm,Kharif_mm,Rabi_mm,Summer_mm
Andhra Pradesh,ANANTAPUR,572.7,322.8,164.9,85.0
Andhra Pradesh,CHITTOOR,898.2,417.1,370.6,110.5
Andhra Pradesh,EAST GODAVARI,1106.0,703.9,282.6,119.5
Andhra Pradesh,GUNTUR,871.5,543.0,239.7,88.8
Andhra Pradesh,KRISHNA,1027.1,701.4,247.0,78.7
Andhra Pradesh,KURNOOL,679.6,460.2,141.8,77.6
Andhra Pradesh,PRAKASAM,805.9,382.5,336.9,86.5
Andhra Pradesh,SRIKAKULAM,1165.2,745.7,294.0,125.5
Andhra Pradesh,VISAKHAPATANAM,1120.7,674.4,276.6,169.7
Andhra Pradesh,VIZIANAGARAM,1140.4,726.1,259.2,155.1
Andhra Pradesh,WEST GODAVARI,1160.4,783.9,282.3,94.2
Arunachal Pradesh,CHANGLANG,3543.9,1632.1,484.4,1427.4
Arunachal Pradesh,EAST KAMENG,2030.9,1246.3,248.8,535.8
Arunachal Pradesh,EAST SIANG,4034.7,3008.4,301.4,724.9
Arunachal Pradesh,KURUNG KUMEY,2221.5,1256.5,249.7,715.3
Arunachal Pradesh,LOHIT,3043.8,1848.5,273.2,922.1
Arunachal Pradesh,LOWER SUBANSIRI,1921.1,996.2,252.7,672.2
Arunachal Pradesh,PAPUM PARE,3378.2,2245.7,278.7,853.8
Arunachal Pradesh,TIRAP,3571.5,2385.5,326.7,859.3
Arunachal Pradesh,UPPER SIANG,4402.1,2558.8,497.8,1345.5
Arunachal Pradesh,WEST KAMENG,3399.4,2485.2,336.4,577.8
Arunachal Pradesh,WEST SIANG,2440.7,1612.5,216.0,612.2
Assam,BARPETA,3274.6,2441.0,185.5,648.1
Assam,BONGAIGAON,3218.7,2296.1,208.5,714.1
Assam,CACHAR,2999.2,1889.9,241.9,867.4
Assam,DARRANG,1957.8,1259.1,135.0,563.7
Assam,DHUBRI,2702.6,1916.5,188.7,597.4
Assam,DIBRUGARH,2556.6,1651.4,210.0,695.2
Assam,GOALPARA,2575.3,1710.1,197.3,667.9
Assam,GOLAGHAT,1680.7,1049.6,154.9,476.2
Assam,HAILAKANDI,2645.6,1621.1,203.5,821.0
Assam,JORHAT,2083.0,1299.1,185.1,598.8
Assam,KAMRUP,1813.4,1147.7,141.2,524.5
Assam,KARBI ANGLONG,1341.0,867.0,150.4,323.6
Assam,KARIMGANJ,3650.8,2147.9,353.6,1149.3
Assam,KOKRAJHAR,3772.2,2826.4,194.6,751.2
Assam,LAKHIMPUR,2859.3,2025.2,211.4,622.7
Assam,MARIGAON,1743.5,1215.5,166.1,361.9
Assam,NAGAON,1660.1,1124.9,164.4,370.8
Assam,NALBARI,2356.6,1564.3,151.7,640.6
Assam,SIVASAGAR,1811.6,1169.5,147.0,495.1
Assam,SONITPUR,1978.5,1314.4,162.6,501.5
Assam,TINSUKIA,2485.3,1617.8,189.3,678.2
Bihar,ARARIA,1632.2,1347.0,110.5,174.7
Bihar,AURANGABAD,974.9,859.6,76.2,39.1
Bihar,BANKA,1054.5,865.9,106.0,82.6
Bihar,BEGUSARAI,1090.7,921.6,81.3,87.8
Bihar,BHAGALPUR,1207.9,977.3,121.2,109.4
Bihar,BHOJPUR,1051.5,924.4,71.6,55.5
Bihar,BUXAR,975.4,861.2,79.4,34.8
Bihar,DARBHANGA,1123.6,924.6,96.0,103.0
Bihar,GAYA,1003.9,878.7,81.5,43.7
Bihar,GOPALGANJ,1135.5,989.9,84.0,61.6
Bihar,JAMUI,1107.3,951.8,93.8,61.7
Bihar,JEHANABAD,936.6,820.4,65.4,50.8
Bihar,KATIHAR,1342.7,1109.9,95.6,137.2
Bihar,KHAGARIA,1233.9,1057.7,102.6,73.6
Bihar,KISHANGANJ,2090.6,1755.5,102.0,233.1
Bihar,LAKHISARAI,1146.8,974.0,96.6,76.2
Bihar,MADHEPURA,1392.7,1153.5,103.4,135.8
Bihar,MADHUBANI,1293.3,1059.5,104.9,128.9
Bihar,MUNGER,1146.8,974.0,96.6,76.2
Bihar,MUZAFFARPUR,1154.5,981.1,89.9,83.5
Bihar,NALANDA,1002.2,876.8,73.3,52.1
Bihar,NAWADA,1041.8,896.6,86.4,58.8
Bihar,PATNA,1074.8,941.3,80.0,53.5
Bihar,ROHTAS,949.1,834.5,72.9,41.7
Bihar,SAHARSA,1692.9,1408.1,114.4,170.4
Bihar,SAMASTIPUR,1192.3,1025.2,90.1,77.0
Bihar,SARAN,1123.8,973.5,87.5,62.8
Bihar,SHEIKHPURA,1008.4,865.7,83.1,59.6
Bihar,SHEOHAR,1293.1,1084.4,93.2,115.5
Bihar,SITAMARHI,1293.1,1084.4,93.2,115.5
Bihar,SIWAN,1135.4,1004.2,71.8,59.4
Bihar,SUPAUL,1273.8,1055.6,90.5,127.7
Bihar,VAISHALI,1176.5,1021.6,97.9,57.0
Chandigarh,CHANDIGARH,1070.6,844.2,109.4,117.0
Goa,NORTH GOA,3471.4,3154.9,212.5,104.0
Goa,SOUTH GOA,3085.6,2806.9,190.4,88.3
Gujarat,AHMADABAD,639.9,602.6,29.9,7.4
Gujarat,AMRELI,567.3,518.2,44.1,5.0
Gujarat,BANAS KANTHA,598.4,563.5,26.6,8.3
Gujarat,BHARUCH,824.9,786.2,32.8,5.9
Gujarat,BHAVNAGAR,578.3,537.7,36.1,4.5
Gujarat,DANG,2063.0,1961.7,83.0,18.3
Gujarat,GANDHINAGAR,752.7,715.6,28.6,8.5
Gujarat,JAMNAGAR,498.0,462.4,30.1,5.5
Gujarat,JUNAGADH,830.4,787.2,41.2,2.0
Gujarat,KHEDA,850.1,811.6,31.9,6.6
Gujarat,PANCH MAHALS,959.3,912.1,40.1,7.1
Gujarat,PORBANDAR,716.6,672.7,40.0,3.9
Gujarat,RAJKOT,579.1,540.1,34.8,4.2
Gujarat,SABAR KANTHA,816.3,778.7,28.8,8.8
Gujarat,SURAT,1304.7,1253.6,44.6,6.5
Gujarat,SURENDRANAGAR,534.6,499.8,29.7,5.1
Gujarat,VALSAD,2021.7,1951.3,63.5,6.9
Haryana,AMBALA,1104.7,916.6,103.0,85.1
Haryana,BHIWANI,419.5,348.5,35.8,35.2
Haryana,FARIDABAD,697.6,600.2,47.9,49.5
Haryana,FATEHABAD,364.6,283.0,37.7,43.9
Haryana,GURGAON,544.0,472.3,32.7,39.0
Haryana,HISAR,401.4,325.1,32.5,43.8
Haryana,JHAJJAR,489.0,417.3,31.4,40.3
Haryana,JIND,509.1,415.6,42.1,51.4
Haryana,KAITHAL,466.5,384.0,40.7,41.8
Haryana,KARNAL,714.4,577.0,74.6,62.8
Haryana,KURUKSHETRA,691.4,563.0,67.5,60.9
Haryana,MAHENDRAGARH,476.2,395.4,36.3,44.5
Haryana,PANCHKULA,1148.2,950.4,93.2,104.6
Haryana,PANIPAT,624.1,521.7,54.6,47.8
Haryana,REWARI,492.2,435.8,29.6,26.8
Haryana,ROHTAK,618.0,508.0,46.4,63.6
Haryana,SIRSA,313.5,242.1,32.1,39.3
Haryana,YAMUNANAGAR,1107.0,892.1,106.6,108.3
Jammu and Kashmir,ANANTNAG,969.6,285.1,216.6,467.9
Jammu and Kashmir,BADGAM,671.7,186.4,145.2,340.1
Jammu and Kashmir,BARAMULLA,1132.0,247.7,280.4,603.9
Jammu and Kashmir,DODA,1335.5,441.4,290.9,603.2
Jammu and Kashmir,JAMMU,1211.3,860.5,138.2,212.6
Jammu and Kashmir,KARGIL,223.3,49.7,81.2,92.4
Jammu and Kashmir,KATHUA,1268.2,982.0,149.3,136.9
Jammu and Kashmir,KUPWARA,1132.7,253.2,258.2,621.3
Jammu and Kashmir,POONCH,1474.1,760.5,262.3,451.3
Jammu and Kashmir,PULWAMA,504.6,151.4,97.5,255.7
Jammu and Kashmir,RAJAURI,957.2,649.5,129.3,178.4
Jammu and Kashmir,SRINAGAR,673.6,184.3,161.7,327.6
Jammu and Kashmir,UDHAMPUR,1973.9,1377.2,236.2,360.5
Jharkhand,BOKARO,1247.5,1048.2,110.1,89.2
Jharkhand,CHATRA,1171.9,1031.3,87.3,53.3
Jharkhand,DEOGHAR,1162.1,976.2,102.7,83.2
Jharkhand,DHANBAD,1355.2,1122.3,128.2,104.7
Jharkhand,DUMKA,1381.5,1096.9,157.8,126.8
Jharkhand,EAST SINGHBUM,1292.7,1057.6,100.8,134.3
Jharkhand,GARHWA,1041.8,927.8,76.5,37.5
Jharkhand,GIRIDIH,1252.7,1065.0,105.5,82.2
Jharkhand,GODDA,1144.4,943.2,105.3,95.9
Jharkhand,GUMLA,1421.3,1197.0,112.2,112.1
Jharkhand,HAZARIBAGH,1196.0,1005.9,112.8,77.3
Jharkhand,JAMTARA,1476.0,1193.8,160.3,121.9
Jharkhand,KODERMA,1116.2,929.6,123.0,63.6
Jharkhand,LATEHAR,1191.5,1021.8,99.0,70.7
Jharkhand,LOHARDAGA,1197.1,1005.0,93.3,98.8
Jharkhand,PAKUR,1612.4,1286.2,177.9,148.3
Jharkhand,PALAMU,1095.9,974.5,75.6,45.8
Jharkhand,RANCHI,1403.2,1160.2,122.6,120.4
Jharkhand,SAHEBGANJ,1553.7,1299.3,128.5,125.9
Jharkhand,SIMDEGA,1573.1,1383.1,96.7,93.3
Jharkhand,WEST SINGHBHUM,1305.6,1088.4,91.7,125.5
Karnataka,BAGALKOT,597.0,363.3,146.9,86.8
Karnataka,BANGALORE RURAL,837.0,451.9,242.4,142.7
Karnataka,BELGAUM,839.2,574.1,153.0,112.1
Karnataka,BELLARY,622.8,376.0,158.4,88.4
Karnataka,BENGALURU URBAN,870.0,475.7,233.9,160.4
Karnataka,BIDAR,890.7,694.9,126.5,69.3
Karnataka,BIJAPUR,656.4,436.0,145.9,74.5
Karnataka,CHAMARAJANAGAR,788.4,320.6,248.2,219.6
Karnataka,CHIKBALLAPUR,748.5,411.8,227.3,109.4
Karnataka,CHIKMAGALUR,2077.5,1657.3,240.1,180.1
Karnataka,CHITRADURGA,527.7,271.0,160.4,96.3
Karnataka,DAKSHIN KANNAD,3915.8,3351.6,336.4,227.8
Karnataka,DAVANGERE,676.7,384.9,177.8,114.0
Karnataka,DHARWAD,791.7,484.0,168.5,139.2
Karnataka,GADAG,641.2,368.3,162.8,110.1
Karnataka,GULBARGA,820.6,620.5,134.9,65.2
Karnataka,HASSAN,967.1,574.3,222.3,170.5
Karnataka,HAVERI,791.9,495.1,170.2,126.6
Karnataka,KODAGU,2741.4,2181.9,294.3,265.2
Karnataka,KOLAR,731.1,382.7,231.3,117.1
Karnataka,KOPPAL,598.3,382.6,143.1,72.6
Karnataka,MANDYA,662.7,285.1,216.0,161.6
Karnataka,MYSORE,758.6,343.6,216.8,198.2
Karnataka,RAICHUR,665.1,461.6,139.2,64.3
Karnataka,RAMANAGARA,883.7,454.0,244.6,185.1
Karnataka,SHIMOGA,1827.9,1514.0,190.9,123.0
Karnataka,TUMKUR,698.5,359.2,208.1,131.2
Karnataka,UDUPI,4306.0,3759.7,318.6,227.7
Karnataka,UTTAR KANNAD,3070.5,2720.9,210.7,138.9
Karnataka,YADGIR,834.5,610.8,157.6,66.1
Kerala,ALAPPUZHA,2841.2,1745.9,589.6,505.7
Kerala,ERNAKULAM,3029.9,2065.0,502.5,462.4
Kerala,IDUKKI,3302.5,2276.2,577.6,448.7
Kerala,KASARAGOD,3621.6,3007.5,340.2,273.9
Kerala,KOLLAM,2491.7,1332.3,656.1,503.3
Kerala,KOTTAYAM,2930.5,1897.3,548.1,485.1
Kerala,KOZHIKODE,3384.1,2603.1,424.5,356.5
Kerala,MALAPPURAM,2835.1,2060.4,450.0,324.7
Kerala,PALAKKAD,2290.0,1572.7,430.9,286.4
Kerala,PATHANAMTHITTA,2958.4,1715.7,644.0,598.7
Kerala,THRISSUR,3063.1,2197.5,472.8,392.8
Kerala,WAYANAD,3253.1,2632.1,337.3,283.7
Madhya Pradesh,ASHOKNAGAR,926.7,865.1,49.6,12.0
Madhya Pradesh,BALAGHAT,1481.6,1334.6,102.8,44.2
Madhya Pradesh,BARWANI,701.2,635.4,55.0,10.8
Madhya Pradesh,BETUL,1028.8,918.5,80.2,30.1
Madhya Pradesh,BHIND,763.4,685.5,60.7,17.2
Madhya Pradesh,BHOPAL,1087.7,998.6,63.4,25.7
Madhya Pradesh,BURHANPUR,889.1,784.2,77.0,27.9
Madhya Pradesh,CHHATARPUR,1081.4,985.0,69.4,27.0
Madhya Pradesh,CHHINDWARA,1021.6,882.8,90.0,48.8
Madhya Pradesh,DAMOH,1180.6,1071.0,71.3,38.3
Madhya Pradesh,DATIA,860.2,775.8,60.9,23.5
Madhya Pradesh,DEWAS,1031.4,949.8,66.3,15.3
Madhya Pradesh,DHAR,886.1,826.8,52.0,7.3
Madhya Pradesh,DINDORI,1336.7,1205.9,83.5,47.3
Madhya Pradesh,GUNA,1028.3,943.0,60.6,24.7
Madhya Pradesh,GWALIOR,885.9,790.6,69.3,26.0
Madhya Pradesh,HARDA,1128.3,1042.3,69.4,16.6
Madhya Pradesh,HOSHANGABAD,1392.2,1289.1,74.4,28.7
Madhya Pradesh,INDORE,917.3,839.7,64.0,13.6
Madhya Pradesh,JABALPUR,1192.4,1090.3,68.0,34.1
Madhya Pradesh,JHABUA,812.8,745.3,57.6,9.9
Madhya Pradesh,KATNI,1141.1,1051.3,61.5,28.3
Madhya Pradesh,KHANDWA,940.0,850.8,67.6,21.6
Madhya Pradesh,KHARGONE,826.9,758.5,55.0,13.4
Madhya Pradesh,MANDLA,1397.0,1245.8,88.7,62.5
Madhya Pradesh,MANDSAUR,850.1,780.0,57.0,13.1
Madhya Pradesh,MORENA,777.0,708.2,46.9,21.9
Madhya Pradesh,NARSINGHPUR,1146.4,1067.1,54.9,24.4
Madhya Pradesh,NEEMUCH,813.8,747.4,51.5,14.9
Madhya Pradesh,PANNA,1171.7,1072.1,69.5,30.1
Madhya Pradesh,RAISEN,1200.5,1114.8,61.7,24.0
Madhya Pradesh,RAJGARH,966.7,890.2,60.8,15.7
Madhya Pradesh,RATLAM,947.8,871.3,65.4,11.1
Madhya Pradesh,REWA,1068.5,971.7,64.8,32.0
Madhya Pradesh,SAGAR,1192.2,1088.1,72.7,31.4
Madhya Pradesh,SATNA,1056.1,953.2,69.3,33.6
Madhya Pradesh,SEHORE,1152.6,1067.5,65.9,19.2
Madhya Pradesh,SEONI,1191.8,1038.4,92.6,60.8
Madhya Pradesh,SHAHDOL,1109.9,994.7,70.3,44.9
Madhya Pradesh,SHAJAPUR,949.4,873.9,59.8,15.7
Madhya Pradesh,SHEOPUR,791.9,727.4,47.9,16.6
Madhya Pradesh,SHIVPURI,859.4,779.8,60.0,19.6
Madhya Pradesh,SIDHI,1127.0,1016.4,71.5,39.1
Madhya Pradesh,TIKAMGARH,938.5,853.2,67.0,18.3
Madhya Pradesh,UJJAIN,905.7,833.7,61.7,10.3
Madhya Pradesh,UMARIA,1235.7,1093.9,88.8,53.0
Madhya Pradesh,VIDISHA,1084.8,1005.0,60.7,19.1
Maharashtra,AHMEDNAGAR,573.2,437.6,104.4,31.2
Maharashtra,AKOLA,815.4,702.3,84.9,28.2
Maharashtra,AMRAVATI,897.4,786.6,86.6,24.2
Maharashtra,AURANGABAD,716.2,594.2,97.4,24.6
Maharashtra,BEED,708.4,569.4,106.5,32.5
Maharashtra,BHANDARA,1292.7,1137.2,103.0,52.5
Maharashtra,BULDHANA,746.9,646.6,80.3,20.0
Maharashtra,CHANDRAPUR,1272.0,1131.8,94.3,45.9
Maharashtra,DHULE,607.2,523.5,67.6,16.1
Maharashtra,GADCHIROLI,1449.8,1303.0,96.0,50.8
Maharashtra,GONDIA,1370.7,1228.8,96.9,45.0
Maharashtra,HINGOLI,979.4,849.1,98.8,31.5
Maharashtra,JALGAON,730.9,641.8,73.5,15.6
Maharashtra,JALNA,729.7,606.4,96.6,26.7
Maharashtra,KOLHAPUR,1992.8,1737.6,163.7,91.5
Maharashtra,LATUR,910.0,752.5,113.5,44.0
Maharashtra,NAGPUR,1068.4,923.9,97.0,47.5
Maharashtra,NANDED,961.1,816.4,107.1,37.6
Maharashtra,NANDURBAR,890.7,828.4,51.2,11.1
Maharashtra,NASHIK,1029.6,912.2,96.1,21.3
Maharashtra,OSMANABAD,779.3,623.4,115.6,40.3
Maharashtra,PARBHANI,897.0,757.2,107.1,32.7
Maharashtra,PUNE,1015.7,861.0,118.0,36.7
Maharashtra,RAIGAD,3278.9,3117.7,138.8,22.4
Maharashtra,RATNAGIRI,3470.6,3261.5,173.8,35.3
Maharashtra,SANGLI,730.6,508.1,140.8,81.7
Maharashtra,SATARA,912.5,723.8,134.5,54.2
Maharashtra,SINDHUDURG,3269.2,3021.8,183.7,63.7
Maharashtra,SOLAPUR,646.5,474.2,128.4,43.9
Maharashtra,THANE,2542.1,2428.3,98.6,15.2
Maharashtra,WARDHA,1027.0,880.3,100.0,46.7
Maharashtra,WASHIM,940.9,825.6,88.9,26.4
Maharashtra,YAVATMAL,982.8,855.0,92.6,35.2
Meghalaya,EAST GARO HILLS,2554.4,1671.5,206.3,676.6
Meghalaya,EAST KHASI HILLS,6166.1,4621.8,344.3,1200.0
Meghalaya,RI BHOI,2116.9,1479.5,176.1,461.3
Meghalaya,SOUTH GARO HILLS,2459.8,1681.5,188.0,590.3
Meghalaya,WEST GARO HILLS,2459.8,1681.5,188.0,590.3
Meghalaya,WEST JAINTIA HILLS,6379.9,4667.5,672.1,1040.3
Nagaland,DIMAPUR,1305.9,815.3,199.7,290.9
Nagaland,KOHIMA,1824.8,1308.0,180.4,336.4
Nagaland,MOKOKCHUNG,2409.8,1676.1,216.3,517.4
Nagaland,MON,1339.9,823.9,102.5,413.5
Nagaland,PHEK,1824.8,1308.0,180.4,336.4
Nagaland,TUENSANG,2080.0,1386.1,198.5,495.4
Nagaland,WOKHA,2497.7,1668.7,220.3,608.7
Nagaland,ZUNHEBOTO,2080.0,1386.1,198.5,495.4
Punjab,AMRITSAR,721.7,537.6,81.7,102.4
Punjab,BATHINDA,407.9,321.0,38.8,48.1
Punjab,FARIDKOT,415.6,325.1,37.2,53.3
Punjab,FATEHGARH SAHIB,683.1,547.1,67.9,68.1
Punjab,FIROZEPUR,455.6,352.3,42.8,60.5
Punjab,GURDASPUR,1112.5,827.8,134.0,150.7
Punjab,HOSHIARPUR,933.1,717.9,99.2,116.0
Punjab,JALANDHAR,719.1,551.5,74.4,93.2
Punjab,KAPURTHALA,568.0,422.6,75.0,70.4
Punjab,LUDHIANA,685.6,534.2,70.1,81.3
Punjab,MANSA,419.8,334.8,39.2,45.8
Punjab,MOGA,460.6,354.0,52.8,53.8
Punjab,MUKTSAR,399.5,311.8,38.9,48.8
Punjab,NAWANSHAHR,1005.6,788.6,103.4,113.6
Punjab,PATIALA,752.0,615.2,66.6,70.2
Punjab,RUPNAGAR,956.5,728.5,97.6,130.4
Punjab,SANGRUR,557.4,436.8,56.3,64.3
Rajasthan,AJMER,462.2,429.6,17.4,15.2
Rajasthan,ALWAR,630.9,555.3,38.5,37.1
Rajasthan,BANSWARA,883.0,831.8,43.0,8.2
Rajasthan,BARAN,852.7,792.2,46.3,14.2
Rajasthan,BARMER,268.6,243.4,8.9,16.3
Rajasthan,BHARATPUR,621.1,557.6,34.3,29.2
Rajasthan,BHILWARA,630.2,580.9,28.2,21.1
Rajasthan,BIKANER,274.0,228.7,13.4,31.9
Rajasthan,BUNDI,705.6,655.9,34.2,15.5
Rajasthan,CHITTORGARH,765.3,709.7,38.0,17.6
Rajasthan,CHURU,369.6,313.7,20.9,35.0
Rajasthan,DAUSA,674.8,612.1,34.6,28.1
Rajasthan,DHOLPUR,722.1,650.0,44.5,27.6
Rajasthan,DUNGARPUR,677.8,637.8,31.8,8.2
Rajasthan,HANUMANGARH,301.6,252.5,16.9,32.2
Rajasthan,JAIPUR,577.2,524.6,23.8,28.8
Rajasthan,JAISALMER,181.2,158.4,7.3,15.5
Rajasthan,JALORE,427.1,394.2,19.6,13.3
Rajasthan,JHALAWAR,920.2,855.1,51.0,14.1
Rajasthan,JHUNJHUNU,481.0,410.0,29.9,41.1
Rajasthan,JODHPUR,308.1,274.5,11.5,22.1
Rajasthan,KARAULI,696.2,637.4,35.3,23.5
Rajasthan,KOTA,807.9,746.3,45.8,15.8
Rajasthan,NAGAUR,394.1,348.5,17.4,28.2
Rajasthan,PALI,485.7,446.7,21.4,17.6
Rajasthan,RAJSAMAND,554.5,506.0,27.7,20.8
Rajasthan,SAWAI MADHOPUR,721.0,664.0,35.0,22.0
Rajasthan,SIKAR,463.8,402.5,25.0,36.3
Rajasthan,SIROHI,913.4,868.6,27.3,17.5
Rajasthan,TONK,613.9,566.0,26.8,21.1
Rajasthan,UDAIPUR,639.7,591.3,31.7,16.7
Tamil Nadu,ARIYALUR,1071.8,392.0,566.7,113.1
Tamil Nadu,COIMBATORE,689.3,189.8,337.0,162.5
Tamil Nadu,CUDDALORE,1206.7,383.1,725.7,97.9
Tamil Nadu,DHARMAPURI,902.1,393.4,338.1,170.6
Tamil Nadu,DINDIGUL,930.7,295.4,455.4,179.9
Tamil Nadu,ERODE,702.9,229.8,321.2,151.9
Tamil Nadu,KANCHIPURAM,1227.7,490.8,659.1,77.8
Tamil Nadu,KANNIYAKUMARI,1302.5,477.4,514.8,310.3
Tamil Nadu,KARUR,655.0,213.6,324.4,117.0
Tamil Nadu,MADURAI,927.9,335.9,432.7,159.3
Tamil Nadu,NAGAPATTINAM,1393.3,286.1,1003.6,103.6
Tamil Nadu,NAMAKKAL,793.4,339.3,298.1,156.0
Tamil Nadu,PERAMBALUR,861.9,290.7,454.0,117.2
Tamil Nadu,PUDUKKOTTAI,887.4,350.6,429.4,107.4
Tamil Nadu,RAMANATHAPURAM,807.8,149.3,524.7,133.8
Tamil Nadu,SALEM,997.9,440.6,379.0,178.3
Tamil Nadu,SIVAGANGA,872.8,301.0,438.3,133.5
Tamil Nadu,THANJAVUR,1013.1,318.4,577.2,117.5
Tamil Nadu,THENI,720.0,158.4,373.9,187.7
Tamil Nadu,THIRUVALLUR,1139.6,451.6,607.3,80.7
Tamil Nadu,THIRUVARUR,1173.3,296.4,760.0,116.9
Tamil Nadu,TIRUCHIRAPPALLI,818.0,293.9,405.1,119.0
Tamil Nadu,TIRUNELVELI,845.1,142.4,502.6,200.1
Tamil Nadu,TIRUVANNAMALAI,1040.0,468.1,461.2,110.7
Tamil Nadu,VELLORE,936.2,466.1,356.8,113.3
Tamil Nadu,VILLUPURAM,1011.6,408.3,517.6,85.7
Tamil Nadu,VIRUDHUNAGAR,820.1,196.8,437.8,185.5
Tripura,DHALAI,2512.6,1440.7,249.9,822.0
Tripura,NORTH TRIPURA,2641.8,1527.7,245.6,868.5
Tripura,SOUTH TRIPURA,2475.4,1624.2,237.4,613.8
Tripura,WEST TRIPURA,2286.7,1396.3,236.3,654.1
Uttar Pradesh,AGRA,774.6,687.2,55.3,32.1
Uttar Pradesh,ALIGARH,771.0,655.7,69.3,46.0
Uttar Pradesh,ALLAHABAD,902.6,808.7,66.1,27.8
Uttar Pradesh,AMBEDKAR NAGAR,1013.3,904.8,64.9,43.6
Uttar Pradesh,AURAIYA,811.9,700.0,73.7,38.2
Uttar Pradesh,AZAMGARH,1058.3,952.7,65.0,40.6
Uttar Pradesh,BAGHPAT,646.1,545.3,50.8,50.0
Uttar Pradesh,BAHRAICH,1148.6,993.8,84.4,70.4
Uttar Pradesh,BALLIA,928.2,827.2,60.3,40.7
Uttar Pradesh,BALRAMPUR,1247.9,1071.7,103.2,73.0
Uttar Pradesh,BANDA,943.2,840.4,68.3,34.5
Uttar Pradesh,BARABANKI,1055.4,930.5,78.8,46.1
Uttar Pradesh,BAREILLY,996.6,853.8,87.0,55.8
Uttar Pradesh,BASTI,1062.7,943.6,71.6,47.5
Uttar Pradesh,BIJNOR,1083.1,914.2,92.5,76.4
Uttar Pradesh,BULANDSHAHR,779.0,670.7,64.1,44.2
Uttar Pradesh,CHANDAULI,949.6,846.1,64.2,39.3
Uttar Pradesh,DEORIA,1087.0,950.9,76.4,59.7
Uttar Pradesh,ETAH,714.4,615.3,61.2,37.9
Uttar Pradesh,ETAWAH,829.6,728.0,67.7,33.9
Uttar Pradesh,FAIZABAD,1114.0,989.7,81.4,42.9
Uttar Pradesh,FARRUKHABAD,853.3,743.4,73.0,36.9
Uttar Pradesh,FATEHPUR,915.2,812.5,70.5,32.2
Uttar Pradesh,FIROZABAD,765.5,676.3,56.7,32.5
Uttar Pradesh,GHAZIABAD,766.3,641.7,69.7,54.9
Uttar Pradesh,GHAZIPUR,995.8,883.0,76.8,36.0
Uttar Pradesh,GONDA,1160.1,1027.2,86.6,46.3
Uttar Pradesh,GORAKHPUR,1338.3,1175.5,102.3,60.5
Uttar Pradesh,HAMIRPUR,881.8,796.9,59.3,25.6
Uttar Pradesh,HARDOI,918.2,787.9,85.0,45.3
Uttar Pradesh,JALAUN,871.5,774.9,69.6,27.0
Uttar Pradesh,JAUNPUR,968.1,874.1,60.3,33.7
Uttar Pradesh,JHANSI,931.5,837.9,64.4,29.2
Uttar Pradesh,KANNAUJ,902.3,776.7,85.2,40.4
Uttar Pradesh,KANPUR DEHAT,857.2,765.0,66.3,25.9
Uttar Pradesh,KAUSHAMBI,861.7,765.6,65.5,30.6
Uttar Pradesh,KUSHI NAGAR,1326.6,1158.4,98.4,69.8
Uttar Pradesh,LALITPUR,1034.6,939.3,69.2,26.1
Uttar Pradesh,LUCKNOW,885.3,772.5,76.9,35.9
Uttar Pradesh,MAHARAJGANJ,1389.1,1214.1,100.4,74.6
Uttar Pradesh,MAHOBA,853.1,776.4,52.7,24.0
Uttar Pradesh,MAINPURI,748.4,655.3,61.8,31.3
Uttar Pradesh,MATHURA,655.9,579.9,41.3,34.7
Uttar Pradesh,MAU,1121.3,1004.7,73.7,42.9
Uttar Pradesh,MEERUT,918.0,778.5,81.4,58.1
Uttar Pradesh,MIRZAPUR,1003.2,901.1,65.4,36.7
Uttar Pradesh,MORADABAD,992.9,855.2,82.4,55.3
Uttar Pradesh,MUZAFFARNAGAR,869.1,736.8,78.1,54.2
Uttar Pradesh,PILIBHIT,1155.4,988.6,106.8,60.0
Uttar Pradesh,PRATAPGARH,943.6,851.8,62.8,29.0
Uttar Pradesh,RAE BARELI,853.0,750.3,77.0,25.7
Uttar Pradesh,RAMPUR,1057.6,915.5,70.8,71.3
Uttar Pradesh,SAHARANPUR,963.9,804.6,84.6,74.7
Uttar Pradesh,SHAHJAHANPUR,1010.8,859.2,96.1,55.5
Uttar Pradesh,SHRAVASTI,1148.6,993.8,84.4,70.4
Uttar Pradesh,SIDDHARTH NAGAR,1145.7,1009.9,88.3,47.5
Uttar Pradesh,SITAPUR,1003.3,864.8,90.8,47.7
Uttar Pradesh,SONBHADRA,1025.1,916.9,65.8,42.4
Uttar Pradesh,SULTANPUR,944.5,840.7,67.2,36.6
Uttar Pradesh,UNNAO,907.2,790.3,80.5,36.4
Uttar Pradesh,VARANASI,1037.6,923.5,73.6,40.5
West Bengal,BANKURA,1330.9,1051.2,136.5,143.2
West Bengal,BIRBHUM,1392.8,1106.0,139.9,146.9
West Bengal,COOCHBEHAR,3443.7,2737.6,173.6,532.5
West Bengal,DARJEELING,3118.5,2440.3,193.9,484.3
West Bengal,HOOGHLY,1418.7,1067.9,136.9,213.9
West Bengal,HOWRAH,1600.0,1211.4,152.7,235.9
West Bengal,JALPAIGURI,3468.3,2757.9,194.3,516.1
West Bengal,MALDAH,1419.4,1117.3,136.1,166.0
West Bengal,MURSHIDABAD,1391.1,1079.3,160.6,151.2
West Bengal,NADIA,1261.6,955.0,130.6,176.0
West Bengal,PURULIA,1363.3,1094.5,130.1,138.7
