pH,Nitrogen,Organic_Carbon,Clay,Sand,CEC,Temperature,Winter_Temperature,Humidity,Rainfall,Monsoon_Rain_Share,Post_Monsoon_Rain_Share,Dry_Months,Max_Temperature,Solar_Radiation,Elevation,Slope,Season
5.75,2.59,27.84,34.33,40.02,32.91,22.53,20.5,77.64,2460.4,0.819,0.102,5,39.03,18.72,733.0,4.33,3
6.83,1.6,22.7,36.52,31.22,22.47,27.85,24.34,70.56,1086.5,0.349,0.518,4,43.78,19.44,15.0,0.21,1
6.75,2.13,30.0,35.24,32.67,23.51,28.28,25.96,75.24,1050.8,0.274,0.558,5,35.77,19.53,7.0,0.05,3
5.61,3.58,33.88,35.0,38.86,18.77,25.82,24.59,79.44,1293.0,0.363,0.408,3,39.75,18.93,65.0,1.17,2
6.71,1.32,15.79,36.84,35.06,27.2,23.5,21.97,72.73,947.1,0.493,0.299,4,40.27,19.74,248.0,0.36,1
7.46,0.8,6.12,27.76,35.94,23.97,25.26,17.07,43.33,567.2,0.914,0.03,8,46.44,19.73,473.0,0.27,2
7.11,1.48,16.87,35.9,36.19,34.19,27.3,23.59,70.84,1097.0,0.389,0.482,4,44.6,19.46,152.0,0.52,3
7.79,0.97,6.93,26.69,40.13,25.19,26.64,17.48,46.37,727.4,0.87,0.046,8,49.2,18.17,169.0,0.12,1
7.17,0.85,10.05,47.42,16.2,46.17,26.72,21.46,54.79,1052.3,0.881,0.053,8,48.0,18.87,279.0,1.76,1
7.47,0.77,6.86,39.86,21.84,38.71,25.5,20.13,51.1,894.9,0.93,0.04,8,47.1,19.26,379.0,1.6,3
7.44,1.12,22.19,40.7,20.77,38.85,25.94,19.28,61.25,1319.6,0.866,0.057,7,48.4,18.47,223.0,0.06,2
7.01,0.98,10.57,42.63,33.24,28.35,24.92,23.46,67.99,1365.1,0.768,0.129,6,42.2,19.76,548.0,0.88,1
7.09,0.92,12.11,35.87,41.31,24.4,23.83,21.25,69.24,876.1,0.497,0.296,4,40.91,19.83,781.0,0.67,2
7.23,1.02,8.1,27.2,36.94,18.86,26.09,16.77,51.53,933.1,0.865,0.047,8,49.04,17.4,119.0,0.05,3
7.28,1.15,10.48,25.93,32.86,20.26,25.98,16.48,50.64,914.5,0.863,0.043,8,49.37,17.75,121.0,0.05,3
5.27,6.08,36.11,32.3,37.71,17.72,20.9,14.5,74.37,1815.3,0.64,0.063,4,40.83,14.57,1461.0,20.71,2
8.65,1.15,8.47,27.59,39.34,11.16,25.5,15.05,44.37,686.9,0.808,0.03,8,49.08,17.88,228.0,0.08,2
6.6,1.27,14.21,38.44,29.55,28.06,23.43,16.33,61.95,1322.2,0.828,0.073,6,44.27,17.64,694.0,0.76,2
5.61,2.53,32.13,30.12,46.52,19.73,26.96,26.14,78.24,3553.6,0.866,0.083,5,33.42,19.02,96.0,7.08,2
6.29,1.05,12.38,30.86,40.5,16.89,25.27,20.66,71.03,1412.5,0.726,0.161,6,45.99,17.34,83.0,0.75,1
7.97,0.92,6.78,28.91,41.31,19.91,26.48,16.6,43.0,594.7,0.848,0.049,8,48.84,18.99,176.0,0.06,2
7.19,1.16,10.11,39.19,21.13,33.9,26.06,19.42,62.01,1339.3,0.862,0.062,7,48.03,18.27,220.0,1.4,3
6.97,1.2,13.19,39.63,23.03,38.06,25.3,17.78,54.69,1149.1,0.879,0.044,8,47.75,18.62,522.0,4.79,3
6.93,1.34,13.88,33.52,41.53,26.31,23.02,21.46,71.84,1417.6,0.715,0.144,4,39.67,19.49,858.0,4.22,3
5.63,1.85,19.76,31.23,43.18,25.16,25.38,24.34,77.32,3354.6,0.848,0.09,5,38.61,18.72,659.0,1.65,1
7.85,0.81,9.46,25.94,39.49,17.26,25.94,14.66,40.02,490.5,0.76,0.038,8,50.12,18.11,217.0,0.2,2
5.49,3.0,32.79,36.94,43.29,19.6,23.41,22.06,78.12,2852.8,0.82,0.099,5,39.7,18.14,325.0,10.43,2
5.42,2.47,25.68,36.33,36.32,16.42,26.94,26.6,80.16,1796.7,0.449,0.32,2,36.77,18.93,113.0,0.77,2
7.25,0.92,10.66,36.7,38.05,28.88,27.23,24.25,55.04,720.5,0.746,0.132,7,45.04,19.47,393.0,0.95,2
6.85,1.36,11.75,27.89,28.36,16.58,25.74,17.54,59.66,1034.8,0.823,0.066,6,46.97,16.93,52.0,0.05,1
6.37,1.14,10.35,28.1,54.6,13.89,24.11,22.5,67.12,880.9,0.546,0.222,5,40.63,20.19,883.0,1.06,1
5.27,3.26,15.62,29.66,37.31,18.5,24.43,17.71,74.24,2194.9,0.666,0.092,5,41.67,15.62,106.0,2.79,3
6.47,1.1,10.19,28.47,54.96,15.61,24.11,22.5,67.12,880.9,0.546,0.222,5,40.63,20.19,828.0,0.58,2
7.03,1.81,32.97,37.06,37.1,26.46,25.82,24.59,79.44,1293.0,0.363,0.408,3,39.75,18.93,61.0,0.19,3
7.04,0.92,17.9,26.72,33.24,13.22,25.82,17.14,56.99,1133.0,0.836,0.047,7,47.48,16.86,66.0,0.29,1
5.59,2.37,32.64,30.8,45.23,23.56,26.42,25.2,77.43,2873.6,0.863,0.084,6,35.89,19.17,127.0,2.92,2
7.27,0.97,16.62,30.89,45.11,27.93,26.15,23.81,59.49,600.0,0.614,0.194,6,42.97,19.94,553.0,0.31,3
7.14,1.04,10.81,35.16,37.01,37.34,26.5,24.05,59.76,589.7,0.585,0.215,6,43.11,20.22,510.0,0.48,3
7.02,0.97,9.14,23.4,43.91,21.3,26.69,21.54,58.89,752.3,0.965,0.026,8,45.63,19.35,114.0,1.53,2
7.04,1.44,20.67,36.16,35.17,25.03,27.98,24.99,73.73,1240.6,0.345,0.549,4,40.18,19.46,51.0,0.53,3
6.67,2.7,22.06,41.71,8.31,17.66,25.91,19.36,75.44,1646.6,0.714,0.121,5,46.99,16.99,9.0,0.12,2
6.27,1.19,11.64,32.26,40.28,14.99,26.07,20.24,67.59,1495.0,0.788,0.1,6,47.4,17.1,116.0,0.49,3
6.57,1.2,10.21,32.91,33.66,21.63,25.85,20.07,64.28,1423.3,0.826,0.088,6,46.78,17.9,141.0,0.57,2
6.16,2.05,21.77,36.36,32.39,25.17,24.8,22.79,67.38,2046.9,0.907,0.065,7,43.98,18.47,20.0,6.56,1
6.5,0.92,9.39,29.81,51.74,17.31,23.74,21.61,67.94,842.5,0.522,0.251,4,40.38,19.73,878.0,0.62,2
6.06,1.84,22.9,28.44,37.64,17.68,25.99,20.37,70.49,1539.6,0.759,0.115,6,47.31,17.41,212.0,5.33,3
7.41,1.01,6.78,23.49,43.71,21.04,26.13,17.84,50.96,912.4,0.89,0.042,8,48.42,18.21,248.0,0.15,3
7.15,1.41,18.24,33.82,38.19,28.96,27.28,24.44,67.9,824.5,0.349,0.456,5,43.04,19.96,464.0,5.12,1
6.78,1.28,13.05,37.33,24.99,27.61,26.35,19.92,62.49,1397.5,0.858,0.066,7,47.2,18.27,185.0,0.91,2
5.37,2.99,22.53,31.51,38.18,17.94,22.75,16.19,74.62,1753.9,0.655,0.073,4,39.97,15.59,239.0,1.79,2
6.45,1.64,16.88,42.06,29.84,38.18,24.16,21.43,67.22,1908.4,0.904,0.071,7,43.58,18.49,701.0,5.19,1
7.36,0.86,9.78,39.53,16.97,46.81,24.66,18.67,55.08,1302.5,0.906,0.037,8,45.9,18.55,592.0,0.67,1
7.67,0.89,9.11,27.02,37.03,15.69,25.03,14.29,45.01,800.6,0.771,0.038,8,49.43,17.43,229.0,0.36,3
7.26,0.86,12.97,36.86,34.92,29.03,25.7,18.22,48.78,802.0,0.928,0.03,8,47.07,19.22,469.0,0.59,1
6.06,1.5,13.6,33.36,43.54,24.92,23.31,22.41,76.05,1737.8,0.693,0.161,4,40.03,18.58,809.0,1.28,3
5.22,3.23,23.06,28.7,41.34,17.18,23.65,17.53,78.13,2911.3,0.628,0.079,4,38.82,15.61,750.0,0.87,1
5.38,6.53,26.5,33.05,35.48,15.72,20.9,14.5,74.37,1815.3,0.64,0.063,4,40.83,14.57,793.0,16.71,2
6.51,3.0,16.68,35.6,33.84,27.63,26.63,24.23,62.63,2326.1,0.949,0.041,7,45.41,18.57,142.0,3.15,3
5.62,2.2,22.58,28.78,48.07,16.18,24.2,23.27,78.77,1558.3,0.537,0.27,4,40.09,18.3,89.0,4.2,2
6.32,3.84,68.13,18.39,48.29,26.63,10.96,3.24,58.24,1031.4,0.784,0.032,8,32.34,17.82,4142.0,34.25,2
7.76,0.84,7.69,30.0,41.54,17.63,26.22,16.3,41.86,579.8,0.834,0.04,8,48.44,17.99,227.0,0.0,2
7.15,1.0,11.1,27.26,41.15,31.33,27.44,21.9,51.83,965.0,0.965,0.021,8,48.64,19.57,35.0,0.17,3
7.51,1.34,9.75,31.88,25.89,26.57,26.23,17.38,55.25,968.2,0.85,0.053,8,48.31,17.21,75.0,0.11,3
7.57,0.9,22.38,35.23,36.32,36.29,26.66,23.84,55.64,584.1,0.692,0.164,7,44.19,19.87,508.0,0.19,2
7.13,1.27,12.18,33.12,43.09,26.4,23.2,22.02,73.35,1604.3,0.717,0.143,4,39.89,19.49,854.0,0.77,1
6.27,2.39,21.62,26.2,40.35,18.17,18.94,10.52,51.64,1123.1,0.77,0.033,7,40.79,18.05,702.0,8.09,1
6.56,1.1,10.62,32.24,44.98,17.63,24.52,23.11,67.75,883.0,0.534,0.232,4,41.44,19.73,686.0,0.69,3
7.22,1.04,13.16,34.6,36.16,38.8,25.2,23.39,62.04,795.3,0.74,0.139,6,42.53,19.53,654.0,0.65,1
7.02,1.17,12.83,32.14,43.56,26.54,23.2,22.02,73.35,1604.3,0.717,0.143,4,39.89,19.49,873.0,1.3,2
7.48,1.12,8.11,30.23,29.38,22.68,25.99,16.78,53.4,961.9,0.865,0.046,8,48.61,17.08,94.0,0.06,2
7.01,1.26,25.2,21.78,39.87,13.67,25.09,15.81,53.79,1264.8,0.853,0.029,8,48.37,17.1,172.0,0.06,1
6.94,1.34,10.09,39.94,32.9,30.09,26.11,22.97,57.34,831.4,0.773,0.117,7,44.4,19.29,477.0,1.03,1
5.35,1.41,13.88,27.81,36.26,14.89,24.09,17.11,78.3,1946.2,0.618,0.075,4,37.53,15.8,102.0,0.4,2
7.16,1.41,12.82,26.38,40.31,15.2,23.25,14.43,51.83,1289.0,0.839,0.026,8,46.35,17.48,253.0,0.18,1
7.89,0.77,6.28,23.29,44.1,15.97,25.71,15.36,43.52,647.1,0.81,0.032,8,48.64,17.86,228.0,0.36,1
7.26,1.02,6.87,24.03,28.46,18.1,26.68,17.66,50.4,854.1,0.868,0.051,8,49.69,17.67,111.0,0.21,1
7.25,1.24,14.43,27.51,31.75,15.43,26.18,17.46,57.42,1003.1,0.841,0.056,6,47.77,17.21,47.0,0.35,2
7.42,1.25,14.35,36.41,42.11,37.28,25.65,23.58,62.51,634.8,0.583,0.214,6,41.41,20.22,700.0,0.71,1
7.75,0.76,7.36,28.79,40.04,19.98,25.73,15.71,41.21,548.9,0.814,0.034,8,47.9,17.86,284.0,0.3,3
7.43,0.99,8.25,28.91,30.47,23.33,26.27,16.87,49.7,844.0,0.862,0.047,8,49.47,17.56,118.0,0.08,3
8.7,0.98,7.29,26.34,36.48,11.93,25.17,14.78,45.76,754.9,0.809,0.029,8,49.4,17.88,239.0,0.1,2
6.78,1.18,10.53,36.16,29.23,20.61,25.53,19.85,62.53,1407.7,0.87,0.057,7,46.77,18.56,345.0,0.69,2
8.76,1.35,8.42,26.22,38.64,10.81,25.59,14.87,42.58,582.8,0.779,0.031,8,49.46,17.88,239.0,0.21,2
5.6,2.93,34.45,37.51,41.34,17.75,26.65,26.68,78.54,2604.5,0.709,0.154,4,36.67,18.82,10.0,0.92,3
6.8,1.14,11.69,31.39,43.66,27.15,23.02,21.46,71.84,1417.6,0.715,0.144,4,39.67,19.82,916.0,1.84,2
7.28,0.95,14.3,31.57,29.41,30.64,27.55,21.66,52.34,843.0,0.964,0.021,8,47.69,19.57,12.0,0.0,1
7.47,0.65,7.12,49.04,19.99,44.19,25.5,20.13,51.1,894.9,0.93,0.04,8,47.1,19.09,500.0,0.62,1
6.71,1.47,13.03,25.76,28.17,14.87,25.8,17.38,57.37,1144.7,0.827,0.048,7,46.41,17.0,58.0,0.15,2
7.06,0.94,10.75,36.85,42.86,20.53,27.12,24.58,57.77,597.5,0.632,0.187,6,44.35,19.94,393.0,0.5,2
7.1,1.39,26.5,34.53,35.05,26.72,28.26,24.7,70.1,1092.5,0.363,0.556,5,42.79,19.21,31.0,0.22,1
6.82,4.29,51.44,16.78,44.87,33.62,-4.33,-14.61,71.11,601.6,0.699,0.051,8,18.58,16.92,4823.0,31.1,3
5.68,3.21,39.67,31.04,41.61,25.75,25.32,23.72,77.14,2320.2,0.86,0.085,6,39.71,18.63,678.0,2.4,1
6.61,1.1,11.06,31.21,27.16,20.4,25.69,18.13,66.56,1316.9,0.719,0.096,5,45.08,16.49,24.0,0.05,1
6.77,1.06,10.27,37.33,38.22,33.0,24.92,23.46,67.99,1365.1,0.768,0.129,6,42.2,19.76,594.0,0.11,3
6.27,1.11,12.45,31.41,34.92,23.07,26.92,22.82,72.12,1277.9,0.659,0.229,5,45.68,17.65,85.0,0.22,2
6.35,2.09,15.84,36.94,33.37,27.94,26.63,24.23,62.63,2326.1,0.949,0.041,7,45.41,18.72,323.0,1.24,1
7.38,1.17,8.49,22.47,38.71,27.73,27.67,20.95,46.64,645.9,0.957,0.023,8,48.19,20.09,28.0,0.33,1
6.44,2.29,18.57,28.95,20.89,18.03,9.13,-0.88,55.17,771.2,0.339,0.117,4,32.24,16.73,1592.0,0.22,2
6.88,0.96,11.06,24.16,35.07,14.5,25.48,16.85,57.12,1239.5,0.825,0.046,6,47.24,16.86,80.0,0.19,2
7.28,0.99,7.17,24.91,35.08,34.1,26.98,21.48,49.75,871.3,0.956,0.024,8,48.36,19.48,112.0,0.33,1
6.37,1.28,18.35,26.17,36.39,12.41,25.09,15.81,53.79,1264.8,0.853,0.029,8,48.37,17.1,205.0,0.41,3
5.7,2.77,31.14,36.15,40.47,20.3,27.54,27.38,78.56,3176.4,0.749,0.134,4,33.1,18.14,15.0,0.49,1
7.13,0.91,7.86,28.54,40.61,29.85,25.82,18.54,49.0,913.5,0.916,0.037,8,48.19,19.08,423.0,1.89,2
6.77,2.44,31.81,15.8,54.21,32.05,-0.06,-7.68,69.6,633.0,0.75,0.046,7,18.26,14.65,5045.0,26.37,2
6.79,1.31,14.22,33.89,41.72,28.56,27.63,23.44,66.83,823.0,0.457,0.446,6,46.95,18.94,206.0,4.41,2
6.55,1.16,9.71,36.88,29.41,24.93,26.24,20.09,63.37,1338.8,0.847,0.074,7,47.74,17.9,258.0,0.31,1
6.95,1.32,12.0,36.76,40.08,22.55,24.92,23.46,67.99,1365.1,0.768,0.129,6,42.2,19.76,550.0,0.05,2
6.94,1.13,12.53,33.19,42.78,28.17,25.15,23.04,63.39,683.6,0.537,0.244,6,41.44,20.36,632.0,3.87,2
5.68,2.06,13.0,31.94,32.59,18.28,24.31,17.57,74.38,1629.2,0.619,0.077,4,39.75,15.77,59.0,0.51,3
7.41,0.98,7.59,24.46,35.14,11.29,25.4,15.38,47.87,830.6,0.845,0.034,8,48.96,17.2,201.0,0.0,1
6.75,1.33,14.24,27.38,35.39,16.56,25.68,17.77,61.64,1120.7,0.781,0.075,6,46.6,17.19,128.0,2.74,2
6.45,1.19,10.78,28.43,51.44,17.92,23.74,21.61,67.94,842.5,0.522,0.251,4,40.38,20.19,862.0,0.79,3
6.17,1.25,14.6,43.31,15.42,33.38,25.6,19.98,55.57,1347.5,0.886,0.044,8,47.2,18.26,331.0,0.49,2
7.57,0.86,21.01,32.5,39.0,33.59,26.07,23.83,58.12,590.4,0.659,0.176,6,43.05,19.53,558.0,0.54,2
6.82,4.29,51.44,16.78,44.87,33.62,-4.33,-14.61,71.11,601.6,0.699,0.051,8,18.58,16.92,4823.0,31.1,2
7.17,0.9,10.99,35.37,41.71,25.37,25.37,22.22,68.99,886.0,0.495,0.316,5,43.06,19.83,748.0,0.24,2
7.07,1.33,12.05,24.51,41.59,17.3,24.16,14.72,47.72,1053.0,0.806,0.027,8,47.93,18.81,323.0,0.3,1
7.4,1.09,11.35,37.6,32.78,33.21,25.89,22.5,58.79,815.1,0.767,0.124,7,44.11,19.29,552.0,0.8,2
5.2,1.48,17.08,25.08,47.85,16.85,23.65,17.53,78.13,2911.3,0.628,0.079,4,38.82,16.63,19.0,0.06,3
6.76,1.17,20.78,28.48,51.58,20.13,26.15,23.81,59.49,600.0,0.614,0.194,6,42.97,19.94,560.0,3.89,2
6.73,2.24,23.68,32.71,33.26,26.71,27.85,25.44,78.29,1230.0,0.64,0.261,5,37.22,18.12,5.0,0.22,3
7.34,0.86,6.95,31.48,45.04,25.51,26.31,17.36,45.76,711.4,0.868,0.049,8,48.47,18.27,262.0,0.12,3
6.66,1.21,10.97,35.44,31.85,24.59,26.12,19.71,62.63,1339.2,0.862,0.065,7,47.72,17.9,221.0,0.72,3
5.27,6.81,19.96,28.43,36.63,18.16,23.78,17.16,74.76,1741.5,0.648,0.075,4,39.54,15.77,75.0,0.57,1
6.62,0.96,10.43,28.95,54.31,16.11,24.02,21.74,66.33,800.0,0.529,0.257,5,40.42,20.19,774.0,2.18,1
7.81,0.98,7.69,24.24,47.66,17.73,27.54,18.56,38.25,308.4,0.887,0.044,10,47.26,20.52,106.0,1.36,1
6.68,1.19,15.35,30.29,51.81,24.67,26.07,23.83,58.12,590.4,0.659,0.176,6,43.05,19.65,606.0,7.07,1
6.63,1.29,18.11,43.52,20.9,17.55,26.35,21.04,72.17,1618.6,0.726,0.129,5,47.36,17.2,12.0,0.28,2
7.23,1.12,12.2,44.58,23.09,39.56,25.99,19.24,60.83,1352.0,0.856,0.062,7,48.14,18.18,251.0,0.12,2
6.25,2.02,21.03,36.25,33.84,34.68,24.8,22.79,67.38,2046.9,0.907,0.065,7,43.98,18.47,1146.0,3.7,2
6.29,2.6,23.86,32.14,37.86,25.23,27.69,26.71,75.5,2126.6,0.89,0.07,6,35.84,18.89,91.0,3.12,3
6.39,1.34,12.83,22.62,36.04,21.06,25.36,17.55,63.8,1347.5,0.784,0.061,5,45.18,16.23,43.0,0.0,2
7.09,1.01,8.51,40.1,32.27,38.29,26.23,22.71,54.28,788.1,0.798,0.114,7,44.58,19.3,577.0,0.49,2
7.12,1.08,10.33,34.39,38.03,33.05,26.58,23.47,55.25,770.7,0.765,0.125,7,44.6,19.47,525.0,0.99,3
7.36,0.78,6.78,27.81,31.2,25.81,25.46,17.56,53.35,1071.8,0.902,0.037,8,47.53,18.85,295.0,0.46,1
7.7,1.15,9.02,24.71,31.14,20.98,26.44,16.97,47.87,737.9,0.86,0.049,8,49.47,18.14,133.0,0.17,1
5.6,2.03,19.37,41.92,28.25,17.39,20.45,14.57,75.01,1307.4,0.607,0.104,5,36.8,15.98,360.0,0.8,2
6.69,1.66,29.9,34.7,36.8,28.92,26.3,23.12,69.6,917.3,0.42,0.402,4,43.74,19.58,227.0,1.22,1
5.26,1.36,14.63,32.29,30.82,15.96,24.59,19.11,77.55,2312.9,0.611,0.096,4,40.45,17.04,135.0,0.91,2
6.32,1.09,10.45,39.77,34.03,26.07,24.93,23.44,69.68,1392.9,0.79,0.117,6,42.17,18.63,523.0,0.31,1
6.55,1.36,13.92,31.45,39.66,27.36,23.86,22.49,69.82,886.2,0.508,0.266,4,40.67,19.73,650.0,0.3,2
7.03,1.01,11.38,34.75,37.08,38.9,25.16,23.39,64.13,702.4,0.583,0.22,6,41.6,20.22,660.0,0.53,3
5.67,1.84,19.46,31.27,38.5,28.98,23.41,22.06,78.12,2852.8,0.82,0.099,5,39.7,18.72,1032.0,2.09,1
6.63,1.29,13.43,43.73,12.68,17.35,25.86,19.05,70.6,1469.8,0.696,0.111,5,46.17,16.4,11.0,0.62,1
5.6,2.26,27.15,35.0,45.21,17.98,26.74,26.33,76.55,3614.3,0.835,0.095,5,38.08,18.14,101.0,2.83,3
7.37,0.96,17.85,35.13,37.08,33.62,27.18,24.44,56.69,611.1,0.676,0.162,6,44.66,19.87,497.0,0.96,1
6.23,2.61,27.23,27.9,36.72,19.62,18.94,10.52,51.64,1123.1,0.77,0.033,7,40.79,18.05,1158.0,3.69,1
5.62,1.66,13.63,31.91,28.91,16.09,24.31,17.57,74.38,1629.2,0.619,0.077,4,39.75,15.77,55.0,0.1,1
7.12,0.94,13.21,32.28,46.26,27.62,26.07,23.83,58.12,590.4,0.659,0.176,6,43.05,19.65,656.0,1.29,2
7.32,0.76,6.75,44.7,29.77,42.13,26.87,22.4,52.28,888.8,0.878,0.072,8,47.86,19.13,315.0,0.85,3
6.75,1.72,18.19,30.34,35.28,25.6,26.87,24.16,62.04,2019.7,0.954,0.037,7,45.3,19.09,14.0,0.67,3
6.5,1.33,11.8,43.19,18.23,30.5,26.47,21.14,55.62,1338.3,0.884,0.048,8,48.12,18.45,344.0,0.26,3
5.19,4.08,33.54,32.11,34.82,21.83,17.96,11.94,81.91,3043.3,0.644,0.074,4,29.91,15.61,1158.0,7.32,1
5.83,2.77,35.47,31.68,40.85,22.72,26.42,25.2,77.43,2873.6,0.863,0.084,6,35.89,19.17,55.0,1.96,1
5.67,2.32,30.17,29.86,45.43,19.75,26.96,26.14,78.24,3553.6,0.866,0.083,5,33.42,19.17,73.0,7.17,3
5.66,1.91,19.97,30.99,42.85,27.34,23.41,22.06,78.12,2852.8,0.82,0.099,5,39.7,18.72,905.0,1.03,2
6.16,2.05,21.77,36.36,32.39,25.17,24.8,22.79,67.38,2046.9,0.907,0.065,7,43.98,18.47,20.0,6.56,3
7.24,0.93,9.91,26.85,29.95,21.97,26.02,16.76,52.66,938.3,0.865,0.045,8,48.97,17.08,97.0,0.08,2
4.96,7.73,34.51,29.04,36.82,18.13,17.67,11.07,81.05,2431.0,0.691,0.062,4,32.12,13.14,523.0,3.07,2
7.08,1.28,10.71,29.46,31.19,14.33,26.18,17.46,57.42,1003.1,0.841,0.056,6,47.77,17.21,50.0,0.05,1
7.23,0.9,7.76,38.99,21.1,43.96,25.01,18.12,55.44,1176.9,0.85,0.055,7,47.04,18.47,460.0,1.02,3
7.27,1.04,21.45,37.47,30.78,44.46,24.84,23.23,66.04,1064.2,0.762,0.127,6,42.17,19.53,628.0,0.41,2
6.97,0.95,10.58,37.51,44.17,19.63,27.12,24.58,57.77,597.5,0.632,0.187,6,44.35,19.94,410.0,0.69,3
6.93,1.06,11.37,28.65,36.17,13.71,24.72,15.81,51.46,1216.0,0.848,0.029,8,47.57,17.03,197.0,0.1,3
7.95,0.94,7.83,25.44,47.19,13.97,26.17,15.0,39.16,446.0,0.76,0.035,8,49.54,18.38,202.0,0.13,1
7.03,1.6,15.17,35.95,4.25,17.61,25.86,19.24,72.06,1593.0,0.706,0.114,5,46.13,16.46,4.0,0.05,2
8.0,0.79,8.95,25.23,36.56,18.31,25.52,14.38,41.99,565.8,0.769,0.033,8,49.96,18.11,238.0,0.08,3
5.93,2.21,24.5,26.5,31.68,19.01,12.45,4.88,57.25,963.8,0.742,0.035,7,31.24,17.73,1625.0,15.27,2
7.36,0.95,7.84,37.95,21.66,39.83,25.37,17.87,54.21,1183.0,0.897,0.037,8,47.95,18.48,418.0,0.43,2
6.22,1.43,14.64,35.69,36.67,24.74,25.32,19.75,64.47,1407.7,0.839,0.07,7,46.47,18.19,411.0,2.27,2
7.43,1.0,8.75,44.59,14.96,43.38,24.16,17.62,57.04,1254.8,0.839,0.062,7,45.86,18.47,522.0,1.05,3
6.72,1.19,10.87,31.4,40.02,23.12,28.16,24.55,66.31,870.9,0.652,0.249,6,48.4,18.44,78.0,0.51,3
7.18,3.14,42.77,19.55,39.5,29.0,-0.01,-10.37,68.87,641.1,0.329,0.126,6,22.75,15.4,4473.0,23.94,1
6.85,0.97,12.23,31.99,44.69,21.41,27.26,24.37,55.84,655.1,0.717,0.144,7,44.84,19.87,452.0,1.75,1
6.82,1.09,12.21,42.04,25.83,37.56,25.37,18.36,54.35,1281.1,0.905,0.033,8,47.83,18.64,453.0,2.33,3
5.34,3.18,22.17,28.28,47.14,17.65,24.12,17.54,74.22,2132.0,0.667,0.066,4,40.08,14.29,90.0,0.43,1
7.29,1.05,9.74,27.06,47.08,21.39,26.16,16.91,43.84,620.3,0.87,0.043,8,48.47,19.19,347.0,4.09,1
5.71,2.62,23.82,31.73,36.05,18.35,24.92,19.72,66.22,1403.6,0.793,0.112,6,45.65,17.4,814.0,12.35,1
5.3,10.7,24.31,32.62,26.8,19.52,14.65,8.24,82.29,2020.9,0.688,0.064,4,29.04,13.14,1451.0,21.16,2
6.41,1.29,12.97,27.91,55.15,16.73,23.74,21.61,67.94,842.5,0.522,0.251,4,40.38,20.19,882.0,0.68,1
7.13,0.96,10.3,50.56,25.05,31.0,26.28,23.11,54.66,581.1,0.763,0.161,7,44.12,19.34,518.0,0.49,2
7.42,0.76,17.02,45.57,26.47,38.22,25.18,21.56,55.75,859.5,0.882,0.086,7,44.93,19.18,423.0,0.52,1
5.34,1.44,13.97,28.24,38.36,15.97,24.03,17.11,77.28,2098.5,0.643,0.075,5,37.69,15.37,53.0,0.12,1
6.39,2.31,28.76,34.54,38.35,21.24,24.93,23.33,76.47,1321.1,0.408,0.369,4,40.79,18.93,550.0,12.27,3
5.02,2.68,23.28,31.47,38.92,23.31,22.94,16.03,77.29,2011.9,0.622,0.078,4,38.21,15.43,513.0,5.97,3
7.31,1.11,11.86,33.26,34.53,36.39,26.25,19.8,47.36,758.0,0.937,0.03,8,48.23,19.44,461.0,7.16,1
6.99,1.03,10.13,37.57,38.17,32.52,25.16,23.39,64.13,702.4,0.583,0.22,6,41.6,20.22,616.0,0.69,1
7.03,1.11,9.42,38.87,31.64,31.71,26.06,22.76,55.28,788.5,0.779,0.121,7,44.16,19.29,617.0,0.9,3
7.22,1.13,13.06,35.79,46.21,24.36,25.86,23.78,58.45,612.5,0.737,0.15,7,43.3,19.65,534.0,0.48,3
7.28,0.93,10.62,36.25,37.9,31.95,26.66,23.84,55.64,584.1,0.692,0.164,7,44.19,19.87,507.0,0.54,1
6.87,1.14,13.86,33.72,40.36,25.21,24.83,23.15,65.19,1213.8,0.852,0.09,7,43.07,19.17,549.0,0.58,2
7.92,0.32,3.36,23.24,57.76,9.46,27.33,17.18,34.52,265.6,0.825,0.044,10,47.55,20.39,163.0,0.31,2
7.47,0.91,8.06,27.69,43.94,22.9,26.2,17.26,44.97,674.3,0.899,0.035,8,48.38,19.19,253.0,0.21,2
6.74,1.66,25.14,38.51,31.28,24.08,28.09,25.45,75.17,1152.6,0.323,0.552,4,37.02,19.44,12.0,0.19,1
6.18,1.48,14.92,32.87,39.93,33.67,24.33,22.54,79.02,2754.3,0.846,0.092,5,40.38,19.76,650.0,1.41,3
7.23,1.52,17.52,37.9,33.2,31.87,28.22,24.94,70.7,1011.0,0.295,0.554,5,42.45,19.44,77.0,0.78,1
5.2,3.52,21.41,32.37,30.54,17.58,22.76,16.74,76.49,1780.2,0.601,0.098,4,39.0,16.63,205.0,9.02,1
7.28,1.41,12.55,27.29,27.6,14.99,25.88,16.88,55.34,1084.0,0.856,0.046,7,48.35,16.98,71.0,0.15,1
6.82,1.09,12.21,42.04,25.83,37.56,25.37,18.36,54.35,1281.1,0.905,0.033,8,47.83,18.64,453.0,2.33,2
6.86,0.93,11.17,34.49,44.52,19.02,23.83,21.25,69.24,876.1,0.497,0.296,4,40.91,19.83,832.0,0.38,3
6.75,1.72,12.98,30.57,25.06,27.7,26.34,17.86,55.07,1000.8,0.851,0.057,7,48.41,17.21,79.0,0.0,1
6.1,2.21,21.97,24.69,29.24,18.09,17.95,10.49,56.86,1240.0,0.786,0.031,6,38.21,18.13,1317.0,9.1,2
6.25,2.44,22.45,40.01,23.41,36.56,24.97,18.31,60.12,1351.8,0.848,0.064,7,46.71,18.0,991.0,11.78,2
7.09,0.85,10.58,32.35,46.86,22.03,23.98,21.24,67.6,814.7,0.506,0.299,5,40.44,19.83,728.0,1.42,2
7.58,0.81,11.33,35.1,40.6,34.43,26.07,23.83,58.12,590.4,0.659,0.176,6,43.05,19.65,550.0,0.29,3
6.76,1.17,20.78,28.48,51.58,20.13,26.15,23.81,59.49,600.0,0.614,0.194,6,42.97,19.94,560.0,3.89,3
6.98,1.0,17.28,35.62,35.94,30.26,27.18,24.44,56.69,611.1,0.676,0.162,6,44.66,19.87,486.0,0.62,1
7.16,0.95,10.73,31.06,39.82,32.14,26.25,23.69,56.3,541.3,0.686,0.174,7,43.44,19.65,608.0,0.67,1
7.31,0.98,7.57,33.56,30.14,34.5,26.98,21.48,49.75,871.3,0.956,0.024,8,48.36,19.48,101.0,0.38,2
7.11,1.01,10.84,24.91,37.75,11.72,25.71,16.39,53.05,1129.3,0.853,0.039,8,48.43,17.57,121.0,0.05,1
7.3,0.78,6.76,35.2,36.06,38.82,25.38,17.57,44.47,645.0,0.928,0.028,8,46.94,19.44,431.0,0.16,1
7.27,1.34,15.23,36.56,38.2,31.04,26.84,23.66,69.32,873.4,0.377,0.449,5,43.87,19.59,150.0,0.32,2
5.83,2.46,37.11,31.05,40.03,16.7,24.18,17.1,72.72,2228.7,0.653,0.06,4,45.58,14.89,117.0,0.3,2
5.73,2.05,26.94,35.01,44.13,21.87,27.08,26.85,77.98,3521.1,0.795,0.113,4,36.03,18.14,126.0,2.53,3
7.44,0.96,8.25,41.52,15.58,41.29,25.37,18.36,54.35,1281.1,0.905,0.033,8,47.83,18.48,378.0,0.18,2
7.75,1.08,8.24,26.1,37.73,11.05,25.17,14.78,45.76,754.9,0.809,0.029,8,49.4,17.48,240.0,0.08,3
7.03,1.39,18.68,34.56,35.77,26.51,27.95,24.7,72.39,1253.0,0.362,0.544,4,42.7,19.21,46.0,0.47,3
5.34,6.89,26.77,30.45,31.95,20.99,20.27,14.05,74.09,1453.0,0.643,0.085,4,38.63,15.59,1449.0,17.29,2
7.39,0.92,7.48,38.05,18.79,36.14,25.37,17.86,54.9,1084.1,0.862,0.052,8,47.56,18.47,352.0,0.94,1
6.84,3.22,40.68,18.04,48.52,29.42,-4.33,-14.61,71.11,601.6,0.699,0.051,8,18.58,17.82,4395.0,15.01,1
7.06,1.03,8.08,28.32,35.65,31.24,25.62,17.66,49.8,853.6,0.897,0.044,8,47.44,18.78,431.0,1.39,2
6.84,1.21,12.05,33.9,40.61,31.65,23.2,22.02,73.35,1604.3,0.717,0.143,4,39.89,19.49,895.0,1.23,1
7.1,1.02,11.15,32.88,49.65,22.33,26.25,23.69,56.3,541.3,0.686,0.174,7,43.44,19.65,526.0,0.72,3
6.96,1.1,9.62,44.25,25.07,35.88,26.08,22.88,58.26,1393.7,0.944,0.043,8,45.52,18.72,406.0,1.71,3
8.21,1.85,10.92,25.53,38.04,11.72,26.52,16.77,44.79,622.7,0.851,0.049,8,49.09,18.14,152.0,0.0,1
6.72,1.34,14.13,35.29,38.1,35.23,23.2,22.02,73.35,1604.3,0.717,0.143,4,39.89,19.49,902.0,0.73,2
7.44,0.92,7.24,31.63,37.28,29.9,25.82,18.54,49.0,913.5,0.916,0.037,8,48.19,19.08,363.0,0.8,3
7.72,0.9,6.11,26.53,41.97,23.54,26.5,17.07,43.82,655.4,0.86,0.048,8,49.15,18.99,207.0,0.21,3
6.94,0.97,19.69,32.37,36.09,29.58,26.15,23.81,59.49,600.0,0.614,0.194,6,42.97,19.94,505.0,0.45,3
5.82,2.37,21.15,29.21,40.42,28.71,25.17,24.13,70.94,1889.4,0.854,0.085,6,42.39,18.63,560.0,2.37,3
7.2,0.94,6.4,24.99,34.77,13.97,26.68,17.7,50.55,855.1,0.868,0.051,8,49.4,17.64,98.0,0.31,3
6.56,1.23,10.14,31.34,24.12,17.39,25.89,18.65,67.63,1285.3,0.71,0.103,5,46.55,16.73,22.0,0.05,2
5.25,6.09,33.91,32.01,33.42,18.87,19.83,13.59,75.18,1700.5,0.651,0.069,4,38.83,14.57,1446.0,15.06,2
7.16,1.01,9.26,23.93,44.32,23.95,27.2,20.83,52.92,612.9,0.955,0.031,8,46.44,19.63,17.0,0.16,2
5.52,2.57,19.52,29.23,42.3,15.27,24.53,17.99,70.96,2430.4,0.663,0.06,4,43.27,14.29,96.0,0.1,3
6.6,2.88,40.26,13.89,53.33,28.22,-0.06,-7.68,69.6,633.0,0.75,0.046,7,18.26,14.65,4382.0,17.9,1
6.43,1.2,11.24,40.56,26.71,24.29,26.0,20.6,61.23,1404.7,0.879,0.054,7,47.61,18.56,365.0,0.27,2
6.85,1.16,9.77,40.68,26.34,26.59,26.06,20.49,59.27,1346.6,0.881,0.051,7,47.55,18.56,317.0,0.43,1
7.21,1.09,10.71,28.6,31.13,12.83,25.68,16.57,55.44,1200.0,0.857,0.045,7,48.44,16.98,78.0,0.23,2
5.09,9.21,27.9,29.33,37.2,18.47,17.67,11.07,81.05,2431.0,0.691,0.062,4,32.12,13.14,931.0,8.5,1
7.76,0.98,6.95,24.92,41.45,22.0,26.5,17.76,47.64,771.4,0.883,0.044,8,48.87,18.27,194.0,0.0,1
6.22,1.55,17.67,40.25,31.95,29.33,25.44,19.64,62.96,1370.7,0.862,0.062,7,46.77,18.19,494.0,9.24,2
8.02,0.9,7.09,26.11,43.95,16.29,25.98,15.8,44.26,670.5,0.83,0.038,8,48.63,17.6,195.0,0.16,1
5.29,12.76,36.36,32.18,29.49,22.31,19.5,12.95,77.68,1693.9,0.641,0.071,5,34.54,13.51,1135.0,25.01,2
5.12,2.34,15.24,31.33,37.47,19.32,24.57,17.38,75.49,2165.3,0.675,0.085,5,41.02,15.62,130.0,0.92,1
5.33,2.04,23.51,36.67,28.55,19.75,22.06,16.0,77.89,1539.8,0.605,0.095,4,37.86,15.98,300.0,2.56,1
8.16,0.78,6.28,26.18,49.91,23.95,27.22,15.83,33.55,285.3,0.701,0.086,11,49.04,18.19,180.0,0.15,1
5.85,1.91,18.02,33.99,40.09,22.26,23.56,22.96,78.53,1852.7,0.663,0.185,4,38.78,18.58,852.0,0.26,2
6.51,1.19,11.89,25.62,53.74,15.48,23.74,21.61,67.94,842.5,0.522,0.251,4,40.38,19.73,751.0,0.7,3
7.34,0.86,7.85,34.92,23.5,35.04,26.61,20.99,51.3,1173.7,0.918,0.042,8,48.88,18.69,300.0,0.26,1
5.95,1.53,16.21,30.2,40.48,29.12,24.39,22.64,74.71,1885.8,0.821,0.105,6,41.54,19.76,616.0,2.26,2
6.2,1.98,23.78,33.83,36.14,24.65,26.1,24.84,69.96,2253.4,0.9,0.064,6,43.67,18.89,167.0,4.02,2
8.02,0.9,7.09,26.11,43.95,16.29,25.98,15.8,44.26,670.5,0.83,0.038,8,48.63,17.6,195.0,0.16,3
6.32,1.35,13.42,26.23,42.47,16.69,25.51,17.83,63.9,1185.0,0.748,0.087,6,45.54,16.66,157.0,0.26,2
7.04,1.21,13.1,35.33,37.98,25.64,23.02,21.46,71.84,1417.6,0.715,0.144,4,39.67,19.49,851.0,0.58,3
7.14,0.96,10.6,44.45,20.21,45.87,25.78,17.74,55.19,1011.9,0.859,0.059,7,47.45,18.02,438.0,1.55,3
6.58,1.93,16.6,26.23,40.68,15.64,21.63,13.19,52.11,1353.1,0.825,0.026,8,44.52,18.15,330.0,0.63,2
7.08,0.99,10.11,25.01,37.17,14.57,25.71,16.39,53.05,1129.3,0.853,0.039,8,48.43,17.57,119.0,0.08,3
7.33,0.92,9.0,40.52,30.56,34.01,26.23,22.71,54.28,788.1,0.798,0.114,7,44.58,19.3,609.0,0.27,1
7.02,0.98,9.44,40.95,35.14,34.87,24.58,22.05,61.46,946.6,0.852,0.099,7,42.67,19.25,661.0,0.46,2
7.09,0.94,10.45,27.54,34.05,13.55,25.58,16.82,52.99,1208.3,0.852,0.041,7,47.86,17.9,92.0,0.12,2
7.4,0.98,12.77,32.3,36.13,33.17,25.6,23.63,61.26,680.1,0.647,0.178,6,42.37,19.53,594.0,0.56,2
7.04,1.07,11.77,36.2,29.41,29.1,27.46,23.48,57.11,1382.4,0.963,0.029,8,47.24,19.45,10.0,0.12,2
6.27,1.86,17.79,36.87,33.88,28.06,26.87,24.16,62.04,2019.7,0.954,0.037,7,45.3,18.72,187.0,10.37,2
6.47,1.42,15.67,44.39,16.79,38.97,25.67,19.19,53.73,1292.7,0.914,0.031,8,47.68,18.64,468.0,5.84,2
7.76,0.51,4.2,27.03,53.34,19.4,26.58,16.43,36.06,352.3,0.811,0.035,10,46.96,20.25,286.0,0.28,1
7.16,1.02,10.77,39.04,38.28,31.66,25.83,23.51,61.8,605.5,0.545,0.239,6,42.12,20.22,553.0,0.58,2
6.45,1.09,10.08,29.7,51.89,12.57,23.74,21.61,67.94,842.5,0.522,0.251,4,40.38,19.73,846.0,1.32,1
7.17,1.15,10.93,36.94,37.17,32.95,26.18,22.78,56.29,858.8,0.792,0.109,7,44.55,19.23,547.0,1.55,1
7.44,1.01,8.4,30.08,35.16,21.74,26.57,17.62,48.85,788.7,0.876,0.047,8,49.25,18.21,139.0,0.81,3
7.43,0.98,13.65,36.73,34.36,30.12,26.29,22.77,57.45,844.7,0.79,0.112,7,44.77,19.29,531.0,0.54,3
7.31,0.98,7.96,29.33,32.3,33.48,26.59,17.67,52.03,827.0,0.869,0.051,8,48.76,17.4,87.0,0.27,1
7.77,1.0,10.46,33.89,25.99,19.91,25.21,14.61,44.61,732.5,0.781,0.031,8,49.68,18.81,263.0,0.1,2
6.92,1.32,13.55,30.33,40.25,29.32,23.86,22.49,69.82,886.2,0.508,0.266,4,40.67,18.58,698.0,0.07,3
5.3,8.7,44.25,29.89,33.87,22.19,19.83,13.59,75.18,1700.5,0.651,0.069,4,38.83,14.57,1960.0,19.68,1
6.84,1.48,14.68,30.59,28.8,20.94,25.68,17.77,61.64,1120.7,0.781,0.075,6,46.6,16.93,40.0,0.3,1
7.12,1.12,11.01,38.38,32.88,25.93,27.23,24.25,55.04,720.5,0.746,0.132,7,45.04,19.29,401.0,0.58,2
6.67,1.01,9.58,27.75,54.52,15.47,23.74,21.61,67.94,842.5,0.522,0.251,4,40.38,20.19,870.0,0.45,2
6.31,1.82,20.37,45.16,19.22,38.29,25.83,20.37,57.07,1318.3,0.873,0.051,7,47.28,18.45,640.0,4.75,1
6.68,1.24,16.61,36.68,43.63,19.61,23.02,21.46,71.84,1417.6,0.715,0.144,4,39.67,19.82,811.0,0.41,3
6.71,1.17,14.11,29.26,48.85,29.36,25.2,23.39,62.04,795.3,0.74,0.139,6,42.53,19.53,738.0,3.93,3
7.02,1.34,11.19,27.8,32.1,14.96,25.9,17.51,58.49,1068.9,0.82,0.053,6,46.67,17.0,44.0,0.11,3
7.25,1.02,7.32,30.25,31.61,20.44,26.18,17.75,51.9,903.1,0.869,0.051,8,48.54,17.64,131.0,0.28,3
6.95,1.41,13.57,46.99,19.42,40.52,24.97,18.31,60.12,1351.8,0.848,0.064,7,46.71,18.0,289.0,0.59,1
6.51,1.45,13.01,36.53,33.3,21.4,25.58,19.68,66.02,1460.3,0.805,0.086,6,46.62,17.1,137.0,0.78,3
7.42,0.97,7.33,22.6,37.85,30.63,26.41,20.32,45.98,735.2,0.96,0.017,8,47.28,19.89,194.0,0.52,1
6.57,1.26,15.75,30.31,35.26,21.85,27.1,22.94,72.77,1488.3,0.716,0.159,6,42.42,17.34,4.0,0.28,1
7.37,1.11,19.17,31.03,40.46,26.96,27.13,24.85,66.12,708.9,0.364,0.423,6,43.2,19.74,308.0,0.19,3
6.06,1.71,19.52,32.16,38.54,18.36,23.77,20.16,72.61,1402.9,0.714,0.184,5,44.29,17.78,760.0,8.25,1
6.61,1.57,14.59,31.42,30.32,18.78,26.81,22.15,74.25,1587.4,0.736,0.139,6,43.76,17.57,9.0,0.15,2
7.94,0.84,7.26,22.44,46.45,12.92,26.01,15.09,40.16,477.7,0.764,0.032,8,49.23,17.89,218.0,0.33,1
7.71,0.73,4.97,25.44,48.49,14.16,25.94,16.49,39.1,442.9,0.853,0.035,8,46.88,19.84,363.0,0.52,1
6.96,1.14,12.33,36.78,39.82,19.79,27.18,24.44,56.69,611.1,0.676,0.162,6,44.66,19.94,370.0,0.33,2
6.98,1.28,11.93,29.88,32.19,15.62,25.58,17.47,61.34,1163.4,0.796,0.056,6,46.1,16.93,46.0,0.31,2
6.94,1.39,12.57,35.95,34.13,27.06,27.28,23.98,60.13,1694.6,0.959,0.033,8,46.31,18.72,21.0,0.36,2
7.02,1.18,12.86,32.22,43.15,26.65,23.2,22.02,73.35,1604.3,0.717,0.143,4,39.89,19.49,888.0,2.0,3
6.21,1.71,18.77,34.45,36.23,18.85,24.92,19.72,66.22,1403.6,0.793,0.112,6,45.65,17.53,566.0,2.57,1
7.42,1.02,7.63,46.08,21.7,44.11,25.76,22.12,53.98,748.0,0.84,0.114,7,44.88,19.34,504.0,0.29,1
5.54,1.58,13.36,30.87,33.02,16.24,19.5,12.95,77.68,1693.9,0.641,0.071,5,34.54,15.77,87.0,0.42,3
6.85,1.13,12.7,34.77,36.44,26.25,23.86,22.49,69.82,886.2,0.508,0.266,4,40.67,19.49,731.0,0.63,2
7.24,0.97,10.79,30.04,29.85,31.5,26.59,17.67,52.03,827.0,0.869,0.051,8,48.76,17.4,85.0,0.5,2
7.4,0.8,7.04,35.23,32.01,39.66,25.14,18.04,51.82,1101.7,0.919,0.035,8,47.65,18.8,456.0,0.38,3
7.28,0.92,6.87,25.07,50.44,20.24,26.32,17.54,44.47,668.7,0.885,0.041,8,48.56,18.99,251.0,1.72,3
7.25,1.14,10.32,30.34,30.72,28.55,25.98,16.48,50.64,914.5,0.863,0.043,8,49.37,17.56,130.0,0.24,1
6.3,1.22,12.88,36.5,32.2,18.5,25.85,19.24,72.02,1564.3,0.72,0.119,5,48.83,16.92,35.0,0.61,2
7.05,1.04,11.12,44.79,28.27,42.31,26.72,22.79,52.99,846.8,0.849,0.088,7,45.79,19.21,464.0,1.69,1
7.48,0.88,6.58,30.39,31.27,26.88,25.99,17.8,50.36,877.6,0.901,0.04,8,47.96,18.78,346.0,0.3,3
7.27,1.04,8.11,40.53,28.96,34.56,26.32,22.13,54.49,908.0,0.921,0.054,8,47.02,19.05,165.0,1.77,2
6.42,0.96,9.38,27.42,58.3,10.7,23.74,21.61,67.94,842.5,0.522,0.251,4,40.38,20.19,858.0,0.87,2
7.26,1.34,25.47,33.77,35.67,28.31,28.28,24.78,70.43,922.6,0.426,0.487,5,43.39,19.23,54.0,0.4,3
7.38,1.27,11.65,30.48,26.35,24.69,26.17,17.58,56.79,1013.2,0.846,0.059,7,48.25,17.21,66.0,0.08,3
5.31,4.97,37.2,31.0,31.33,19.74,14.65,8.24,82.29,2020.9,0.688,0.064,4,29.04,13.51,2070.0,17.12,2
5.1,2.24,19.67,29.71,38.79,17.63,23.75,16.81,74.73,2039.4,0.686,0.076,5,40.01,15.37,231.0,3.52,3
7.43,0.94,12.7,33.83,36.38,31.49,26.15,23.81,59.49,600.0,0.614,0.194,6,42.97,19.53,536.0,0.75,1
5.62,3.38,23.76,30.92,39.18,18.88,24.12,17.54,74.22,2132.0,0.667,0.066,4,40.08,14.29,84.0,0.1,2
7.29,1.05,26.52,37.3,33.64,31.0,27.61,24.4,60.89,666.1,0.622,0.219,6,45.63,19.2,175.0,0.32,1
6.98,0.96,10.11,25.9,34.72,12.82,25.81,16.97,56.46,1112.0,0.842,0.046,7,47.99,16.86,72.0,0.06,2
5.93,2.0,24.04,34.19,36.35,21.14,25.12,19.5,68.56,1515.6,0.768,0.103,6,45.85,17.1,602.0,2.06,2
7.36,0.97,14.49,46.26,22.43,44.67,25.7,21.9,53.54,800.1,0.845,0.106,7,44.87,19.22,629.0,0.49,1
7.22,0.99,8.74,39.03,20.89,40.91,25.78,17.74,55.19,1011.9,0.859,0.059,7,47.45,18.02,158.0,0.33,3
6.61,1.19,12.11,33.86,26.4,25.89,25.96,19.67,64.06,1445.1,0.835,0.075,6,46.9,17.89,196.0,0.34,3
6.5,3.23,48.18,19.62,47.26,29.24,-0.56,-9.6,74.03,879.6,0.753,0.039,8,18.1,16.92,4348.0,13.15,1
7.33,1.15,10.34,27.86,28.39,22.67,25.99,16.78,53.4,961.9,0.865,0.046,8,48.61,17.08,93.0,0.06,1
6.08,1.3,13.56,25.85,39.1,17.83,25.36,17.84,65.25,1232.7,0.742,0.092,6,46.02,16.49,205.0,0.54,1
7.16,1.41,12.82,26.38,40.31,15.2,23.25,14.43,51.83,1289.0,0.839,0.026,8,46.35,17.48,253.0,0.18,2
8.03,1.11,12.99,52.61,23.63,50.82,25.6,23.63,61.26,680.1,0.647,0.178,6,42.37,19.53,575.0,0.38,1
6.54,1.23,12.35,34.78,26.83,23.76,25.3,17.59,67.38,1475.6,0.743,0.082,5,45.35,16.32,30.0,0.1,1
7.05,0.95,9.84,40.81,27.58,35.32,27.58,23.51,57.98,924.4,0.821,0.1,7,47.95,19.0,318.0,0.47,3
6.6,1.31,18.15,33.06,40.57,23.8,28.16,24.55,66.31,870.9,0.652,0.249,6,48.4,19.14,126.0,0.26,1
6.57,1.11,11.13,37.49,29.15,26.78,25.03,18.98,64.22,1429.8,0.817,0.077,6,46.11,18.0,220.0,0.44,3
7.38,1.11,9.97,45.06,18.1,45.1,25.99,19.24,60.83,1352.0,0.856,0.062,7,48.14,18.18,289.0,0.92,1
6.62,1.28,14.99,35.24,29.18,28.13,25.45,17.52,53.71,1084.2,0.889,0.04,8,47.84,18.62,261.0,5.8,3
6.05,3.6,52.0,17.58,45.41,22.8,7.97,1.32,84.53,1391.9,0.716,0.06,5,23.57,13.09,3270.0,13.69,1
5.42,1.27,15.11,31.93,32.44,14.37,24.59,19.11,77.55,2312.9,0.611,0.096,4,40.45,17.04,52.0,1.76,3
6.98,0.95,8.86,38.39,32.53,34.38,26.11,22.97,57.34,831.4,0.773,0.117,7,44.4,19.29,579.0,1.01,1
5.63,2.04,27.46,33.15,46.61,18.49,27.08,26.85,77.98,3521.1,0.795,0.113,4,36.03,18.14,105.0,4.45,3
7.43,0.81,6.41,40.39,28.35,43.11,26.87,22.4,52.28,888.8,0.878,0.072,8,47.86,19.13,278.0,0.31,2
6.28,1.7,18.79,45.35,24.33,33.49,25.83,20.37,57.07,1318.3,0.873,0.051,7,47.28,18.45,439.0,1.98,2
7.71,0.95,10.51,41.32,27.68,41.02,25.49,23.83,63.97,800.7,0.658,0.177,6,42.13,19.76,544.0,0.72,1
7.49,0.97,7.84,31.88,33.66,32.1,27.36,21.4,49.16,842.2,0.964,0.018,8,48.63,19.58,94.0,0.26,3
7.52,1.03,10.37,36.91,31.43,41.39,24.93,23.44,69.68,1392.9,0.79,0.117,6,42.17,19.76,580.0,0.26,2
8.73,0.91,7.89,25.56,41.15,13.51,26.52,16.77,44.79,622.7,0.851,0.049,8,49.09,18.17,160.0,0.12,3
7.47,1.19,14.29,38.88,34.23,39.28,26.07,23.83,58.12,590.4,0.659,0.176,6,43.05,19.65,550.0,0.75,1
7.36,0.92,20.92,36.38,38.47,31.85,26.25,23.69,56.3,541.3,0.686,0.174,7,43.44,19.65,519.0,0.86,3
5.36,2.36,24.95,32.97,37.8,13.24,26.94,27.0,78.64,2275.5,0.617,0.208,4,39.78,18.3,31.0,0.98,2
5.4,1.64,12.95,28.6,34.92,16.94,19.5,12.95,77.68,1693.9,0.641,0.071,5,34.54,15.77,108.0,0.33,3
7.45,0.86,6.93,42.67,23.7,42.69,26.71,22.12,52.5,947.8,0.876,0.059,8,47.23,18.99,311.0,0.36,2
6.94,0.97,19.69,32.37,36.09,29.58,26.15,23.81,59.49,600.0,0.614,0.194,6,42.97,19.94,505.0,0.45,2
7.56,1.43,7.98,32.57,37.4,25.42,26.31,17.82,52.43,913.6,0.87,0.052,8,48.59,18.6,116.0,0.1,1
7.06,1.26,11.89,27.41,30.89,13.94,26.1,17.29,56.12,1041.5,0.846,0.051,7,47.97,17.21,59.0,0.35,2
6.75,1.66,14.67,23.11,48.21,15.26,25.05,14.86,45.1,848.1,0.778,0.032,8,49.05,18.05,339.0,2.11,2
8.82,0.96,9.09,25.51,40.1,11.16,26.52,16.77,44.79,622.7,0.851,0.049,8,49.09,18.17,151.0,0.24,3
6.7,3.5,49.83,16.24,47.86,26.93,-5.32,-15.26,70.24,550.4,0.735,0.042,8,15.6,16.85,5687.0,26.91,3
5.16,6.19,32.61,34.32,31.24,20.2,23.65,17.02,75.55,1675.2,0.636,0.076,4,39.4,15.77,906.0,10.66,1
5.38,1.98,14.92,29.77,38.22,17.95,24.43,17.71,74.24,2194.9,0.666,0.092,5,41.67,15.62,126.0,2.17,2
5.54,1.35,14.07,32.1,39.11,16.31,24.19,17.07,77.54,2178.6,0.642,0.08,4,39.68,15.62,51.0,0.29,2
7.45,0.9,8.28,42.04,15.1,34.2,25.78,19.86,55.97,1270.3,0.85,0.058,7,47.61,18.14,359.0,0.2,1
6.5,1.04,10.33,25.0,57.24,13.64,23.74,21.61,67.94,842.5,0.522,0.251,4,40.38,20.19,899.0,0.47,2
6.99,1.34,11.67,24.53,44.1,16.17,21.15,12.26,50.32,1093.2,0.787,0.03,8,43.87,18.81,339.0,0.47,1
6.56,1.19,10.23,35.07,25.57,28.27,24.93,17.42,65.66,1391.1,0.798,0.076,6,46.79,17.21,241.0,0.8,3
7.42,0.92,8.37,43.46,16.67,33.81,25.78,19.86,55.97,1270.3,0.85,0.058,7,47.61,18.14,320.0,0.31,3
6.13,1.82,21.77,36.63,38.47,25.25,23.02,21.46,71.84,1417.6,0.715,0.144,4,39.67,18.14,883.0,1.56,1
5.49,3.75,48.75,24.21,39.57,22.21,8.81,2.57,82.84,1480.9,0.712,0.061,5,23.15,13.09,2603.0,19.57,1
7.25,0.75,6.67,35.17,25.96,27.09,25.52,17.76,52.05,1019.6,0.911,0.036,8,47.48,18.78,357.0,0.62,1
6.56,1.25,12.83,31.55,31.99,19.82,27.38,24.03,75.97,1276.3,0.639,0.243,5,39.5,17.65,14.0,0.07,1
5.45,4.44,44.53,38.13,33.48,20.4,19.15,13.14,81.17,3048.5,0.646,0.075,4,31.34,15.43,1552.0,1.97,3
7.4,0.86,6.95,33.8,34.51,33.83,25.67,18.76,50.09,984.5,0.918,0.037,8,48.22,19.08,393.0,0.82,1
7.81,1.01,7.09,27.0,38.07,18.98,26.64,17.48,46.37,727.4,0.87,0.046,8,49.2,18.27,173.0,0.29,1
6.9,1.04,11.47,36.93,40.12,21.28,23.87,21.87,73.34,1866.3,0.802,0.112,6,41.12,19.76,566.0,0.63,1
7.28,0.97,9.08,38.14,24.4,33.0,26.31,17.82,52.43,913.6,0.87,0.052,8,48.59,18.6,346.0,0.43,2
5.37,1.93,21.67,29.76,38.31,14.47,24.58,23.9,81.63,2230.2,0.521,0.266,3,39.0,18.88,27.0,0.71,3
7.4,2.63,28.13,21.39,39.81,26.9,-1.39,-13.1,58.97,359.7,0.325,0.157,12,25.31,15.4,3812.0,25.64,1
7.47,1.19,9.21,40.0,19.71,37.93,25.94,19.0,60.32,1300.3,0.85,0.06,7,48.64,18.47,235.0,0.45,3
7.35,0.99,6.94,24.5,43.61,22.59,26.31,17.36,45.76,711.4,0.868,0.049,8,48.47,18.99,266.0,0.38,2
6.01,3.1,25.33,25.56,35.23,18.57,24.0,15.62,53.32,1352.7,0.823,0.029,7,45.81,18.13,699.0,3.07,2
7.34,1.04,8.31,29.87,37.45,30.01,26.0,19.55,46.74,701.3,0.951,0.021,8,47.75,19.58,262.0,0.52,2
5.24,2.39,21.05,31.81,36.76,14.23,25.81,25.26,81.34,2053.2,0.482,0.292,2,39.04,19.45,88.0,1.17,2
6.11,1.24,12.7,30.74,40.29,27.38,24.04,18.81,67.49,1503.8,0.826,0.074,6,45.33,18.23,595.0,0.31,1
6.78,0.86,12.27,32.58,44.56,19.84,27.26,24.37,55.84,655.1,0.717,0.144,7,44.84,19.87,448.0,0.72,2
5.85,1.5,24.4,30.17,33.8,16.32,24.57,17.38,75.49,2165.3,0.675,0.085,5,41.02,15.37,32.0,0.05,1
7.4,0.85,9.69,33.72,42.91,31.83,26.66,23.84,55.64,584.1,0.692,0.164,7,44.19,19.87,563.0,0.85,2
7.22,1.34,9.85,28.37,28.14,17.76,25.9,17.37,58.45,1013.4,0.838,0.062,7,47.5,17.21,65.0,0.05,2
6.37,1.39,10.78,28.0,56.5,9.97,23.74,21.61,67.94,842.5,0.522,0.251,4,40.38,20.19,903.0,1.78,3
7.45,1.05,7.82,28.48,39.0,22.68,26.49,17.99,45.51,738.2,0.909,0.034,8,48.6,19.1,236.0,0.15,2
6.23,1.25,13.95,35.1,36.96,34.38,24.3,22.92,68.66,1552.4,0.848,0.089,6,42.34,19.17,662.0,1.69,1
5.41,1.16,13.94,37.26,27.69,15.99,25.24,19.35,76.05,2295.2,0.616,0.098,4,41.85,17.04,20.0,1.02,2
5.58,2.97,18.3,28.07,42.57,16.7,24.76,18.43,76.26,2617.5,0.614,0.086,4,43.07,16.63,11.0,0.23,3
7.32,0.65,7.06,51.63,11.87,46.05,26.02,20.63,51.15,921.1,0.923,0.045,8,47.76,18.89,541.0,0.42,3
7.11,1.47,25.95,35.3,40.84,26.35,27.9,26.07,73.77,1052.6,0.288,0.493,3,40.95,18.93,93.0,0.26,1
6.02,2.61,24.62,27.13,42.32,14.22,21.63,13.19,52.11,1353.1,0.825,0.026,8,44.52,18.15,353.0,0.53,2
6.97,1.36,12.5,27.14,31.21,14.25,25.58,17.47,61.34,1163.4,0.796,0.056,6,46.1,16.93,40.0,0.28,2
7.06,1.09,14.58,29.93,29.01,15.52,26.05,17.62,58.72,1026.0,0.826,0.059,6,46.96,16.93,41.0,0.17,1
6.89,1.29,12.56,36.42,36.38,34.37,25.16,23.39,64.13,702.4,0.583,0.22,6,41.6,20.22,701.0,4.36,2
5.07,3.71,16.67,27.32,39.32,15.0,24.76,18.43,76.26,2617.5,0.614,0.086,4,43.07,16.63,24.0,0.76,3
7.2,0.78,6.28,28.17,41.06,30.19,25.83,18.09,47.99,827.5,0.911,0.038,8,48.08,19.08,401.0,0.24,2
7.04,1.1,11.71,35.99,38.75,21.01,26.5,24.05,59.76,589.7,0.585,0.215,6,43.11,19.94,444.0,0.28,3
7.13,0.91,7.86,28.54,40.61,29.85,25.82,18.54,49.0,913.5,0.916,0.037,8,48.19,19.08,423.0,1.89,3
7.49,0.86,7.3,33.74,37.56,22.67,26.31,17.36,45.76,711.4,0.868,0.049,8,48.47,18.27,236.0,0.29,1
5.61,3.58,49.85,33.67,39.35,25.82,25.32,23.72,77.14,2320.2,0.86,0.085,6,39.71,18.63,309.0,11.55,1
7.07,1.14,10.64,39.6,29.84,35.48,26.67,22.54,54.16,889.1,0.856,0.074,7,46.23,19.07,396.0,0.54,2
7.24,0.91,8.62,31.06,32.26,15.08,25.81,16.97,56.46,1112.0,0.842,0.046,7,47.99,16.86,71.0,0.05,3
8.74,1.05,8.06,22.9,43.24,10.66,26.21,16.33,45.28,638.4,0.842,0.045,8,48.72,17.56,169.0,0.17,1
7.2,0.94,7.94,30.35,35.28,34.87,26.12,20.84,51.08,882.6,0.939,0.035,8,47.58,19.26,342.0,2.02,3
7.1,1.29,18.66,31.73,40.8,29.01,27.6,23.64,66.34,782.4,0.542,0.351,6,46.92,18.94,160.0,0.57,2
7.49,1.0,6.06,29.2,40.27,18.98,26.5,17.76,47.64,771.4,0.883,0.044,8,48.87,18.27,254.0,0.06,1
7.31,0.96,9.89,30.37,46.31,24.99,26.15,23.81,59.49,600.0,0.614,0.194,6,42.97,19.94,482.0,0.33,2
5.1,7.24,26.01,35.49,34.18,18.62,22.75,16.19,74.62,1753.9,0.655,0.073,4,39.97,15.59,480.0,16.64,2
6.14,2.28,22.86,26.19,31.18,18.96,12.45,4.88,57.25,963.8,0.742,0.035,7,31.24,17.73,1277.0,20.48,3
7.01,0.94,11.83,35.34,37.19,27.53,25.37,22.22,68.99,886.0,0.495,0.316,5,43.06,19.83,763.0,0.9,3
7.02,0.97,9.14,23.4,43.91,21.3,26.69,21.54,58.89,752.3,0.965,0.026,8,45.63,19.35,114.0,1.53,3
5.25,9.59,22.04,32.26,31.5,19.26,20.27,14.05,74.09,1453.0,0.643,0.085,4,38.63,15.59,1098.0,6.11,3
7.34,0.96,9.0,46.86,23.05,47.43,26.5,22.08,54.16,925.3,0.868,0.065,8,46.2,18.99,514.0,0.54,1
7.63,0.84,11.56,34.05,40.92,31.75,26.25,23.69,56.3,541.3,0.686,0.174,7,43.44,19.65,517.0,0.83,3
6.27,2.19,22.19,32.25,39.59,21.71,23.86,22.49,69.82,886.2,0.508,0.266,4,40.67,19.73,981.0,7.13,2
5.81,2.31,19.51,29.69,40.48,26.07,23.82,23.05,79.01,2994.4,0.793,0.112,4,38.9,18.14,931.0,2.6,1
5.18,1.34,16.12,30.55,36.8,20.3,24.57,17.38,75.49,2165.3,0.675,0.085,5,41.02,15.62,147.0,0.85,2
6.28,1.11,12.68,39.05,33.48,22.7,24.78,18.92,66.21,1502.9,0.783,0.089,6,45.97,17.1,426.0,0.72,3
8.27,1.18,13.66,20.66,46.18,22.31,-2.75,-14.74,52.19,258.7,0.408,0.143,12,24.7,18.29,3381.0,6.34,1
6.61,2.44,19.72,23.97,36.86,15.06,23.8,15.09,50.37,1129.1,0.838,0.028,8,46.15,18.02,285.0,0.78,1
6.78,1.92,19.44,36.47,31.29,26.23,28.37,24.68,69.62,1005.7,0.37,0.552,5,43.12,18.89,11.0,0.0,1
6.87,1.13,13.2,35.18,43.58,24.89,27.26,24.37,55.84,655.1,0.717,0.144,7,44.84,19.87,487.0,1.94,1
7.9,0.72,5.56,22.34,54.99,13.02,27.5,16.22,32.64,243.1,0.686,0.086,11,48.87,20.06,152.0,0.17,3
6.36,1.88,18.73,40.69,30.71,25.83,25.58,19.68,66.02,1460.3,0.805,0.086,6,46.62,17.89,279.0,1.29,3
5.59,3.87,37.6,28.14,41.99,24.1,26.42,25.2,77.43,2873.6,0.863,0.084,6,35.89,19.17,206.0,8.13,1
6.77,1.12,11.82,30.29,34.7,22.7,24.83,16.73,61.25,1094.9,0.833,0.067,6,46.16,17.35,348.0,0.99,3
7.61,0.46,4.75,27.91,54.35,16.21,26.59,16.68,36.37,326.4,0.838,0.032,10,47.06,20.38,308.0,0.29,1
7.33,1.02,6.68,27.75,29.89,25.97,26.09,16.77,51.53,933.1,0.865,0.047,8,49.04,17.4,109.0,0.13,1
5.71,2.53,28.63,38.02,42.32,20.98,26.74,26.33,76.55,3614.3,0.835,0.095,5,38.08,18.72,97.0,0.54,3
7.68,0.9,8.24,25.69,42.83,18.64,26.22,16.3,41.86,579.8,0.834,0.04,8,48.44,17.99,237.0,0.21,1
5.09,5.2,43.96,30.45,36.88,21.28,23.37,17.28,75.46,2521.0,0.647,0.083,4,40.18,15.62,884.0,10.55,1
7.32,0.92,7.36,39.54,18.59,36.57,25.37,17.86,54.9,1084.1,0.862,0.052,8,47.56,18.48,376.0,0.5,2
7.46,1.01,7.93,27.25,48.99,21.59,26.7,18.69,41.2,461.0,0.922,0.021,9,47.95,20.56,202.0,0.13,1
7.18,1.59,13.99,26.32,35.28,14.68,24.67,14.67,45.0,943.4,0.755,0.043,7,48.12,17.43,275.0,0.32,2
5.85,4.01,37.02,26.34,35.95,22.76,21.63,13.19,52.11,1353.1,0.825,0.026,8,44.52,18.15,1789.0,16.63,1
5.91,1.94,30.64,33.47,40.26,20.61,26.74,26.33,76.55,3614.3,0.835,0.095,5,38.08,19.02,43.0,1.16,2
7.2,1.0,21.24,36.75,32.2,39.36,25.65,23.58,62.51,634.8,0.583,0.214,6,41.41,19.94,527.0,0.72,3
7.69,1.03,30.73,49.5,25.1,45.4,24.84,23.23,66.04,1064.2,0.762,0.127,6,42.17,19.53,594.0,0.3,1
7.07,1.67,17.52,34.19,40.14,32.69,27.31,24.55,68.93,959.4,0.347,0.451,4,43.34,19.96,169.0,0.21,2
7.83,1.1,11.43,38.95,29.64,41.72,25.6,23.63,61.26,680.1,0.647,0.178,6,42.37,19.53,633.0,0.34,1
6.74,1.1,9.97,37.7,24.84,28.29,25.92,19.28,61.62,1372.2,0.857,0.064,7,46.89,17.89,222.0,0.23,3
7.02,1.2,11.27,32.04,41.72,26.81,24.52,23.11,67.75,883.0,0.534,0.232,4,41.44,19.49,796.0,1.5,1
5.6,1.7,22.59,31.91,44.27,16.87,23.41,22.06,78.12,2852.8,0.82,0.099,5,39.7,18.14,65.0,1.15,3
8.52,0.96,6.49,26.48,42.47,11.73,26.24,16.27,44.41,635.3,0.843,0.046,8,48.73,17.56,172.0,0.05,3
6.86,1.16,13.51,44.27,16.12,43.97,25.21,19.12,55.43,1353.1,0.896,0.038,8,47.12,18.26,568.0,1.58,1
6.7,2.3,18.13,25.7,40.79,17.73,23.8,15.09,50.37,1129.1,0.838,0.028,8,46.15,18.02,263.0,0.65,2
7.41,1.0,7.05,29.32,36.72,27.1,26.05,18.53,48.37,856.2,0.919,0.035,8,48.04,19.08,322.0,0.29,3
7.12,0.9,9.04,39.72,38.31,24.94,26.1,22.41,60.3,807.3,0.765,0.128,7,45.0,19.29,541.0,0.71,1
5.23,2.26,23.64,31.35,35.92,14.07,24.58,23.9,81.63,2230.2,0.521,0.266,3,39.0,18.88,156.0,2.72,3
5.83,1.48,17.22,32.79,38.22,16.87,24.92,19.72,66.22,1403.6,0.793,0.112,6,45.65,17.9,460.0,5.68,1
5.47,3.24,19.0,29.66,41.36,16.31,24.12,17.54,74.22,2132.0,0.667,0.066,4,40.08,15.59,85.0,0.26,1
6.86,1.48,12.48,36.24,14.74,17.28,25.84,18.86,69.55,1410.7,0.688,0.111,5,45.61,16.4,14.0,0.16,2
6.34,1.54,17.15,29.57,36.44,16.71,25.99,20.37,70.49,1539.6,0.759,0.115,6,47.31,17.1,119.0,0.82,3
6.65,1.16,8.84,35.84,40.53,28.15,25.53,19.85,62.53,1407.7,0.87,0.057,7,46.77,18.53,412.0,0.36,3
7.54,0.89,17.31,33.18,40.52,32.26,26.07,23.83,58.12,590.4,0.659,0.176,6,43.05,19.65,565.0,1.03,3
7.75,0.81,10.87,29.81,37.56,16.38,25.05,14.86,45.1,848.1,0.778,0.032,8,49.05,18.81,245.0,0.32,1
7.24,1.03,9.1,38.89,20.89,39.13,25.51,18.37,51.66,1145.7,0.917,0.036,8,47.47,18.55,455.0,4.21,3
6.27,1.27,14.18,25.33,37.26,17.25,25.51,17.83,63.9,1185.0,0.748,0.087,6,45.54,16.66,31.0,0.08,3
5.57,1.82,16.01,29.54,40.56,14.79,24.3,17.69,69.31,2066.5,0.736,0.07,5,41.74,15.39,109.0,0.18,2
6.33,1.37,13.07,26.58,35.84,18.77,25.11,17.61,66.9,1700.7,0.77,0.067,5,44.96,16.23,43.0,0.08,3
7.48,1.63,10.25,26.46,36.51,11.52,26.35,16.71,46.44,691.6,0.858,0.046,8,49.19,18.14,148.0,0.06,1
6.88,1.24,12.31,36.03,36.88,35.43,25.16,23.39,64.13,702.4,0.583,0.22,6,41.6,20.22,717.0,1.03,3
6.87,1.03,11.13,34.27,43.34,28.19,24.57,22.79,66.3,865.0,0.629,0.196,6,41.15,19.82,732.0,0.23,1
7.51,0.88,12.16,33.27,39.14,33.03,26.07,23.83,58.12,590.4,0.659,0.176,6,43.05,19.65,597.0,0.75,2
5.13,1.75,18.67,31.15,34.38,15.62,24.59,19.11,77.55,2312.9,0.611,0.096,4,40.45,17.01,293.0,3.9,1
7.52,1.03,10.37,36.91,31.43,41.39,24.93,23.44,69.68,1392.9,0.79,0.117,6,42.17,19.76,580.0,0.26,3
7.41,1.16,10.37,38.35,32.78,27.8,26.66,23.74,57.53,777.7,0.752,0.127,7,44.7,19.29,429.0,0.27,3
6.37,1.89,16.46,38.99,29.98,34.42,24.43,21.63,61.17,1639.1,0.927,0.058,7,43.99,18.72,763.0,4.27,1
6.51,1.78,13.11,38.0,35.94,27.94,26.87,24.16,62.04,2019.7,0.954,0.037,7,45.3,18.72,123.0,2.9,2
7.49,1.16,8.2,41.27,18.25,38.96,26.06,19.42,62.01,1339.3,0.862,0.062,7,48.03,18.27,226.0,0.5,1
7.34,1.15,15.01,35.97,39.02,32.22,27.64,24.52,68.62,829.1,0.346,0.482,5,43.99,19.59,117.0,0.74,1
5.23,13.36,37.89,35.75,29.86,19.43,17.67,11.07,81.05,2431.0,0.691,0.062,4,32.12,13.14,1641.0,25.02,2
6.18,1.16,14.06,37.0,30.47,18.68,25.85,19.24,72.02,1564.3,0.72,0.119,5,48.83,16.99,43.0,0.46,2
7.06,1.42,19.87,32.37,43.29,28.36,26.5,24.05,59.76,589.7,0.585,0.215,6,43.11,19.94,907.0,11.15,3
5.47,4.62,28.62,34.43,45.71,15.98,26.65,26.68,78.54,2604.5,0.709,0.154,4,36.67,18.82,38.0,3.34,1
6.6,1.11,13.49,26.56,52.67,19.84,26.15,23.81,59.49,600.0,0.614,0.194,6,42.97,19.94,618.0,3.56,2
7.31,0.81,10.8,40.0,36.4,29.85,27.06,24.05,54.06,632.3,0.728,0.152,7,44.82,19.87,468.0,0.75,3
6.88,0.95,11.06,34.98,42.29,29.86,25.86,23.78,58.45,612.5,0.737,0.15,7,43.3,19.17,599.0,0.63,2
5.65,2.26,22.82,30.45,40.35,21.1,26.42,25.2,77.43,2873.6,0.863,0.084,6,35.89,19.17,33.0,1.01,2
5.68,2.2,28.51,32.83,39.68,21.44,25.32,23.72,77.14,2320.2,0.86,0.085,6,39.71,18.63,176.0,2.07,1
5.83,1.4,21.01,29.07,40.12,16.39,26.13,20.46,69.21,1518.4,0.769,0.116,6,47.7,17.53,226.0,9.96,2
5.85,1.92,28.17,33.59,41.85,20.18,26.74,26.33,76.55,3614.3,0.835,0.095,5,38.08,19.02,28.0,1.6,1
7.38,0.99,23.07,43.91,33.39,32.1,27.12,24.58,57.77,597.5,0.632,0.187,6,44.35,20.05,411.0,0.44,3
7.49,0.93,12.51,33.47,39.1,35.14,26.66,23.84,55.64,584.1,0.692,0.164,7,44.19,19.87,508.0,1.0,3
6.52,1.16,10.56,38.59,25.31,30.19,25.73,19.18,62.68,1394.4,0.841,0.069,6,46.76,18.0,304.0,0.61,1
6.76,2.49,26.19,42.31,7.03,18.98,25.81,19.03,73.93,1564.8,0.722,0.113,5,46.81,16.46,3.0,0.2,2
6.7,1.34,13.8,35.34,38.88,23.51,26.11,22.97,57.34,831.4,0.773,0.117,7,44.4,19.29,644.0,4.1,1
7.12,1.05,10.37,28.38,29.86,11.82,25.68,16.57,55.44,1200.0,0.857,0.045,7,48.44,17.82,84.0,0.43,1
8.68,0.9,6.93,25.16,40.29,12.22,26.52,16.77,44.79,622.7,0.851,0.049,8,49.09,18.17,158.0,0.05,1
6.39,1.46,15.36,29.93,47.37,15.58,24.45,22.34,68.11,833.3,0.495,0.275,4,41.69,19.73,754.0,3.57,2
6.5,1.22,11.38,38.87,28.32,26.41,25.73,19.18,62.68,1394.4,0.841,0.069,6,46.76,17.89,257.0,0.49,1
6.94,0.95,10.75,35.8,35.84,23.06,27.18,24.44,56.69,611.1,0.676,0.162,6,44.66,20.05,339.0,0.47,1
8.67,1.3,7.05,24.58,38.11,11.26,25.59,14.87,42.58,582.8,0.779,0.031,8,49.46,17.88,231.0,0.05,3
7.93,0.76,7.79,26.11,41.85,14.78,25.79,14.73,40.74,508.1,0.765,0.033,8,49.76,17.89,220.0,0.0,2
7.86,0.77,5.75,23.55,48.39,18.03,26.59,15.26,36.98,382.0,0.744,0.049,8,49.61,18.38,183.0,0.16,3
5.37,1.96,24.72,32.19,40.2,14.99,26.94,27.0,78.64,2275.5,0.617,0.208,4,39.78,18.3,104.0,4.25,3
6.26,3.15,51.59,20.51,47.08,24.29,11.4,2.79,58.37,1005.1,0.679,0.056,6,31.3,16.64,3998.0,22.37,1
6.71,1.08,10.04,36.31,25.44,29.34,24.93,17.42,65.66,1391.1,0.798,0.076,6,46.79,17.21,246.0,0.47,3
6.95,1.06,11.01,39.52,40.23,21.53,27.18,24.44,56.69,611.1,0.676,0.162,6,44.66,19.94,422.0,0.19,2
6.96,1.58,16.26,40.18,27.24,25.12,27.28,23.98,60.13,1694.6,0.959,0.033,8,46.31,19.09,6.0,0.0,3
6.98,1.21,10.89,37.76,36.72,35.04,25.16,23.39,64.13,702.4,0.583,0.22,6,41.6,20.22,665.0,0.31,2
7.54,0.81,6.44,28.51,44.68,22.16,26.16,16.91,43.84,620.3,0.87,0.043,8,48.47,19.19,245.0,0.24,2
7.05,0.95,9.84,40.81,27.58,35.32,27.58,23.51,57.98,924.4,0.821,0.1,7,47.95,19.0,318.0,0.47,1
6.2,1.18,12.57,26.14,37.14,16.03,25.13,17.44,63.85,1210.0,0.773,0.081,6,45.94,16.49,195.0,1.24,1
8.28,0.97,8.51,35.28,24.32,20.85,25.37,14.6,43.48,638.8,0.779,0.031,8,49.68,18.81,242.0,0.08,1
5.6,2.26,27.15,35.0,45.21,17.98,26.74,26.33,76.55,3614.3,0.835,0.095,5,38.08,18.14,101.0,2.83,1
6.98,1.0,10.5,37.74,37.33,25.51,27.19,23.21,59.68,861.8,0.795,0.116,7,47.25,19.0,399.0,0.77,2
6.76,3.15,36.77,18.1,44.59,28.96,-4.18,-14.29,69.44,650.5,0.745,0.041,8,18.56,17.82,4120.0,38.53,2
6.09,1.44,20.87,32.53,34.66,17.56,25.03,19.53,71.16,1602.2,0.728,0.122,5,45.65,16.92,173.0,1.5,1
7.12,1.42,12.09,32.81,45.37,28.1,23.65,21.88,68.79,1137.3,0.684,0.164,6,40.36,19.82,766.0,1.86,1
5.53,1.97,24.56,28.28,51.9,13.93,23.82,23.05,79.01,2994.4,0.793,0.112,4,38.9,18.14,108.0,2.9,2
5.53,3.17,46.25,35.0,30.07,20.48,27.83,28.01,77.54,2709.4,0.562,0.23,3,34.81,18.88,1.0,0.05,3
7.42,0.85,6.5,28.85,28.72,35.93,26.18,17.75,51.9,903.1,0.869,0.051,8,48.54,18.6,334.0,0.63,1
5.8,1.56,12.8,29.71,33.32,14.62,23.15,16.39,76.81,1634.7,0.617,0.082,4,41.34,15.77,54.0,0.0,2
6.92,1.43,11.48,31.79,27.72,17.67,25.68,17.77,61.64,1120.7,0.781,0.075,6,46.6,16.66,44.0,0.51,3
7.13,0.94,9.21,43.09,29.73,41.51,26.72,22.79,52.99,846.8,0.849,0.088,7,45.79,19.07,472.0,0.53,2
5.43,1.27,12.9,39.4,26.49,15.62,24.95,18.87,78.58,2394.6,0.654,0.103,4,42.04,17.04,33.0,0.26,1
7.42,0.97,7.33,22.6,37.85,30.63,26.41,20.32,45.98,735.2,0.96,0.017,8,47.28,19.89,194.0,0.52,3
7.49,0.93,12.51,33.47,39.1,35.14,26.66,23.84,55.64,584.1,0.692,0.164,7,44.19,19.87,508.0,1.0,2
7.76,0.77,5.88,26.87,43.75,15.76,25.86,15.72,42.99,604.7,0.817,0.036,8,48.48,17.86,250.0,0.36,2
6.51,1.14,11.92,48.07,18.36,42.04,26.91,21.63,55.84,1234.0,0.886,0.05,8,48.42,18.69,294.0,1.21,1
6.67,3.78,44.93,32.69,31.23,28.98,28.28,26.19,76.34,1126.4,0.25,0.56,4,34.22,19.53,1.0,0.07,1
7.35,1.22,13.13,33.36,40.65,27.89,24.83,23.15,65.19,1213.8,0.852,0.09,7,43.07,19.17,532.0,0.41,2
5.8,1.76,18.75,31.76,41.99,29.12,23.41,22.06,78.12,2852.8,0.82,0.099,5,39.7,18.14,898.0,0.16,3
7.53,0.88,12.39,34.23,41.88,32.59,26.07,23.83,58.12,590.4,0.659,0.176,6,43.05,19.65,576.0,1.07,1
6.74,1.3,13.28,42.79,8.25,17.92,25.86,19.24,72.06,1593.0,0.706,0.114,5,46.13,16.46,5.0,0.28,3
7.32,0.94,6.52,28.99,37.74,20.04,25.8,17.39,43.74,638.6,0.914,0.03,8,47.45,19.54,350.0,1.01,1
7.45,0.89,8.37,42.35,12.58,44.02,26.43,21.04,54.84,1220.6,0.886,0.049,8,47.8,18.62,290.0,0.26,1
7.25,1.29,9.68,25.14,29.62,13.04,25.88,16.88,55.34,1084.0,0.856,0.046,7,48.35,16.98,80.0,0.1,2
7.55,0.72,7.78,45.06,21.84,45.97,25.51,19.6,50.15,867.2,0.932,0.036,8,47.48,19.0,502.0,0.33,2
6.58,1.31,13.5,40.5,18.84,39.84,24.29,17.84,56.65,1310.2,0.874,0.045,8,46.29,18.26,789.0,2.06,1
5.77,4.58,61.13,17.69,44.56,20.67,15.25,7.65,57.62,1219.7,0.805,0.029,7,35.05,16.85,2478.0,35.07,3
7.21,1.19,8.86,23.4,37.51,11.46,25.5,15.75,50.43,926.0,0.866,0.034,8,48.59,17.03,160.0,0.17,1
6.13,1.65,16.96,32.02,40.43,31.45,24.33,22.54,79.02,2754.3,0.846,0.092,5,40.38,19.76,758.0,4.42,1
6.0,1.32,13.48,25.4,30.85,18.79,25.11,17.61,66.9,1700.7,0.77,0.067,5,44.96,15.56,56.0,0.16,2
7.32,0.96,7.35,31.96,28.42,32.74,26.43,17.94,52.11,850.4,0.868,0.052,8,48.55,17.4,84.0,0.57,1
6.85,0.81,9.65,31.92,48.95,18.5,23.98,21.24,67.6,814.7,0.506,0.299,5,40.44,19.83,843.0,0.92,2
7.07,1.09,11.73,37.3,32.58,33.02,26.73,23.01,56.55,1267.0,0.951,0.036,8,46.66,19.03,157.0,4.13,2
6.21,1.53,12.81,34.97,38.79,26.35,23.02,21.46,71.84,1417.6,0.715,0.144,4,39.67,18.14,956.0,0.43,1
7.89,0.78,9.47,26.38,44.58,13.84,25.94,14.66,40.02,490.5,0.76,0.038,8,50.12,18.11,220.0,0.05,2
6.91,0.94,20.1,30.47,34.29,21.28,27.48,23.66,64.04,919.8,0.755,0.155,7,47.5,19.14,161.0,0.36,1
7.32,0.94,9.86,30.38,26.05,27.51,26.63,17.77,51.9,813.9,0.865,0.049,8,48.72,17.4,78.0,0.06,1
6.62,3.83,52.4,21.61,42.47,32.1,-3.59,-13.97,62.35,328.5,0.644,0.055,10,20.76,16.85,5745.0,22.31,3
5.51,1.9,25.16,32.65,34.68,16.67,25.27,25.01,78.79,1984.8,0.638,0.201,4,39.17,18.3,14.0,0.88,2
6.51,1.14,12.26,27.95,35.89,18.24,25.13,17.44,63.85,1210.0,0.773,0.081,6,45.94,17.19,204.0,0.71,2
8.0,0.86,8.31,25.59,42.48,17.1,25.71,15.36,43.52,647.1,0.81,0.032,8,48.64,17.86,216.0,0.12,3
7.35,1.3,13.1,35.71,36.55,38.18,25.55,19.08,45.45,682.9,0.955,0.017,8,46.45,19.6,653.0,5.31,2
5.52,3.74,36.99,34.7,41.46,27.12,23.41,22.06,78.12,2852.8,0.82,0.099,5,39.7,18.14,626.0,12.58,2
7.27,0.8,8.15,40.33,20.41,42.74,27.12,22.05,55.32,1049.9,0.878,0.055,8,48.59,18.87,256.0,0.31,2
6.33,1.74,17.16,30.02,36.06,16.86,26.61,21.54,70.05,1504.9,0.747,0.134,6,47.17,17.53,148.0,1.19,1
6.98,1.7,14.2,29.85,29.65,16.77,25.84,17.66,61.07,1121.6,0.792,0.064,6,46.32,16.93,36.0,0.16,3
7.55,0.84,7.73,25.14,46.09,25.48,25.76,15.77,38.82,486.7,0.814,0.032,8,46.73,19.31,431.0,1.86,1
7.06,2.42,30.77,15.45,57.92,23.29,5.32,-1.4,74.43,1097.7,0.77,0.047,6,18.89,14.65,4818.0,22.65,1
7.07,2.75,27.53,40.13,31.58,30.38,28.23,25.95,72.68,968.8,0.248,0.545,5,39.55,20.17,0.0,0.33,2
6.85,1.02,12.58,25.36,32.33,15.2,25.21,17.12,56.31,1219.2,0.816,0.046,7,45.41,16.86,73.0,0.15,2
6.65,1.02,13.9,35.25,19.69,19.42,25.84,18.86,69.55,1410.7,0.688,0.111,5,45.61,16.23,16.0,0.27,1
5.68,2.2,27.64,29.17,42.78,28.08,25.32,23.72,77.14,2320.2,0.86,0.085,6,39.71,18.63,466.0,1.99,1
7.49,0.97,8.14,37.22,20.91,38.02,25.91,17.96,56.01,1096.9,0.853,0.06,7,47.51,18.0,148.0,0.51,1
7.55,1.1,10.32,27.27,36.26,27.57,26.17,16.61,48.38,790.5,0.862,0.044,8,49.28,17.56,124.0,0.26,2
7.44,1.58,16.81,33.9,35.23,29.52,28.09,25.05,68.58,844.2,0.32,0.502,5,43.6,19.96,92.0,0.32,1
7.78,0.81,8.59,28.35,39.45,16.44,26.12,14.64,38.95,489.6,0.747,0.047,8,50.55,18.38,197.0,0.1,2
7.52,1.01,8.67,28.93,26.86,23.53,26.16,17.06,53.52,891.3,0.865,0.047,8,48.68,17.08,82.0,0.33,3
7.99,0.97,6.67,28.29,39.22,16.71,26.48,16.6,43.0,594.7,0.848,0.049,8,48.84,17.84,169.0,0.0,2
7.37,1.37,12.58,36.76,36.75,36.04,27.64,24.52,68.62,829.1,0.346,0.482,5,43.99,19.59,99.0,0.17,3
7.28,1.11,11.43,40.52,34.37,38.88,25.15,23.04,63.39,683.6,0.537,0.244,6,41.44,20.22,589.0,0.24,2
5.99,2.6,25.37,26.67,38.35,17.75,21.15,12.26,50.32,1093.2,0.787,0.03,8,43.87,18.15,1301.0,12.0,3
7.3,0.93,8.5,28.98,27.94,22.44,26.24,17.08,52.58,867.2,0.868,0.049,8,48.87,17.4,93.0,0.12,2
6.89,1.21,10.39,41.93,22.21,39.45,24.62,17.87,61.3,1358.7,0.852,0.066,7,46.19,18.0,556.0,1.03,2
7.33,1.24,11.56,32.4,27.15,27.12,26.47,17.62,53.29,889.7,0.857,0.052,8,48.49,17.32,70.0,0.52,3
7.39,0.83,7.66,38.79,27.27,41.05,25.28,18.62,52.6,1215.8,0.922,0.034,8,47.18,18.8,469.0,2.59,1
6.38,1.55,17.26,45.46,16.27,44.96,25.41,20.87,53.34,1033.2,0.886,0.055,8,45.84,18.67,650.0,4.92,3
6.28,1.37,12.73,31.13,41.51,32.67,24.39,22.64,74.71,1885.8,0.821,0.105,6,41.54,19.76,554.0,0.28,3
7.01,0.98,10.57,42.63,33.24,28.35,24.92,23.46,67.99,1365.1,0.768,0.129,6,42.2,19.76,548.0,0.88,3
6.99,1.02,11.3,24.52,33.2,15.29,25.64,16.49,53.49,1155.0,0.851,0.038,8,48.25,17.9,106.0,0.08,2
5.23,6.3,34.59,30.73,38.48,16.9,11.27,4.49,79.96,1325.2,0.702,0.061,5,34.11,12.52,1144.0,17.79,2
7.09,1.54,20.19,32.25,36.01,30.4,27.85,24.34,70.56,1086.5,0.349,0.518,4,43.78,19.46,124.0,0.12,1
6.59,2.51,15.32,36.92,5.04,18.1,26.24,20.69,75.03,1831.6,0.724,0.124,5,42.66,16.5,3.0,0.28,3
6.87,1.27,14.78,34.1,24.98,28.42,25.41,17.39,57.98,1095.9,0.845,0.063,7,46.84,17.35,211.0,2.88,2
7.2,1.3,12.24,39.39,21.79,39.0,24.16,17.62,57.04,1254.8,0.839,0.062,7,45.86,18.14,891.0,3.2,3
7.44,0.85,7.38,39.18,24.73,32.36,26.61,20.99,51.3,1173.7,0.918,0.042,8,48.88,18.69,335.0,1.61,3
6.75,1.63,18.23,38.89,16.67,17.95,26.7,21.91,75.98,1857.0,0.708,0.125,5,43.11,17.2,2.0,0.05,3
7.55,1.08,9.6,27.27,34.14,21.91,26.75,17.52,47.1,729.3,0.865,0.05,8,49.62,18.14,135.0,0.05,3
7.11,0.89,10.58,31.78,47.02,24.51,26.07,23.83,58.12,590.4,0.659,0.176,6,43.05,19.65,532.0,0.67,1
7.38,0.99,8.12,30.18,36.95,29.51,27.63,21.45,49.88,750.8,0.96,0.025,8,48.07,19.77,37.0,0.11,3
7.46,1.02,7.18,28.41,33.38,22.53,26.71,17.44,47.94,738.0,0.861,0.052,8,49.84,18.21,128.0,0.21,3
7.8,0.83,6.96,20.02,50.65,21.28,27.66,18.67,38.53,347.6,0.902,0.034,9,47.88,20.56,95.0,0.29,1
6.19,1.91,20.17,41.3,22.51,32.43,26.66,21.39,57.52,1360.2,0.886,0.05,7,48.16,18.56,375.0,3.77,2
7.63,0.66,5.76,30.16,41.41,24.22,25.69,16.0,38.76,470.3,0.842,0.033,8,46.3,19.7,421.0,0.31,3
5.29,6.77,38.96,30.15,31.19,20.94,17.67,11.07,81.05,2431.0,0.691,0.062,4,32.12,13.14,1552.0,26.16,3
6.61,2.44,19.72,23.97,36.86,15.06,23.8,15.09,50.37,1129.1,0.838,0.028,8,46.15,18.02,285.0,0.78,3
8.42,0.94,7.03,26.13,41.98,14.58,25.77,15.74,46.3,729.2,0.844,0.039,8,48.71,17.84,184.0,0.0,2
6.71,1.32,15.79,36.84,35.06,27.2,23.5,21.97,72.73,947.1,0.493,0.299,4,40.27,19.74,248.0,0.36,3
6.09,2.24,26.37,21.5,35.83,18.24,19.01,11.16,55.61,1331.3,0.833,0.027,8,40.15,18.02,1318.0,17.43,1
6.09,2.75,27.82,41.51,31.07,33.97,26.59,24.11,69.54,2462.5,0.924,0.059,7,44.04,18.49,661.0,9.07,1
6.58,0.95,10.35,41.62,33.62,30.44,24.93,23.44,69.68,1392.9,0.79,0.117,6,42.17,19.53,538.0,0.62,3
7.06,1.03,12.55,36.39,29.7,27.7,27.46,22.33,58.91,951.4,0.964,0.025,8,44.15,19.45,7.0,0.05,1
7.85,1.09,16.64,49.75,25.22,44.62,25.6,23.63,61.26,680.1,0.647,0.178,6,42.37,19.53,560.0,0.3,3
5.97,2.14,22.41,29.98,38.81,25.96,25.68,21.62,67.75,1516.2,0.784,0.113,6,46.51,18.21,795.0,7.84,2
7.42,1.1,11.12,36.48,40.13,28.73,25.49,23.83,63.97,800.7,0.658,0.177,6,42.13,19.76,560.0,4.26,3
7.03,1.63,10.5,31.13,27.91,26.4,26.23,17.38,55.25,968.2,0.85,0.053,8,48.31,17.21,83.0,0.08,1
6.97,1.39,11.95,26.55,38.51,15.07,24.39,14.85,51.05,1251.1,0.835,0.026,8,48.94,18.15,287.0,0.19,2
7.47,0.79,6.67,38.96,28.23,39.88,25.28,18.62,52.6,1215.8,0.922,0.034,8,47.18,18.8,471.0,0.08,3
6.6,1.08,9.69,28.97,53.83,18.41,23.74,21.61,67.94,842.5,0.522,0.251,4,40.38,20.19,884.0,0.7,1
6.4,1.06,10.58,28.37,36.72,16.88,24.79,16.79,62.83,1126.7,0.815,0.071,6,46.19,17.19,272.0,1.2,1
7.35,1.08,8.24,29.02,23.59,27.28,26.16,17.06,53.52,891.3,0.865,0.047,8,48.68,17.32,75.0,0.08,1
6.87,1.03,10.02,40.62,22.98,41.52,25.37,17.86,54.9,1084.1,0.862,0.052,8,47.56,18.47,448.0,0.15,1
7.44,1.57,9.61,22.69,28.78,19.08,25.95,16.82,54.2,1029.1,0.863,0.045,8,48.58,17.08,85.0,0.06,1
7.32,0.98,7.59,30.25,34.52,31.77,27.36,21.4,49.16,842.2,0.964,0.018,8,48.63,19.57,36.0,0.05,1
5.63,1.85,19.76,31.23,43.18,25.16,25.38,24.34,77.32,3354.6,0.848,0.09,5,38.61,18.72,659.0,1.65,2
7.18,1.04,8.21,39.32,22.23,26.69,25.94,19.28,61.25,1319.6,0.866,0.057,7,48.4,18.47,280.0,0.9,1
7.59,1.01,7.87,26.19,37.23,18.69,26.75,17.52,47.1,729.3,0.865,0.05,8,49.62,18.21,152.0,0.05,2
6.69,1.04,18.74,31.96,49.16,18.61,24.02,21.74,66.33,800.0,0.529,0.257,5,40.42,20.19,773.0,0.12,2
6.14,1.37,13.75,34.68,39.68,30.94,24.37,18.93,65.23,1441.5,0.846,0.067,7,45.49,18.05,657.0,0.08,3
6.89,1.21,10.39,41.93,22.21,39.45,24.62,17.87,61.3,1358.7,0.852,0.066,7,46.19,18.0,556.0,1.03,3
5.59,3.4,47.35,32.22,33.45,21.34,23.56,22.96,78.53,1852.7,0.663,0.185,4,38.78,18.58,2196.0,33.41,2
7.4,1.05,8.17,25.59,28.68,21.4,26.43,17.12,49.98,812.1,0.863,0.051,8,49.62,17.56,120.0,0.0,1
5.42,6.23,48.4,39.02,31.54,20.65,17.96,11.94,81.91,3043.3,0.644,0.074,4,29.91,15.43,1746.0,1.15,1
5.02,6.52,24.45,35.46,31.16,17.51,20.45,14.57,75.01,1307.4,0.607,0.104,5,36.8,15.98,974.0,11.2,3
7.15,1.41,18.24,33.82,38.19,28.96,27.28,24.44,67.9,824.5,0.349,0.456,5,43.04,19.96,464.0,5.12,3
5.31,1.25,13.12,31.76,32.51,15.06,24.59,19.11,77.55,2312.9,0.611,0.096,4,40.45,17.04,107.0,0.61,1
7.0,0.99,9.96,28.8,31.43,14.36,25.21,17.12,56.31,1219.2,0.816,0.046,7,45.41,16.86,71.0,0.08,2
6.1,1.69,20.83,30.03,41.54,23.35,27.48,23.66,64.04,919.8,0.755,0.155,7,47.5,18.72,254.0,0.74,2
7.52,0.79,7.66,35.62,24.52,30.03,25.52,17.76,52.05,1019.6,0.911,0.036,8,47.48,18.78,391.0,0.23,2
7.21,0.98,8.8,28.17,29.8,23.34,25.77,16.47,53.86,1044.3,0.861,0.041,8,48.2,17.4,105.0,0.38,1
5.27,7.62,51.72,29.79,36.35,24.8,18.42,12.38,67.07,1544.8,0.785,0.05,5,33.23,15.56,2546.0,5.22,2
8.84,1.81,9.75,25.02,43.56,10.75,26.52,16.77,44.79,622.7,0.851,0.049,8,49.09,17.42,154.0,0.05,2
7.18,1.04,9.12,40.8,21.81,35.48,26.23,20.74,51.69,1298.8,0.917,0.038,8,47.69,18.69,325.0,0.38,1
7.34,0.88,7.07,28.36,34.98,33.82,26.42,20.57,49.07,819.1,0.939,0.033,8,48.31,19.26,214.0,0.26,2
7.29,0.97,8.42,23.36,43.98,30.15,27.65,21.95,51.06,805.5,0.96,0.028,8,48.1,19.77,95.0,0.28,3
6.61,1.16,17.74,35.91,31.87,26.56,25.08,18.74,62.39,1422.1,0.822,0.073,6,46.39,17.32,206.0,0.68,1
6.59,1.55,15.5,35.64,39.19,24.2,23.87,21.87,73.34,1866.3,0.802,0.112,6,41.12,18.72,580.0,0.84,2
7.14,0.75,8.77,42.14,29.75,38.21,26.17,22.28,53.16,761.6,0.856,0.1,7,45.91,19.22,293.0,0.43,1
7.14,1.38,18.85,33.62,35.13,29.72,28.12,24.74,70.55,1044.5,0.317,0.543,5,42.9,19.44,67.0,0.16,3
7.26,0.93,6.73,30.11,41.21,32.0,25.95,17.73,46.58,732.2,0.899,0.04,8,48.03,18.99,484.0,0.5,1
6.46,1.04,10.0,41.97,30.94,34.81,24.93,23.44,69.68,1392.9,0.79,0.117,6,42.17,19.76,571.0,0.99,2
6.79,1.69,27.16,34.92,33.98,26.09,28.09,25.45,75.17,1152.6,0.323,0.552,4,37.02,19.44,7.0,0.19,2
7.08,1.13,11.84,32.97,39.27,30.94,23.02,21.46,71.84,1417.6,0.715,0.144,4,39.67,19.82,1000.0,0.45,1
7.2,0.94,7.96,45.2,16.73,42.55,25.41,18.31,54.05,1265.7,0.916,0.03,8,47.51,18.64,520.0,0.83,2
6.65,2.86,23.14,39.82,8.82,20.75,25.81,19.03,73.93,1564.8,0.722,0.113,5,46.81,16.46,4.0,0.35,3
6.89,1.36,13.67,40.67,18.77,40.81,24.34,18.46,56.64,1270.0,0.838,0.06,7,45.59,18.14,776.0,6.07,1
8.95,1.09,7.98,24.56,46.74,10.27,26.21,16.33,45.28,638.4,0.842,0.045,8,48.72,17.56,169.0,0.05,2
7.54,0.85,7.74,26.64,47.64,21.22,27.06,18.59,40.65,426.3,0.918,0.024,9,48.01,20.56,227.0,0.33,1
5.96,1.6,17.01,31.88,32.75,18.28,23.15,16.39,76.81,1634.7,0.617,0.082,4,41.34,15.77,56.0,0.05,3
7.53,0.88,9.78,36.36,36.54,32.59,26.66,23.84,55.64,584.1,0.692,0.164,7,44.19,19.87,500.0,0.68,1
7.3,0.91,8.4,24.92,35.31,10.57,25.4,15.38,47.87,830.6,0.845,0.034,8,48.96,17.2,212.0,0.08,3
7.23,0.82,6.05,27.53,43.93,25.15,25.83,18.09,47.99,827.5,0.911,0.038,8,48.08,19.1,381.0,0.31,3
5.85,1.92,28.17,33.59,41.85,20.18,26.74,26.33,76.55,3614.3,0.835,0.095,5,38.08,19.02,28.0,1.6,2
6.61,1.15,13.66,34.74,34.84,18.81,25.53,19.85,62.53,1407.7,0.87,0.057,7,46.77,18.53,344.0,0.9,3
5.98,1.02,8.88,25.81,40.81,18.0,25.54,18.09,66.93,1304.2,0.742,0.092,6,46.96,16.49,125.0,0.99,2
5.51,1.47,13.11,26.79,33.0,16.49,24.08,17.31,76.08,1848.9,0.614,0.074,4,38.44,15.8,56.0,0.08,2
7.78,0.75,6.34,24.01,44.41,16.22,27.04,15.46,34.54,303.2,0.695,0.089,9,49.69,17.82,177.0,0.13,2
7.32,0.85,8.53,24.82,36.3,11.37,24.85,14.93,49.16,986.1,0.831,0.028,8,49.21,17.48,238.0,0.06,2
6.94,0.98,11.43,34.54,37.95,34.64,25.65,23.58,62.51,634.8,0.583,0.214,6,41.41,19.94,522.0,0.29,3
6.72,3.48,49.95,18.8,44.75,22.88,6.17,-0.47,83.68,1167.4,0.713,0.061,5,22.55,12.52,3948.0,23.4,3
6.77,1.02,12.07,34.01,45.01,22.36,23.02,21.46,71.84,1417.6,0.715,0.144,4,39.67,19.82,842.0,0.37,2
6.89,1.06,12.99,24.76,35.08,12.55,24.0,15.62,53.32,1352.7,0.823,0.029,7,45.81,17.03,207.0,0.18,1
7.04,0.89,9.14,35.5,36.84,22.07,26.42,22.81,61.22,756.0,0.738,0.145,7,45.09,19.44,299.0,0.17,1
5.61,2.46,33.75,32.96,41.5,23.47,26.42,25.2,77.43,2873.6,0.863,0.084,6,35.89,19.17,155.0,3.31,3
5.55,3.5,43.91,27.69,37.12,23.34,12.3,5.78,82.86,1912.3,0.704,0.058,4,28.51,12.52,2338.0,11.58,3
5.29,8.72,24.49,28.71,31.13,18.47,17.73,11.78,74.72,1428.5,0.651,0.079,4,35.42,15.51,1441.0,18.32,1
6.11,1.24,11.53,37.54,36.36,33.6,24.93,23.44,69.68,1392.9,0.79,0.117,6,42.17,18.63,489.0,1.62,3
7.48,0.8,7.2,43.09,23.62,42.33,26.71,22.12,52.5,947.8,0.876,0.059,8,47.23,18.99,295.0,0.4,3
6.39,1.42,15.17,31.26,38.58,14.8,25.99,20.37,70.49,1539.6,0.759,0.115,6,47.31,17.1,104.0,0.33,3
8.57,1.1,7.72,24.25,38.72,11.17,25.83,15.22,41.96,566.1,0.785,0.032,8,48.65,17.88,226.0,0.12,3
7.34,0.99,9.75,29.9,26.7,33.7,26.63,17.77,51.9,813.9,0.865,0.049,8,48.72,17.32,76.0,0.05,1
6.99,1.22,13.98,32.33,41.36,30.54,23.86,22.49,69.82,886.2,0.508,0.266,4,40.67,18.58,807.0,0.1,1
7.25,0.85,7.65,43.37,24.33,38.58,26.17,21.09,51.35,881.7,0.926,0.045,8,47.39,19.09,391.0,2.04,1
5.86,3.02,54.44,20.14,46.57,20.57,10.03,1.96,60.95,1004.4,0.769,0.033,8,30.32,16.92,3230.0,16.65,1
6.36,1.26,11.43,33.92,38.29,36.1,24.39,22.64,74.71,1885.8,0.821,0.105,6,41.54,19.76,613.0,1.03,3
5.83,2.63,28.26,35.52,36.15,25.29,26.72,25.8,72.29,2417.5,0.892,0.068,6,41.46,18.63,520.0,4.32,3
5.52,1.84,23.28,29.33,42.39,13.35,25.27,25.01,78.79,1984.8,0.638,0.201,4,39.17,18.3,35.0,1.58,1
5.77,2.66,36.8,36.79,38.87,21.59,27.54,27.38,78.56,3176.4,0.749,0.134,4,33.1,18.14,3.0,0.89,1
6.42,1.12,10.71,31.91,34.79,21.08,24.75,16.95,64.63,1265.4,0.806,0.074,6,45.93,17.19,297.0,0.7,2
7.95,0.94,7.83,25.44,47.19,13.97,26.17,15.0,39.16,446.0,0.76,0.035,8,49.54,18.38,202.0,0.13,2
5.3,7.73,40.43,28.25,41.86,17.17,13.32,6.88,76.95,2205.2,0.689,0.057,4,30.04,13.19,1287.0,7.8,2
6.25,2.38,25.61,27.07,37.77,18.15,18.93,9.62,50.03,911.7,0.587,0.076,4,42.42,17.76,848.0,8.6,2
6.21,1.14,12.72,35.35,35.87,15.95,25.85,19.24,72.02,1564.3,0.72,0.119,5,48.83,17.37,85.0,0.45,3
7.67,2.6,26.54,17.72,47.15,31.67,-5.41,-17.26,61.14,329.4,0.471,0.118,10,22.49,17.67,4665.0,36.24,1
6.99,1.34,11.67,24.53,44.1,16.17,21.15,12.26,50.32,1093.2,0.787,0.03,8,43.87,18.81,339.0,0.47,2
7.4,0.96,18.05,29.75,48.21,28.08,25.2,23.39,62.04,795.3,0.74,0.139,6,42.53,19.65,582.0,0.63,1
5.89,2.93,31.13,25.86,32.78,20.83,17.95,10.49,56.86,1240.0,0.786,0.031,6,38.21,17.73,1713.0,22.07,1
6.66,1.92,21.71,36.57,29.92,25.84,28.22,24.94,70.7,1011.0,0.295,0.554,5,42.45,19.44,21.0,0.05,1
7.55,0.85,7.2,42.02,18.56,37.44,26.04,19.76,52.4,1307.9,0.92,0.033,8,48.14,18.55,329.0,0.67,1
6.45,1.27,13.76,32.28,45.77,19.72,24.45,22.34,68.11,833.3,0.495,0.275,4,41.69,19.73,829.0,7.09,1
7.08,1.1,11.41,30.05,34.64,22.02,25.84,16.42,52.52,1032.2,0.861,0.043,8,48.77,17.57,120.0,0.16,1
7.42,1.03,15.73,40.36,33.39,28.41,24.92,23.46,67.99,1365.1,0.768,0.129,6,42.2,19.76,524.0,1.08,3
7.34,1.23,9.0,46.18,18.7,32.25,25.83,20.37,57.07,1318.3,0.873,0.051,7,47.28,18.45,325.0,0.38,1
6.82,1.16,10.31,32.93,46.13,21.18,23.74,21.61,67.94,842.5,0.522,0.251,4,40.38,19.73,887.0,0.4,1
7.39,0.88,7.64,43.53,22.79,47.65,25.96,21.99,53.19,842.4,0.854,0.092,7,45.55,19.21,485.0,0.17,3
5.57,2.74,32.24,33.77,39.37,28.49,23.82,23.05,79.01,2994.4,0.793,0.112,4,38.9,18.14,885.0,2.81,3
7.34,1.0,10.35,24.11,42.51,24.76,27.76,19.77,42.91,458.9,0.936,0.031,9,48.0,20.18,18.0,0.11,1
5.48,3.68,38.98,34.52,38.1,28.4,25.38,24.34,77.32,3354.6,0.848,0.09,5,38.61,18.72,1123.0,17.74,1
6.81,1.3,15.33,49.01,22.31,43.83,26.29,21.55,52.95,844.6,0.898,0.064,8,47.54,19.04,503.0,5.57,1
6.85,0.97,12.23,31.99,44.69,21.41,27.26,24.37,55.84,655.1,0.717,0.144,7,44.84,19.87,452.0,1.75,3
6.68,1.96,13.03,38.75,35.39,29.02,26.87,24.16,62.04,2019.7,0.954,0.037,7,45.3,18.72,109.0,0.96,3
7.46,0.86,6.67,35.22,30.31,40.58,25.49,18.64,49.5,836.1,0.929,0.033,8,47.69,19.22,465.0,0.43,2
7.22,1.03,9.63,35.93,35.47,38.43,24.48,17.09,44.83,571.5,0.937,0.022,8,45.39,19.6,731.0,1.6,3
7.53,0.9,12.46,41.86,35.29,36.74,25.86,23.78,58.45,612.5,0.737,0.15,7,43.3,19.65,552.0,0.53,2
7.15,0.93,11.21,26.15,31.07,14.67,25.81,16.97,56.46,1112.0,0.842,0.046,7,47.99,16.86,63.0,0.23,2
6.69,1.07,11.4,34.0,40.73,32.62,24.83,23.15,65.19,1213.8,0.852,0.09,7,43.07,19.17,707.0,0.7,2
8.17,0.88,7.5,26.91,39.6,13.76,25.79,14.73,40.74,508.1,0.765,0.033,8,49.76,18.11,227.0,0.12,2
5.12,3.47,27.73,31.35,41.01,18.47,24.18,17.1,72.72,2228.7,0.653,0.06,4,45.58,14.89,144.0,0.47,3
7.44,0.77,6.71,21.51,35.48,18.41,25.59,16.55,41.58,513.9,0.878,0.035,8,47.16,19.57,369.0,0.54,1
5.81,2.31,19.51,29.69,40.48,26.07,23.82,23.05,79.01,2994.4,0.793,0.112,4,38.9,18.14,931.0,2.6,3
7.1,1.0,9.92,25.3,32.0,21.09,25.77,16.47,53.86,1044.3,0.861,0.041,8,48.2,17.9,109.0,0.24,2
7.12,0.76,6.83,29.14,37.76,36.11,25.38,17.75,48.79,858.8,0.905,0.039,8,47.47,18.94,455.0,0.64,1
6.74,1.26,12.61,33.15,41.88,31.5,23.2,22.02,73.35,1604.3,0.717,0.143,4,39.89,19.49,908.0,0.58,2
5.56,1.66,12.47,30.25,32.34,15.07,24.08,17.31,76.08,1848.9,0.614,0.074,4,38.44,15.8,70.0,0.15,2
6.83,1.38,16.23,44.3,18.37,38.03,25.06,19.54,56.49,1328.1,0.866,0.05,7,46.45,18.45,609.0,1.87,3
6.02,1.93,31.17,36.09,41.21,20.69,26.74,26.33,76.55,3614.3,0.835,0.095,5,38.08,19.02,27.0,1.74,1
7.29,1.14,13.53,38.59,35.1,40.54,25.65,23.58,62.51,634.8,0.583,0.214,6,41.41,20.22,594.0,0.24,1
5.32,3.99,39.16,33.36,38.77,17.28,20.9,14.5,74.37,1815.3,0.64,0.063,4,40.83,14.57,1068.0,1.57,2
7.36,0.8,6.37,37.71,33.55,37.96,25.57,18.4,46.25,706.7,0.935,0.028,8,47.53,19.44,432.0,0.79,2
7.59,1.11,7.52,32.09,33.98,34.25,27.57,21.36,48.32,769.0,0.964,0.018,8,48.58,19.89,58.0,0.2,1
5.62,2.02,26.47,33.7,42.61,18.61,27.08,26.85,77.98,3521.1,0.795,0.113,4,36.03,18.14,95.0,0.92,3
7.55,0.87,11.28,43.08,30.08,39.86,27.06,24.05,54.06,632.3,0.728,0.152,7,44.82,19.47,411.0,0.71,1
7.58,0.79,7.17,39.47,28.48,42.01,26.33,21.43,52.15,834.4,0.917,0.052,8,47.24,19.04,328.0,1.24,1
7.2,0.82,6.88,30.59,38.57,30.69,25.47,17.43,47.64,758.7,0.889,0.043,8,47.61,18.99,444.0,0.48,1
8.24,1.29,6.82,23.02,44.01,10.99,25.59,14.87,42.58,582.8,0.779,0.031,8,49.46,17.88,226.0,0.08,3
7.04,0.97,9.15,26.89,33.99,11.17,25.05,15.09,49.64,944.4,0.844,0.031,8,49.02,18.02,219.0,0.28,2
6.77,1.19,11.49,32.57,40.66,30.18,24.88,22.67,67.69,795.9,0.445,0.33,4,42.08,19.73,653.0,0.23,3
6.62,0.97,10.24,32.51,41.94,32.9,24.3,22.92,68.66,1552.4,0.848,0.089,6,42.34,19.17,669.0,0.41,3
6.65,0.86,9.38,25.97,57.94,15.89,23.74,21.61,67.94,842.5,0.522,0.251,4,40.38,20.19,909.0,0.82,3
6.96,1.0,11.1,26.51,28.82,13.3,25.52,16.57,56.9,1262.1,0.846,0.046,6,48.11,17.82,90.0,0.12,1
8.42,0.94,7.03,26.13,41.98,14.58,25.77,15.74,46.3,729.2,0.844,0.039,8,48.71,17.84,184.0,0.0,3
6.91,1.01,9.8,37.83,42.07,26.29,24.11,22.5,67.12,880.9,0.546,0.222,5,40.63,19.49,751.0,0.95,3
7.17,1.15,10.39,45.78,22.58,40.32,25.14,18.19,53.62,1250.0,0.921,0.032,8,47.28,18.55,542.0,0.81,2
7.51,1.14,11.63,30.17,33.4,17.97,25.21,14.61,44.61,732.5,0.781,0.031,8,49.68,18.81,277.0,0.16,2
5.22,3.8,39.83,35.87,39.33,14.19,26.94,27.0,78.64,2275.5,0.617,0.208,4,39.78,18.3,682.0,17.07,2
7.45,0.9,11.64,30.08,38.91,32.74,25.6,23.63,61.26,680.1,0.647,0.178,6,42.37,19.53,590.0,0.28,3
5.64,2.47,26.13,30.15,43.64,20.36,26.96,26.14,78.24,3553.6,0.866,0.083,5,33.42,19.17,65.0,3.87,1
6.83,1.17,11.16,35.64,36.4,28.56,24.52,23.11,67.75,883.0,0.534,0.232,4,41.44,19.49,715.0,1.31,1
7.29,0.75,6.66,30.34,29.56,28.99,25.46,17.56,53.35,1071.8,0.902,0.037,8,47.53,18.85,327.0,0.35,2
6.81,1.22,12.0,44.41,26.13,36.74,26.08,22.88,58.26,1393.7,0.944,0.043,8,45.52,19.03,440.0,4.01,1
5.11,5.3,28.62,27.68,37.3,18.69,15.2,8.89,74.5,1619.8,0.743,0.061,5,28.09,15.39,979.0,28.31,1
8.02,0.6,4.35,22.43,50.68,11.77,27.66,16.79,32.54,257.4,0.76,0.052,10,48.09,20.48,167.0,0.46,1
6.53,1.15,11.75,34.14,40.76,20.75,24.45,22.34,68.11,833.3,0.495,0.275,4,41.69,19.73,672.0,1.27,3
6.26,2.14,22.05,26.71,41.51,18.95,24.16,14.72,47.72,1053.0,0.806,0.027,8,47.93,18.81,544.0,7.67,3
7.16,1.04,10.93,31.32,40.07,28.11,25.65,23.58,62.51,634.8,0.583,0.214,6,41.41,19.94,517.0,1.42,2
8.17,0.96,8.03,25.69,41.64,16.08,26.54,16.71,44.09,626.3,0.849,0.05,8,49.01,17.56,166.0,0.18,1
6.44,1.3,12.05,26.74,51.93,16.45,23.74,21.61,67.94,842.5,0.522,0.251,4,40.38,19.73,818.0,0.7,1
7.7,1.15,9.02,24.71,31.14,20.98,26.44,16.97,47.87,737.9,0.86,0.049,8,49.47,18.14,133.0,0.17,3
7.59,0.81,7.01,25.2,49.24,16.78,26.37,16.72,42.04,586.0,0.853,0.044,8,48.66,19.19,279.0,0.16,1
6.71,2.34,36.29,29.48,36.39,25.86,27.85,25.44,78.29,1230.0,0.64,0.261,5,37.22,18.12,0.0,0.1,2
8.61,0.95,6.84,27.24,41.26,11.62,25.98,15.8,44.26,670.5,0.83,0.038,8,48.63,17.84,187.0,0.08,2
6.58,0.95,10.61,34.82,42.68,21.17,24.11,22.5,67.12,880.9,0.546,0.222,5,40.63,19.49,708.0,1.39,1
6.53,0.99,11.23,37.89,41.13,20.08,24.11,22.5,67.12,880.9,0.546,0.222,5,40.63,19.49,708.0,1.18,2
7.45,1.02,7.9,27.39,35.85,20.0,26.71,17.44,47.94,738.0,0.861,0.052,8,49.84,17.67,122.0,0.21,1
5.64,2.57,19.17,40.43,29.16,17.9,20.45,14.57,75.01,1307.4,0.607,0.104,5,36.8,15.98,415.0,2.25,3
6.81,1.25,10.03,43.99,18.82,41.11,24.44,17.6,55.84,1190.2,0.848,0.059,7,46.4,18.47,575.0,0.74,3
6.82,1.26,14.09,34.98,40.39,27.53,24.89,21.68,68.28,827.6,0.505,0.313,5,41.84,19.83,783.0,3.04,2
6.95,0.98,11.93,35.59,43.27,22.5,25.33,22.27,64.54,733.4,0.513,0.311,5,41.84,19.83,687.0,0.7,1
5.93,2.0,24.04,34.19,36.35,21.14,25.12,19.5,68.56,1515.6,0.768,0.103,6,45.85,17.1,602.0,2.06,3
6.18,1.58,18.62,37.69,33.18,25.53,25.44,19.64,62.96,1370.7,0.862,0.062,7,46.77,18.19,345.0,5.67,3
6.67,1.48,19.46,33.61,40.43,26.24,27.6,23.64,66.34,782.4,0.542,0.351,6,46.92,18.94,429.0,12.7,3
7.83,1.12,11.18,44.7,27.52,43.94,24.92,23.46,67.99,1365.1,0.768,0.129,6,42.2,19.76,544.0,0.8,1
7.2,0.82,9.51,37.88,36.59,28.55,27.23,24.25,55.04,720.5,0.746,0.132,7,45.04,19.87,428.0,0.74,2
5.76,2.02,24.98,36.78,49.45,18.4,27.08,26.85,77.98,3521.1,0.795,0.113,4,36.03,19.05,111.0,6.07,2
7.09,1.12,11.58,33.53,44.53,32.54,26.5,24.05,59.76,589.7,0.585,0.215,6,43.11,20.22,570.0,3.1,2
6.93,1.19,10.06,36.81,28.22,32.03,27.0,22.37,59.19,1363.0,0.874,0.06,7,48.53,18.56,203.0,0.34,1
7.86,0.88,7.6,27.93,41.15,19.95,26.38,16.24,42.94,596.6,0.835,0.045,8,48.76,17.84,188.0,0.06,1
6.19,1.82,20.55,33.84,38.45,17.64,23.77,20.16,72.61,1402.9,0.714,0.184,5,44.29,17.78,348.0,20.86,3
5.18,1.34,16.12,30.55,36.8,20.3,24.57,17.38,75.49,2165.3,0.675,0.085,5,41.02,15.62,147.0,0.85,3
6.44,1.33,14.23,29.28,33.58,22.52,24.75,16.95,64.63,1265.4,0.806,0.074,6,45.93,17.21,259.0,0.88,2
5.91,1.91,20.95,35.3,36.04,19.46,23.77,20.16,72.61,1402.9,0.714,0.184,5,44.29,17.62,1324.0,14.02,3
7.89,0.99,10.08,29.22,28.21,15.57,24.9,14.77,47.4,914.1,0.813,0.028,8,49.29,18.81,254.0,0.24,3
5.68,4.37,51.01,27.17,40.85,19.59,14.67,6.83,58.07,1175.6,0.796,0.03,8,35.62,18.15,2373.0,30.5,1
7.25,0.72,6.11,34.72,25.88,31.25,25.53,17.97,50.9,1013.3,0.91,0.039,8,47.5,18.78,405.0,0.43,3
7.31,0.93,7.05,32.63,37.04,23.12,25.46,17.49,45.94,721.4,0.926,0.028,8,47.06,19.73,393.0,0.31,2
7.35,1.17,10.2,27.22,29.01,24.71,26.59,17.67,52.03,827.0,0.869,0.051,8,48.76,17.4,92.0,0.06,2
7.11,2.93,30.78,19.4,45.55,31.17,-6.4,-17.43,66.05,452.3,0.668,0.066,10,19.17,18.64,4796.0,32.04,1
7.38,1.17,9.59,26.08,35.04,11.1,26.57,17.06,46.57,695.9,0.86,0.05,8,49.37,18.14,139.0,0.12,1
7.24,0.98,10.99,24.07,37.66,14.49,24.9,14.77,47.4,914.1,0.813,0.028,8,49.29,18.15,274.0,0.08,2
6.52,1.4,14.63,27.22,36.89,14.05,25.43,16.07,53.17,1156.0,0.853,0.033,8,49.0,17.1,161.0,0.33,3
7.09,1.2,12.87,36.68,33.21,38.93,24.92,23.46,67.99,1365.1,0.768,0.129,6,42.2,19.76,592.0,0.58,3
7.38,0.91,6.43,24.39,40.17,23.66,26.18,17.75,51.9,903.1,0.869,0.051,8,48.54,17.64,229.0,0.36,1
8.1,0.89,7.48,23.4,38.37,11.05,25.22,15.1,47.16,831.4,0.827,0.031,8,49.13,17.6,219.0,0.08,1
7.14,1.38,18.85,33.62,35.13,29.72,28.12,24.74,70.55,1044.5,0.317,0.543,5,42.9,19.44,67.0,0.16,2
6.71,1.19,15.53,34.52,39.17,24.92,27.1,23.66,64.43,759.9,0.637,0.234,6,46.11,19.2,243.0,0.27,1
7.86,1.0,11.34,34.4,32.17,39.68,25.6,23.63,61.26,680.1,0.647,0.178,6,42.37,19.53,583.0,0.52,1
6.79,1.69,27.16,34.92,33.98,26.09,28.09,25.45,75.17,1152.6,0.323,0.552,4,37.02,19.44,7.0,0.19,1
7.29,0.83,12.31,29.9,31.27,25.84,27.63,21.45,49.88,750.8,0.96,0.025,8,48.07,19.57,10.0,0.0,3
6.4,1.58,17.26,36.38,25.47,34.26,24.42,16.88,59.84,1207.5,0.836,0.069,7,45.34,17.1,553.0,0.82,1
7.01,0.93,11.35,25.83,26.72,22.75,25.99,16.78,53.4,961.9,0.865,0.046,8,48.61,17.08,93.0,0.06,2
7.09,0.93,15.76,37.89,37.17,22.73,27.18,24.44,56.69,611.1,0.676,0.162,6,44.66,19.96,408.0,0.15,2
7.14,0.93,12.14,31.8,47.63,28.78,26.07,23.83,58.12,590.4,0.659,0.176,6,43.05,19.65,662.0,0.62,1
6.95,1.06,12.71,25.64,34.9,14.44,24.0,15.62,53.32,1352.7,0.823,0.029,7,45.81,17.03,206.0,0.08,3
7.26,1.07,10.78,37.72,32.5,32.73,27.23,24.25,55.04,720.5,0.746,0.132,7,45.04,19.47,428.0,1.5,2
6.94,1.06,9.66,22.38,32.88,13.71,25.58,16.82,52.99,1208.3,0.852,0.041,7,47.86,17.9,114.0,0.21,1
7.93,1.08,22.0,48.75,28.19,46.34,26.07,23.83,58.12,590.4,0.659,0.176,6,43.05,19.53,588.0,0.34,1
7.12,1.31,10.01,40.86,31.06,33.12,27.28,23.98,60.13,1694.6,0.959,0.033,8,46.31,19.03,61.0,0.38,1
5.92,2.07,27.07,33.74,37.61,18.56,25.35,19.86,66.02,1492.4,0.792,0.105,6,46.17,17.53,542.0,4.45,1
7.43,1.05,7.59,29.74,34.57,31.6,27.62,21.11,48.66,699.7,0.959,0.024,8,48.1,19.89,35.0,0.11,3
6.95,1.01,12.28,35.91,34.65,34.74,24.84,23.23,66.04,1064.2,0.762,0.127,6,42.17,19.53,693.0,0.86,2
6.67,1.2,11.49,42.09,20.46,40.59,25.37,18.36,54.35,1281.1,0.905,0.033,8,47.83,18.48,472.0,2.09,1
6.02,3.59,57.25,19.9,44.23,20.85,6.17,-0.47,83.68,1167.4,0.713,0.061,5,22.55,12.52,3268.0,24.99,2
5.22,3.91,18.15,29.11,36.96,14.53,24.76,18.43,76.26,2617.5,0.614,0.086,4,43.07,16.63,73.0,3.56,3
7.77,0.83,9.91,27.04,39.97,17.18,25.33,14.29,43.43,660.0,0.772,0.035,8,49.99,17.43,245.0,0.17,2
6.79,1.25,12.06,34.82,35.55,28.6,23.86,22.49,69.82,886.2,0.508,0.266,4,40.67,19.49,652.0,0.45,2
7.1,0.85,7.29,29.83,37.5,33.54,25.47,17.43,47.64,758.7,0.889,0.043,8,47.61,18.99,425.0,0.48,3
6.98,0.98,10.08,33.13,39.63,28.13,25.39,22.89,63.31,715.1,0.543,0.261,5,41.9,20.36,652.0,0.57,1
7.79,0.71,6.19,26.49,45.62,19.44,26.11,15.99,37.39,451.7,0.814,0.031,8,46.67,19.19,318.0,0.12,3
6.27,1.73,19.12,24.55,38.0,12.84,24.0,15.62,53.32,1352.7,0.823,0.029,7,45.81,17.1,239.0,1.08,2
6.94,1.12,11.56,33.34,38.64,30.16,25.15,23.04,63.39,683.6,0.537,0.244,6,41.44,20.36,651.0,4.29,2
7.11,0.84,7.64,32.14,35.41,31.7,25.62,17.66,49.8,853.6,0.897,0.044,8,47.44,18.99,456.0,0.55,1
7.27,1.47,10.55,33.14,28.88,29.91,26.63,17.77,51.9,813.9,0.865,0.049,8,48.72,17.32,78.0,0.35,3
6.5,1.38,11.47,40.86,19.32,32.84,25.25,19.03,56.35,1277.5,0.841,0.061,7,46.89,18.14,417.0,0.87,1
7.43,1.05,8.34,25.26,41.42,10.99,25.37,15.52,49.18,850.2,0.843,0.033,8,48.62,17.2,200.0,0.13,2
7.91,0.93,8.85,28.53,42.66,20.47,26.22,16.3,41.86,579.8,0.834,0.04,8,48.44,17.84,196.0,0.1,2
6.4,1.73,19.02,36.09,24.09,36.18,23.27,16.17,60.65,1308.7,0.84,0.07,7,43.95,17.64,707.0,2.73,3
7.4,0.91,7.71,36.33,17.43,40.28,25.54,18.16,55.35,1047.6,0.852,0.062,7,46.64,18.35,313.0,0.99,2
7.1,3.78,43.0,16.11,42.24,24.16,-0.56,-9.6,74.03,879.6,0.753,0.039,8,18.1,17.78,5151.0,28.37,3
7.33,0.96,19.88,37.07,37.52,25.07,27.18,24.44,56.69,611.1,0.676,0.162,6,44.66,19.94,371.0,0.19,1
7.83,0.78,9.25,22.46,51.05,15.15,26.01,15.09,40.16,477.7,0.764,0.032,8,49.23,17.89,206.0,0.19,1
5.65,2.7,23.23,36.1,45.38,19.87,27.54,27.38,78.56,3176.4,0.749,0.134,4,33.1,18.14,21.0,0.74,2
7.56,0.78,7.81,25.44,44.66,20.6,26.02,15.6,40.85,553.3,0.795,0.032,8,48.25,19.19,251.0,0.39,2
6.22,1.45,16.44,31.89,38.35,35.36,25.2,23.39,62.04,795.3,0.74,0.139,6,42.53,18.63,805.0,5.44,2
6.23,1.32,13.82,28.92,40.52,17.8,27.33,23.53,65.47,1182.0,0.786,0.127,7,47.74,18.72,179.0,4.05,2
7.42,1.47,9.47,28.33,33.04,24.52,26.44,16.97,47.87,737.9,0.86,0.049,8,49.47,18.14,138.0,0.06,2
7.37,1.02,8.02,41.77,25.84,39.91,26.72,22.79,52.99,846.8,0.849,0.088,7,45.79,19.21,389.0,0.29,1
7.83,0.94,6.28,24.94,40.5,17.01,26.64,17.48,46.37,727.4,0.87,0.046,8,49.2,18.17,166.0,0.08,3
6.05,2.14,31.24,33.02,41.89,22.89,25.38,24.34,77.32,3354.6,0.848,0.09,5,38.61,19.02,17.0,0.85,3
7.86,0.91,8.73,21.37,49.54,13.99,26.01,15.09,40.16,477.7,0.764,0.032,8,49.23,17.89,211.0,0.08,1
5.27,3.86,34.48,34.32,34.37,15.92,24.2,23.27,78.77,1558.3,0.537,0.27,4,40.09,18.3,1196.0,9.0,1
7.21,1.14,10.17,37.06,32.5,36.1,26.18,22.78,56.29,858.8,0.792,0.109,7,44.55,19.23,562.0,1.68,3
7.32,0.85,10.0,36.48,38.0,31.83,26.66,23.84,55.64,584.1,0.692,0.164,7,44.19,19.87,524.0,0.33,1
6.96,1.34,12.04,25.28,42.02,17.83,24.16,14.72,47.72,1053.0,0.806,0.027,8,47.93,18.81,325.0,0.36,3
7.4,1.02,8.27,30.85,34.55,32.16,27.36,21.4,49.16,842.2,0.964,0.018,8,48.63,19.48,54.0,0.08,2
5.2,2.41,16.87,30.23,39.02,18.14,23.37,17.28,75.46,2521.0,0.647,0.083,4,40.18,15.62,65.0,2.07,3
8.25,0.94,6.99,26.39,44.83,12.42,25.98,15.8,44.26,670.5,0.83,0.038,8,48.63,17.84,188.0,0.05,1
7.57,0.79,11.8,37.2,37.92,32.96,26.47,23.92,57.11,576.1,0.65,0.178,6,43.8,19.65,522.0,0.7,3
5.65,1.99,20.6,30.14,41.4,26.12,22.53,20.5,77.64,2460.4,0.819,0.102,5,39.03,18.72,648.0,0.21,3
7.41,0.66,6.57,54.74,11.29,48.07,26.02,20.63,51.15,921.1,0.923,0.045,8,47.76,18.89,570.0,0.67,3
5.26,6.69,28.33,30.82,34.21,19.2,19.83,13.59,75.18,1700.5,0.651,0.069,4,38.83,15.59,1357.0,11.91,1
6.88,1.01,11.3,31.78,49.79,22.06,25.39,22.89,63.31,715.1,0.543,0.261,5,41.9,20.19,707.0,3.73,2
5.69,3.46,36.73,40.59,32.9,18.36,27.51,27.01,80.29,1314.4,0.372,0.406,3,33.95,18.93,79.0,0.53,1
6.04,2.53,26.51,23.67,34.84,19.2,17.99,10.01,55.8,1294.5,0.822,0.027,8,39.9,18.02,1475.0,20.49,2
6.29,1.21,13.28,28.83,38.21,26.23,25.73,22.44,72.77,1240.9,0.682,0.221,5,46.56,18.21,103.0,2.11,3
6.98,2.95,17.77,37.75,24.4,25.95,26.35,19.92,62.49,1397.5,0.858,0.066,7,47.2,18.27,154.0,0.44,2
7.02,1.2,11.27,32.04,41.72,26.81,24.52,23.11,67.75,883.0,0.534,0.232,4,41.44,19.49,796.0,1.5,3
6.65,1.14,11.74,28.38,34.28,19.21,25.68,17.77,61.64,1120.7,0.781,0.075,6,46.6,17.19,182.0,0.99,2
7.13,1.1,19.85,36.69,32.9,23.38,27.07,24.18,57.95,717.6,0.727,0.139,7,45.0,19.96,337.0,0.15,2
7.1,1.17,12.58,27.85,36.14,15.51,23.25,14.43,51.83,1289.0,0.839,0.026,8,46.35,17.48,260.0,0.19,3
6.6,1.02,13.51,28.33,36.52,21.67,27.38,24.03,75.97,1276.3,0.639,0.243,5,39.5,17.65,16.0,0.79,3
6.31,3.23,29.47,31.51,38.34,23.77,26.1,24.84,69.96,2253.4,0.9,0.064,6,43.67,18.89,57.0,0.95,3
5.87,2.1,21.62,29.61,38.13,18.93,24.45,19.48,66.78,1383.9,0.786,0.113,6,45.05,17.4,917.0,4.1,2
5.59,5.01,63.42,25.74,43.14,20.68,13.49,6.07,57.79,1296.2,0.818,0.028,8,33.34,16.85,2792.0,17.41,3
7.1,1.13,11.68,32.2,45.97,34.13,24.57,22.79,66.3,865.0,0.629,0.196,6,41.15,20.22,741.0,1.12,3
6.86,2.2,33.0,33.99,29.88,24.8,28.28,25.96,75.24,1050.8,0.274,0.558,5,35.77,19.53,2.0,0.07,3
7.35,1.21,11.8,30.85,28.16,17.08,26.17,17.58,56.79,1013.2,0.846,0.059,7,48.25,17.21,58.0,0.08,3
7.04,1.36,12.76,34.55,41.65,26.52,23.2,22.02,73.35,1604.3,0.717,0.143,4,39.89,19.49,857.0,1.81,2
6.65,0.91,9.25,27.48,55.34,14.43,24.02,21.74,66.33,800.0,0.529,0.257,5,40.42,20.19,759.0,1.03,2
5.0,5.84,30.48,31.54,40.73,17.91,19.83,13.59,75.18,1700.5,0.651,0.069,4,38.83,15.59,460.0,3.43,1
7.3,1.26,11.28,27.84,27.22,16.19,26.1,17.29,56.12,1041.5,0.846,0.051,7,47.97,17.21,51.0,0.15,2
5.47,3.24,19.0,29.66,41.36,16.31,24.12,17.54,74.22,2132.0,0.667,0.066,4,40.08,15.59,85.0,0.26,2
7.22,0.95,9.63,28.61,39.76,19.29,25.77,17.66,46.67,760.6,0.924,0.029,8,47.32,19.54,256.0,0.24,1
5.51,5.41,41.02,33.41,25.02,23.18,7.49,1.25,79.01,1081.9,0.657,0.069,5,23.05,14.8,2685.0,29.78,3
6.44,1.18,13.28,21.77,39.74,15.99,24.41,17.46,61.64,1394.3,0.789,0.053,5,42.7,16.23,58.0,0.06,3
7.02,1.02,11.9,30.79,43.68,26.43,26.66,23.84,55.64,584.1,0.692,0.164,7,44.19,19.87,507.0,0.48,3
7.37,1.37,12.58,36.76,36.75,36.04,27.64,24.52,68.62,829.1,0.346,0.482,5,43.99,19.59,99.0,0.17,2
7.26,0.97,10.38,40.82,15.42,44.85,24.66,18.67,55.08,1302.5,0.906,0.037,8,45.9,18.55,454.0,0.5,2
7.37,1.32,7.97,29.06,28.99,20.85,26.09,16.77,51.53,933.1,0.865,0.047,8,49.04,17.4,113.0,0.17,3
7.24,0.83,10.84,40.27,34.71,24.48,27.26,24.37,55.84,655.1,0.717,0.144,7,44.84,19.87,380.0,0.46,1
6.59,1.84,19.02,50.35,19.91,40.73,24.97,18.31,60.12,1351.8,0.848,0.064,7,46.71,18.18,344.0,10.32,1
6.19,3.06,53.99,17.01,36.31,25.62,2.99,-7.76,65.89,752.1,0.303,0.122,4,27.85,15.4,3618.0,27.41,1
6.31,1.99,19.21,35.81,36.81,27.77,26.77,24.07,67.39,2508.6,0.937,0.05,7,44.91,18.49,317.0,8.92,2
7.19,0.89,6.66,31.53,39.97,27.08,25.7,18.22,48.78,802.0,0.928,0.03,8,47.07,19.22,480.0,0.7,2
6.9,1.12,13.18,36.16,31.64,30.77,26.73,23.01,56.55,1267.0,0.951,0.036,8,46.66,19.03,156.0,5.3,2
6.89,1.08,11.47,37.8,34.74,30.43,26.58,23.47,55.25,770.7,0.765,0.125,7,44.6,19.29,569.0,3.7,1
7.08,1.2,10.65,30.43,31.37,28.88,25.98,16.48,50.64,914.5,0.863,0.043,8,49.37,17.75,131.0,0.21,3
6.75,1.66,14.67,23.11,48.21,15.26,25.05,14.86,45.1,848.1,0.778,0.032,8,49.05,18.05,339.0,2.11,1
6.48,1.38,16.33,44.92,17.22,40.18,26.04,19.76,52.4,1307.9,0.92,0.033,8,48.14,18.63,413.0,2.29,3
6.18,2.59,26.08,31.96,37.98,25.55,24.88,22.67,67.69,795.9,0.445,0.33,4,42.08,19.74,936.0,13.29,3
5.35,1.25,12.62,34.64,28.76,16.4,24.95,18.87,78.58,2394.6,0.654,0.103,4,42.04,17.04,32.0,1.34,1
6.41,1.02,11.76,32.37,37.32,17.72,26.92,22.82,72.12,1277.9,0.659,0.229,5,45.68,17.65,70.0,0.05,3
8.28,0.97,8.51,35.28,24.32,20.85,25.37,14.6,43.48,638.8,0.779,0.031,8,49.68,18.81,242.0,0.08,2
6.11,2.61,23.7,24.4,35.41,17.91,23.8,15.09,50.37,1129.1,0.838,0.028,8,46.15,18.02,400.0,2.59,1
6.9,0.96,18.82,33.35,49.27,18.99,25.39,22.89,63.31,715.1,0.543,0.261,5,41.9,20.19,715.0,0.93,1
7.03,1.64,12.6,38.14,41.79,19.94,27.12,24.58,57.77,597.5,0.632,0.187,6,44.35,19.94,385.0,0.43,3
5.2,2.41,16.87,30.23,39.02,18.14,23.37,17.28,75.46,2521.0,0.647,0.083,4,40.18,15.62,65.0,2.07,1
5.42,3.43,39.02,34.79,37.71,25.23,23.41,22.06,78.12,2852.8,0.82,0.099,5,39.7,18.72,1065.0,7.05,2
6.8,1.12,12.22,34.34,41.78,24.99,24.52,23.11,67.75,883.0,0.534,0.232,4,41.44,19.49,738.0,1.96,2
7.41,1.0,8.15,29.65,34.53,32.99,27.36,21.4,49.16,842.2,0.964,0.018,8,48.63,19.58,95.0,0.33,1
7.38,1.5,10.19,36.62,26.9,28.93,26.18,17.76,52.99,823.4,0.864,0.053,8,48.29,17.32,93.0,0.3,1
5.03,4.09,29.2,30.79,41.99,15.98,21.14,14.87,72.27,1836.2,0.64,0.067,4,39.9,13.84,310.0,0.84,1
5.48,4.9,57.94,21.41,44.26,22.6,5.32,-1.4,74.43,1097.7,0.77,0.047,6,18.89,14.65,2857.0,21.99,2
6.78,1.03,11.59,34.15,40.76,23.43,24.52,23.11,67.75,883.0,0.534,0.232,4,41.44,19.49,823.0,0.72,3
6.73,1.24,14.0,41.31,21.63,17.53,26.35,21.04,72.17,1618.6,0.726,0.129,5,47.36,17.2,8.0,0.26,2
7.36,0.98,7.9,32.54,31.8,29.78,26.98,21.48,49.75,871.3,0.956,0.024,8,48.36,19.48,105.0,0.27,3
7.28,0.97,9.68,40.6,15.11,44.68,25.6,19.98,55.57,1347.5,0.886,0.044,8,47.2,18.62,539.0,0.37,1
7.57,0.78,7.08,19.54,59.55,13.41,25.78,16.44,42.19,578.1,0.864,0.037,8,47.63,19.57,354.0,0.21,2
5.39,2.78,21.07,28.08,41.54,14.91,23.66,17.17,72.95,1980.6,0.65,0.064,4,42.61,14.89,108.0,0.06,2
7.13,1.27,11.36,26.74,33.16,14.58,25.68,16.57,55.44,1200.0,0.857,0.045,7,48.44,16.98,82.0,0.29,3
5.17,3.14,32.95,36.78,34.06,14.24,22.91,22.06,82.34,2040.4,0.542,0.258,4,37.84,18.88,816.0,8.4,1
5.21,6.22,32.36,33.21,36.25,17.83,21.14,14.87,72.27,1836.2,0.64,0.067,4,39.9,13.84,1237.0,10.18,2
7.29,0.87,7.67,40.29,21.83,38.89,25.11,17.83,54.52,1101.2,0.861,0.055,8,47.11,18.6,399.0,0.35,3
7.49,0.98,10.14,31.07,26.62,22.35,26.24,17.08,52.58,867.2,0.868,0.049,8,48.87,17.08,90.0,0.08,1
7.41,0.9,7.35,25.32,40.35,23.13,26.2,17.26,44.97,674.3,0.899,0.035,8,48.38,19.54,282.0,0.28,3
7.25,1.15,8.57,24.03,38.27,32.78,26.98,21.48,49.75,871.3,0.956,0.024,8,48.36,19.58,173.0,1.05,3
7.55,1.04,8.87,44.82,23.6,45.46,26.25,23.05,54.03,722.7,0.764,0.14,7,44.22,19.34,529.0,0.28,3
7.33,1.16,7.54,31.41,36.19,33.67,26.0,19.55,46.74,701.3,0.951,0.021,8,47.75,19.58,324.0,1.06,1
7.36,0.95,7.84,37.95,21.66,39.83,25.37,17.87,54.21,1183.0,0.897,0.037,8,47.95,18.48,418.0,0.43,3
6.32,2.25,18.82,36.28,36.0,27.86,26.63,24.23,62.63,2326.1,0.949,0.041,7,45.41,18.72,263.0,7.24,3
8.17,0.49,3.84,24.28,46.6,11.42,28.2,16.98,31.11,179.1,0.711,0.058,12,50.59,20.48,106.0,0.69,2
7.44,0.91,6.74,25.38,43.98,24.8,26.2,17.26,44.97,674.3,0.899,0.035,8,48.38,19.1,283.0,0.29,2
7.44,1.02,8.65,23.6,32.84,21.98,26.43,17.12,49.98,812.1,0.863,0.051,8,49.62,17.56,120.0,0.05,2
7.14,1.26,11.09,28.21,31.58,12.76,26.04,17.38,57.03,1060.2,0.839,0.051,6,47.6,17.21,44.0,0.19,1
6.42,1.05,9.34,26.65,57.71,12.54,23.74,21.61,67.94,842.5,0.522,0.251,4,40.38,20.19,888.0,1.03,2
7.47,1.09,12.96,42.47,27.29,37.82,24.92,23.46,67.99,1365.1,0.768,0.129,6,42.2,19.76,565.0,0.38,1
6.51,1.24,17.87,31.84,38.51,32.3,23.9,19.33,68.56,1600.0,0.794,0.1,5,44.4,18.05,549.0,0.05,3
7.14,0.94,26.14,41.92,29.45,36.38,26.18,22.78,56.29,858.8,0.792,0.109,7,44.55,19.29,580.0,0.0,1
6.87,0.94,10.8,33.35,46.64,19.06,24.29,22.48,65.46,798.0,0.542,0.233,5,40.72,19.82,786.0,0.19,1
7.07,1.08,10.76,26.61,36.53,14.43,25.05,15.09,49.64,944.4,0.844,0.031,8,49.02,18.02,234.0,0.17,1
7.19,0.78,7.78,34.38,33.81,32.67,27.0,22.78,52.22,766.4,0.878,0.083,8,47.57,19.05,312.0,0.66,3
6.51,1.04,10.39,34.66,37.78,26.98,23.87,21.87,73.34,1866.3,0.802,0.112,6,41.12,18.72,612.0,0.59,3
7.37,1.06,8.31,26.57,40.48,9.82,25.37,15.52,49.18,850.2,0.843,0.033,8,48.62,17.2,203.0,0.08,3
5.6,2.99,30.15,29.46,41.12,16.02,24.12,17.54,74.22,2132.0,0.667,0.066,4,40.08,14.29,89.0,0.24,3
6.1,2.56,24.33,26.22,34.66,19.4,20.12,12.25,54.88,1298.7,0.829,0.029,8,41.27,17.73,410.0,0.78,1
5.9,1.56,16.53,35.96,41.9,23.05,23.31,22.41,76.05,1737.8,0.693,0.161,4,40.03,18.58,807.0,4.52,3
5.61,2.6,32.62,24.91,44.24,23.45,26.96,26.14,78.24,3553.6,0.866,0.083,5,33.42,19.17,409.0,3.12,2
5.6,2.82,26.07,34.93,42.18,18.56,26.74,26.33,76.55,3614.3,0.835,0.095,5,38.08,18.14,103.0,0.85,2
6.67,1.1,16.58,38.78,26.78,26.13,25.81,19.63,61.64,1353.8,0.873,0.057,7,47.64,18.47,306.0,0.61,1
5.1,7.24,26.01,35.49,34.18,18.62,22.75,16.19,74.62,1753.9,0.655,0.073,4,39.97,15.59,480.0,16.64,3
6.6,1.2,11.4,32.43,47.12,23.24,24.11,22.5,67.12,880.9,0.546,0.222,5,40.63,19.73,743.0,4.03,3
6.82,4.29,51.44,16.78,44.87,33.62,-4.33,-14.61,71.11,601.6,0.699,0.051,8,18.58,16.92,4823.0,31.1,1
7.19,1.07,10.71,30.75,34.86,25.49,25.84,16.42,52.52,1032.2,0.861,0.043,8,48.77,17.4,118.0,0.06,2
6.72,1.08,21.1,30.64,53.05,18.52,24.02,21.74,66.33,800.0,0.529,0.257,5,40.42,20.19,851.0,0.69,1
6.95,1.11,12.41,26.39,27.49,12.64,25.8,17.38,57.37,1144.7,0.827,0.048,7,46.41,17.0,64.0,0.05,1
5.93,2.21,24.5,26.5,31.68,19.01,12.45,4.88,57.25,963.8,0.742,0.035,7,31.24,17.73,1625.0,15.27,3
5.15,3.01,24.5,28.77,42.33,16.71,24.18,17.1,72.72,2228.7,0.653,0.06,4,45.58,14.89,128.0,0.0,1
5.13,4.46,29.7,31.74,37.25,20.24,22.75,16.19,74.62,1753.9,0.655,0.073,4,39.97,15.59,515.0,11.0,2
7.21,0.93,10.6,35.8,37.39,37.89,25.78,23.22,56.93,552.6,0.746,0.157,7,43.14,19.65,635.0,0.63,1
7.31,0.91,9.01,42.15,16.58,44.44,25.21,18.71,54.97,1339.8,0.905,0.033,8,47.36,18.48,455.0,0.34,1
7.35,0.99,6.94,24.5,43.61,22.59,26.31,17.36,45.76,711.4,0.868,0.049,8,48.47,18.99,266.0,0.38,1
6.83,1.23,11.76,35.12,33.88,32.86,26.58,23.47,55.25,770.7,0.765,0.125,7,44.6,19.29,504.0,4.08,2
6.77,1.06,10.27,37.33,38.22,33.0,24.92,23.46,67.99,1365.1,0.768,0.129,6,42.2,19.76,594.0,0.11,1
7.48,0.95,8.35,28.13,28.23,22.15,25.99,16.78,53.4,961.9,0.865,0.046,8,48.61,17.08,93.0,0.05,1
7.53,0.9,12.46,41.86,35.29,36.74,25.86,23.78,58.45,612.5,0.737,0.15,7,43.3,19.65,552.0,0.53,3
6.93,1.17,12.6,27.36,32.41,18.52,25.84,17.66,61.07,1121.6,0.792,0.064,6,46.32,16.93,35.0,0.0,1
6.16,1.69,15.47,29.37,41.88,26.86,24.33,22.54,79.02,2754.3,0.846,0.092,5,40.38,19.76,627.0,1.33,1
7.16,1.08,12.01,41.13,17.18,40.28,25.78,19.86,55.97,1270.3,0.85,0.058,7,47.61,18.59,425.0,0.65,3
6.78,1.18,11.29,31.42,31.98,18.33,27.33,23.53,65.47,1182.0,0.786,0.127,7,47.74,18.72,71.0,0.94,1
7.86,0.85,8.75,25.94,41.14,16.18,25.94,14.66,40.02,490.5,0.76,0.038,8,50.12,18.38,210.0,0.05,1
7.57,1.01,13.03,34.5,44.51,32.88,25.86,23.78,58.45,612.5,0.737,0.15,7,43.3,19.65,587.0,1.05,1
5.81,2.31,19.51,29.69,40.48,26.07,23.82,23.05,79.01,2994.4,0.793,0.112,4,38.9,18.14,931.0,2.6,2
6.29,2.25,31.22,26.77,41.05,20.27,18.94,10.52,51.64,1123.1,0.77,0.033,7,40.79,18.05,549.0,7.24,3
5.87,1.72,23.81,32.86,37.74,16.31,24.57,17.38,75.49,2165.3,0.675,0.085,5,41.02,15.39,30.0,0.38,1
5.72,2.6,14.08,31.23,35.48,17.27,24.03,17.11,77.28,2098.5,0.643,0.075,5,37.69,15.37,36.0,0.18,1
6.65,1.03,13.28,28.63,54.11,17.86,23.98,21.24,67.6,814.7,0.506,0.299,5,40.44,20.19,874.0,1.86,2
6.9,0.95,11.51,27.29,33.85,18.72,25.64,16.49,53.49,1155.0,0.851,0.038,8,48.25,17.57,112.0,0.05,3
7.12,0.9,11.39,38.87,38.46,31.84,25.2,23.39,62.04,795.3,0.74,0.139,6,42.53,19.17,549.0,0.07,2
7.02,1.04,10.19,26.47,37.22,12.46,25.17,15.56,49.83,957.8,0.84,0.03,8,48.49,18.02,222.0,0.1,3
7.6,1.76,25.34,37.25,34.82,30.87,27.83,25.62,71.08,1053.7,0.325,0.463,3,43.51,20.03,94.0,0.53,2
6.21,1.53,12.81,34.97,38.79,26.35,23.02,21.46,71.84,1417.6,0.715,0.144,4,39.67,18.14,956.0,0.43,3
7.21,0.95,8.96,27.11,27.87,23.04,26.07,17.06,54.73,952.1,0.858,0.048,8,48.44,17.32,65.0,0.12,3
6.41,1.14,11.25,37.87,37.37,26.61,24.93,23.44,69.68,1392.9,0.79,0.117,6,42.17,18.63,546.0,2.03,1
7.4,0.93,8.49,42.72,14.05,43.24,25.21,18.71,54.97,1339.8,0.905,0.033,8,47.36,18.48,423.0,0.25,1
5.22,6.98,32.03,32.33,37.61,19.22,19.83,13.59,75.18,1700.5,0.651,0.069,4,38.83,15.59,1025.0,22.24,1
5.54,1.58,13.36,30.87,33.02,16.24,19.5,12.95,77.68,1693.9,0.641,0.071,5,34.54,15.77,87.0,0.42,2
4.9,6.56,33.81,33.18,33.89,18.05,22.29,15.71,76.57,2200.5,0.67,0.067,4,37.51,13.14,717.0,14.86,1
6.18,1.16,14.06,37.0,30.47,18.68,25.85,19.24,72.02,1564.3,0.72,0.119,5,48.83,16.99,43.0,0.46,1
5.68,2.09,27.27,36.45,45.87,21.64,26.74,26.33,76.55,3614.3,0.835,0.095,5,38.08,19.02,82.0,2.15,3
7.21,1.07,9.32,30.47,23.34,31.0,26.16,17.06,53.52,891.3,0.865,0.047,8,48.68,17.32,77.0,0.06,2
5.37,3.71,21.31,27.32,46.05,14.36,22.0,15.63,75.81,2500.3,0.681,0.061,4,37.49,14.29,105.0,0.13,2
7.14,1.46,13.47,26.12,41.17,14.85,24.16,14.72,47.72,1053.0,0.806,0.027,8,47.93,18.81,333.0,0.62,2
5.6,2.31,28.65,38.26,45.33,19.59,26.74,26.33,76.55,3614.3,0.835,0.095,5,38.08,19.02,152.0,2.72,3
7.48,1.03,7.34,27.55,55.44,29.51,26.78,20.7,56.45,533.5,0.954,0.032,8,44.75,19.62,107.0,0.28,3
5.86,1.67,19.94,27.65,32.1,17.46,24.32,17.35,75.88,2115.8,0.626,0.078,4,39.29,15.8,37.0,0.11,3
6.5,1.49,17.19,30.38,55.7,18.72,24.02,21.74,66.33,800.0,0.529,0.257,5,40.42,20.19,704.0,1.17,3
5.93,3.34,51.1,20.9,42.14,22.75,3.87,-5.57,66.04,819.8,0.558,0.08,5,24.07,17.37,2759.0,20.22,2
6.53,1.0,9.11,25.44,55.6,16.2,23.83,21.25,69.24,876.1,0.497,0.296,4,40.91,20.19,899.0,0.95,1
6.84,1.21,9.94,29.83,51.1,23.31,24.11,22.5,67.12,880.9,0.546,0.222,5,40.63,20.19,816.0,1.08,3
6.59,1.35,16.89,31.09,40.33,27.53,24.88,22.67,67.69,795.9,0.445,0.33,4,42.08,19.73,857.0,4.96,2
5.8,1.16,13.98,30.84,32.6,17.08,22.94,16.03,77.29,2011.9,0.622,0.078,4,38.21,15.8,47.0,0.0,3
7.25,1.06,9.4,39.79,28.4,36.35,26.67,22.54,54.16,889.1,0.856,0.074,7,46.23,19.07,378.0,0.62,2
8.06,0.96,6.87,28.76,41.54,17.64,26.38,16.24,42.94,596.6,0.835,0.045,8,48.76,17.84,184.0,0.05,1
4.99,3.49,30.3,32.5,39.89,20.18,20.9,14.5,74.37,1815.3,0.64,0.063,4,40.83,14.89,358.0,5.37,1
6.32,1.8,20.01,29.41,36.98,17.33,26.13,20.46,69.21,1518.4,0.769,0.116,6,47.7,17.41,135.0,10.49,2
5.96,3.2,24.03,23.74,36.16,18.79,23.25,14.43,51.83,1289.0,0.839,0.026,8,46.35,18.02,508.0,3.61,1
7.13,1.13,9.87,40.85,29.46,32.01,26.58,23.47,55.25,770.7,0.765,0.125,7,44.6,19.47,447.0,0.67,1
6.94,0.95,10.75,35.8,35.84,23.06,27.18,24.44,56.69,611.1,0.676,0.162,6,44.66,20.05,339.0,0.47,3
5.34,4.1,31.36,35.1,34.06,13.32,22.91,22.06,82.34,2040.4,0.542,0.258,4,37.84,18.88,71.0,1.14,2
6.87,0.98,9.29,35.31,40.93,24.35,26.65,23.6,60.33,740.1,0.725,0.147,7,44.59,19.44,507.0,1.05,3
6.54,4.18,57.25,17.23,50.73,25.07,-5.32,-15.26,70.24,550.4,0.735,0.042,8,15.6,16.85,5233.0,22.87,1
7.61,0.67,6.81,45.36,18.08,43.35,25.37,19.4,51.14,1016.4,0.922,0.042,8,47.16,18.87,509.0,0.88,1
7.22,1.26,9.45,28.39,29.12,23.17,26.25,17.03,51.95,869.9,0.867,0.049,8,49.28,17.4,102.0,0.08,3
6.11,2.29,24.74,23.34,34.81,18.09,19.01,11.16,55.61,1331.3,0.833,0.027,8,40.15,18.02,1283.0,15.29,3
6.68,2.26,30.08,30.16,37.69,25.19,27.85,25.44,78.29,1230.0,0.64,0.261,5,37.22,18.12,8.0,0.44,2
5.62,2.39,26.94,29.68,41.79,22.42,26.42,25.2,77.43,2873.6,0.863,0.084,6,35.89,19.17,92.0,3.29,2
6.9,1.13,12.06,33.91,39.51,29.52,26.58,23.47,55.25,770.7,0.765,0.125,7,44.6,19.47,604.0,2.92,2
6.96,1.0,10.45,40.1,30.68,36.07,24.92,23.46,67.99,1365.1,0.768,0.129,6,42.2,19.76,573.0,0.7,1
5.93,1.91,17.37,29.49,43.62,29.77,22.53,20.5,77.64,2460.4,0.819,0.102,5,39.03,18.72,650.0,0.85,1
6.96,0.98,11.77,29.45,46.6,21.84,27.76,24.11,63.49,753.4,0.678,0.21,7,46.52,19.14,206.0,1.94,3
7.49,1.09,8.86,29.65,37.45,30.12,25.79,18.6,43.59,571.8,0.943,0.019,8,46.84,20.17,392.0,1.39,2
7.95,0.93,9.44,26.54,38.39,17.07,25.79,14.73,40.74,508.1,0.765,0.033,8,49.76,18.11,231.0,0.13,1
5.17,1.7,18.85,29.62,33.41,14.68,24.76,18.43,76.26,2617.5,0.614,0.086,4,43.07,16.63,129.0,0.8,3
5.15,14.27,26.44,32.91,30.33,20.14,20.27,14.05,74.09,1453.0,0.643,0.085,4,38.63,15.51,1396.0,19.91,1
7.13,1.08,12.98,32.53,47.81,31.98,26.5,24.05,59.76,589.7,0.585,0.215,6,43.11,20.22,642.0,0.17,1
8.24,0.94,6.64,24.79,43.02,12.17,25.98,15.8,44.26,670.5,0.83,0.038,8,48.63,17.6,196.0,0.05,1
6.93,1.05,11.77,33.86,41.38,21.82,27.12,24.58,57.77,597.5,0.632,0.187,6,44.35,19.94,439.0,0.19,3
6.88,1.08,12.95,34.07,44.94,20.03,27.12,24.58,57.77,597.5,0.632,0.187,6,44.35,19.94,395.0,0.27,1
