State,points,first,top3,wrong,districts,district_top3
Karnataka,5280,0.519,0.834,0.08,90,0.933
Uttar Pradesh,2070,0.814,0.954,0.031,207,0.957
Madhya Pradesh,1440,0.659,0.888,0.048,144,0.91
Bihar,1110,0.754,0.963,0.01,111,0.982
Maharashtra,990,0.573,0.881,0.074,99,0.879
Odisha,900,0.736,0.959,0.018,90,0.978
Rajasthan,890,0.642,0.92,0.047,89,0.933
Tamil Nadu,870,0.497,0.821,0.109,87,0.874
Gujarat,750,0.523,0.856,0.092,75,0.867
Assam,690,0.859,0.977,0.016,69,0.986
Andhra Pradesh,660,0.448,0.774,0.115,66,0.803
Haryana,570,0.744,0.998,0.0,57,1.0
West Bengal,540,0.611,0.856,0.069,54,0.907
Chhattisgarh,480,0.506,0.744,0.106,48,0.729
Jharkhand,480,0.56,0.8,0.071,48,0.812
Punjab,460,0.985,1.0,0.0,46,1.0
Kerala,420,0.814,0.921,0.01,42,0.929
Arunachal Pradesh,420,0.707,0.945,0.019,42,0.952
Uttarakhand,390,0.692,0.956,0.033,39,0.974
Himachal Pradesh,350,0.723,0.951,0.009,35,0.971
Jammu and Kashmir,280,0.668,0.996,0.0,28,1.0
Nagaland,240,0.917,0.996,0.0,24,1.0
Meghalaya,210,0.471,0.695,0.219,21,0.667
Tripura,120,0.958,1.0,0.0,12,1.0
Puducherry,120,0.667,0.9,0.017,12,0.917
Sikkim,80,0.862,1.0,0.0,8,1.0
Goa,60,0.2,0.367,0.217,6,0.333
Dadra and Nagar Haveli,30,0.333,0.433,0.233,3,0.333
Chandigarh,30,0.333,0.867,0.0,3,0.667
