Place,Season,Crop,Share
10:1,1,arecanut,0.0347904058921062
10:1,1,coconut,0.3146932847896061
10:1,1,mango,0.07218878054206535
10:1,1,rice,0.5783275287762223
10:10,1,arecanut,0.4427237343391398
10:10,1,cashewnut,0.0645173349757886
10:10,1,coconut,0.17875183155201932
10:10,1,rice,0.3140070991330523
10:11,1,arecanut,0.21514179016988766
10:11,1,coconut,0.29009885301303506
10:11,1,rice,0.4947593568170773
10:2,1,arecanut,0.11562678892468288
10:2,1,banana,0.03915642157760932
10:2,1,coconut,0.030791965844333434
10:2,1,rice,0.8144248236533744
10:3,1,maize,0.197171997952375
10:3,1,rice,0.42767068679727605
10:3,1,sugarcane,0.37515731525034895
10:4,1,arecanut,0.47596983728692965
10:4,1,banana,0.07018868343395646
10:4,1,coconut,0.03660392641229502
10:4,1,rice,0.4172375528668189
10:5,1,arecanut,0.10546979470515472
10:5,1,banana,0.029968104202433798
10:5,1,maize,0.28676648329249194
10:5,1,mango,0.04668893719985691
10:5,1,rice,0.5311066806000626
10:6,1,arecanut,0.38718119712595755
10:6,1,banana,0.10659521197358954
10:6,1,coconut,0.03821614891824039
10:6,1,maize,0.03129777713903515
10:6,1,rice,0.43670966484317736
10:7,1,arecanut,0.22638069898782404
10:7,1,banana,0.02672747444391373
10:7,1,coconut,0.14194663204150357
10:7,1,mango,0.058949711071320486
10:7,1,rice,0.5459954834554382
10:8,1,arecanut,0.2522683285040007
10:8,1,banana,0.042355624344648644
10:8,1,coconut,0.2756970072930094
10:8,1,rice,0.42967903985834127
10:9,1,arecanut,0.3623118923253624
10:9,1,banana,0.10742409043706194
10:9,1,rice,0.5302640172375757
11:1,1,cotton,0.24633419943635032
11:1,1,groundnut,0.12818606699019977
11:1,1,maize,0.3714421147499355
11:1,1,rice,0.19445220969089017
11:1,1,soybean,0.05958540913262431
11:2,1,cotton,0.4845628629769191
11:2,1,groundnut,0.22159876029431985
11:2,1,maize,0.29383837672876106
11:3,1,arecanut,0.04380639620905263
11:3,1,cotton,0.10548757733149051
11:3,1,maize,0.3960392161079565
11:3,1,mango,0.04708877808757432
11:3,1,rice,0.33959048146254867
11:3,1,soybean,0.033694758856081995
11:3,1,sugarcane,0.034292791945295414
11:4,1,cotton,0.2139217477764216
11:4,1,groundnut,0.05512460585877086
11:4,1,maize,0.6990750861077069
11:4,1,sugarcane,0.03187856025710064
11:5,1,cotton,0.27180844490367967
11:5,1,maize,0.7281915550963203
11:6,1,cotton,0.21035770568214318
11:6,1,maize,0.7457322806090905
11:6,1,rice,0.04391001370876638
11:7,1,cotton,0.16205365727463192
11:7,1,maize,0.6218235092594454
11:7,1,onion,0.06509910699917797
11:7,1,rice,0.15102372646674478
12:1,1,bajra,0.06248865098081033
12:1,1,cotton,0.04420039260438145
12:1,1,groundnut,0.07479530088153953
12:1,1,jowar,0.10359276007378221
12:1,1,maize,0.6020285134958702
12:1,1,rice,0.07836709321912479
12:1,1,sunflower,0.03452728874449164
12:2,1,bajra,0.12802645138477048
12:2,1,groundnut,0.14897025323283875
12:2,1,jowar,0.03986383322020763
12:2,1,maize,0.5084820764885815
12:2,1,pomegranate,0.05454768154033467
12:2,1,rice,0.05618299662279996
12:2,1,sunflower,0.06392670751046706
12:3,1,cotton,0.02787899482882729
12:3,1,jowar,0.046424668642919366
12:3,1,maize,0.07192951336741495
12:3,1,rice,0.7976571137456717
12:3,1,sugarcane,0.056109709415166645
12:4,1,cotton,0.37347199468202197
12:4,1,jowar,0.03373794767437115
12:4,1,rice,0.5927900576436069
12:5,1,chilli,0.14597562607194203
12:5,1,cotton,0.2260347754524921
12:5,1,jowar,0.06799258767330425
12:5,1,maize,0.06706111545628213
12:5,1,pigeonpea (tur),0.02609630885494531
12:5,1,rice,0.46683958649103424
12:6,1,bajra,0.07760436595797279
12:6,1,cotton,0.0897377552208234
12:6,1,groundnut,0.13050542027943923
12:6,1,jowar,0.10996080084538969
12:6,1,maize,0.5058289025176207
12:6,1,ragi,0.0325832992302519
12:6,1,rice,0.05377945594850229
12:7,1,bajra,0.05083872278616598
12:7,1,cotton,0.03386289760412286
12:7,1,groundnut,0.4211803562484972
12:7,1,jowar,0.06655464300721135
12:7,1,maize,0.3076574769394412
12:7,1,ragi,0.11990590341456137
13:1,1,bajra,0.047837207960507194
13:1,1,cotton,0.10144143013487504
13:1,1,groundnut,0.7317276515693997
13:1,1,jowar,0.02788157321376352
13:1,1,maize,0.060215045332219455
13:1,1,ragi,0.03089709178923522
13:2,1,groundnut,0.7426269187509806
13:2,1,maize,0.054784887643683514
13:2,1,onion,0.10602099861123977
13:2,1,pigeonpea (tur),0.0530920657758868
13:2,1,ragi,0.04347512921820932
13:3,1,arecanut,0.10347100715599465
13:3,1,cotton,0.030522958633303073
13:3,1,groundnut,0.08011827908273383
13:3,1,maize,0.6380562383813427
13:3,1,onion,0.08240025981310724
13:3,1,ragi,0.06543125693351848
13:4,1,arecanut,0.208576543967041
13:4,1,coconut,0.10504275636511473
13:4,1,maize,0.6019846381580414
13:4,1,ragi,0.0843960615098028
13:5,1,arecanut,0.04538551485108844
13:5,1,coconut,0.38030293888971084
13:5,1,cotton,0.041001989267409465
13:5,1,green gram,0.05740614108794159
13:5,1,maize,0.10438017933586152
13:5,1,pomegranate,0.04250514719714052
13:5,1,ragi,0.32901808937084753
13:6,1,arecanut,0.05515818755846851
13:6,1,coconut,0.16808469484763067
13:6,1,cotton,0.053996177439220916
13:6,1,groundnut,0.2709527829692461
13:6,1,jowar,0.03879514139258679
13:6,1,maize,0.07420250434827579
13:6,1,onion,0.09576374830389592
13:6,1,pigeonpea (tur),0.05838026622289491
13:6,1,pomegranate,0.029548172789574986
13:6,1,ragi,0.09702321858134512
13:6,1,sunflower,0.05809510554686029
14:1,1,arecanut,0.053370509213808794
14:1,1,coconut,0.03434526254947105
14:1,1,maize,0.1869331685307612
14:1,1,rice,0.7253510597059589
14:2,1,cotton,0.03647018974462679
14:2,1,groundnut,0.02984716484237632
14:2,1,jowar,0.04144282139221135
14:2,1,maize,0.7310454121225352
14:2,1,onion,0.028912159549311554
14:2,1,ragi,0.08487640146001793
14:2,1,rice,0.04740585088892083
14:3,1,cotton,0.06777718061278078
14:3,1,groundnut,0.15643916267962762
14:3,1,maize,0.6069652941634217
14:3,1,onion,0.05392159581964009
14:3,1,ragi,0.11489676672452974
14:4,1,arecanut,0.16254705529905963
14:4,1,coconut,0.03439063853024306
14:4,1,maize,0.44237405253744294
14:4,1,rice,0.36068825363325424
14:5,1,arecanut,0.20640333879405226
14:5,1,maize,0.5828628048476512
14:5,1,rice,0.21073385635829647
14:6,1,arecanut,0.3652294853434951
14:6,1,coconut,0.03258982159565338
14:6,1,maize,0.4193333767098013
14:6,1,rice,0.18284731635105023
15:1,1,arecanut,0.31808061443078123
15:1,1,banana,0.0681857402254434
15:1,1,cashewnut,0.02669562168367172
15:1,1,ginger,0.030175679708192595
15:1,1,maize,0.10116880646418042
15:1,1,rice,0.4556935374877306
15:2,1,arecanut,0.193059648162705
15:2,1,banana,0.0359977639711729
15:2,1,ginger,0.02610481571931919
15:2,1,maize,0.23311592495362438
15:2,1,mango,0.03543105979724457
15:2,1,rice,0.4762907873959339
15:3,1,arecanut,0.15522557615278204
15:3,1,maize,0.48461202024661293
15:3,1,rice,0.36016240360060514
15:4,1,arecanut,0.37972404921456615
15:4,1,banana,0.040963016055477405
15:4,1,coconut,0.02862764241792793
15:4,1,ginger,0.0637261024103491
15:4,1,maize,0.028349799700256056
15:4,1,rice,0.45860939020142333
15:5,1,arecanut,0.5308409176469316
15:5,1,banana,0.028097815708440662
15:5,1,rice,0.44106126664462775
15:6,1,arecanut,0.3526954208996878
15:6,1,coconut,0.04683936835049152
15:6,1,maize,0.3231714943914304
15:6,1,rice,0.27729371635839034
15:7,1,arecanut,0.577502530361384
15:7,1,coconut,0.07105586634424335
15:7,1,maize,0.07350798611020413
15:7,1,rice,0.2468494156708618
15:7,1,sugarcane,0.031084201513306747
16:1,1,arecanut,0.28751949172979535
16:1,1,cashewnut,0.09746103926153801
16:1,1,coconut,0.23550127409328295
16:1,1,rice,0.3795181949153837
16:2,1,arecanut,0.08840322363545719
16:2,1,cashewnut,0.05558640490314163
16:2,1,coconut,0.3315169529437866
16:2,1,rice,0.5244934185176146
16:3,1,arecanut,0.29108079865584036
16:3,1,banana,0.030126121027753562
16:3,1,cashewnut,0.10654734098103924
16:3,1,coconut,0.24212430890196662
16:3,1,rice,0.3301214304334002
17:1,1,arecanut,0.5145576800860077
17:1,1,banana,0.042677921111458045
17:1,1,black pepper,0.046471376964055136
17:1,1,coffee,0.13405512427167204
17:1,1,rice,0.26223789756680715
17:2,1,arecanut,0.3209010773335307
17:2,1,black pepper,0.06948601966371222
17:2,1,coffee,0.43067906631278896
17:2,1,rice,0.1789338366899681
17:3,1,arecanut,0.3283992027728661
17:3,1,banana,0.04276499960128686
17:3,1,black pepper,0.03627933700179781
17:3,1,coffee,0.26332024041861357
17:3,1,rice,0.3292362202054356
17:4,1,arecanut,0.3071074399391054
17:4,1,coconut,0.17988051420244744
17:4,1,maize,0.09721959466205138
17:4,1,mango,0.04124909654786155
17:4,1,onion,0.07360362740078016
17:4,1,potato,0.029114435334825123
17:4,1,ragi,0.15274092929596877
17:4,1,rice,0.11908436261696018
17:5,1,arecanut,0.10030650965323991
17:5,1,coconut,0.3935422724221626
17:5,1,green gram,0.030061545951768777
17:5,1,maize,0.10838252304051967
17:5,1,ragi,0.3325118519670516
17:5,1,sesame,0.035195296965257396
17:6,1,arecanut,0.04196446901594853
17:6,1,black pepper,0.07073145102143628
17:6,1,coconut,0.047414526374768416
17:6,1,coffee,0.6415557982697826
17:6,1,maize,0.0742085102699067
17:6,1,ragi,0.06316845218487681
17:6,1,rice,0.060956792863280665
17:7,1,arecanut,0.0963075466093305
17:7,1,black pepper,0.07035777942887915
17:7,1,coffee,0.7106578186685968
17:7,1,rice,0.12267685529319362
18:1,1,arecanut,0.07835455100236868
18:1,1,coconut,0.4797754985501345
18:1,1,horse gram,0.034418722067757555
18:1,1,ragi,0.40745122837973924
18:10,1,arecanut,0.0558237244770833
18:10,1,coconut,0.21851462775680727
18:10,1,horse gram,0.07022147254130849
18:10,1,mango,0.046504058945017177
18:10,1,ragi,0.5332597013113142
18:10,1,rice,0.04670885083298412
18:10,1,sugarcane,0.02896756413548541
18:2,1,arecanut,0.09369661157222209
18:2,1,coconut,0.14644922174199604
18:2,1,groundnut,0.4067425502037712
18:2,1,horse gram,0.05168171168845653
18:2,1,pigeonpea (tur),0.06408509653373462
18:2,1,pomegranate,0.04666028051101456
18:2,1,ragi,0.19068452774880507
18:3,1,arecanut,0.045970743533048454
18:3,1,groundnut,0.7320376228620938
18:3,1,horse gram,0.033037167561347315
18:3,1,pigeonpea (tur),0.0929242789103041
18:3,1,ragi,0.03708651054110081
18:3,1,rice,0.029311316092989495
18:3,1,tomato,0.029632360499116033
18:4,1,arecanut,0.04602341930840772
18:4,1,coconut,0.03308546118636628
18:4,1,groundnut,0.3671346435005533
18:4,1,horse gram,0.04935666286873681
18:4,1,maize,0.3161729806716365
18:4,1,pigeonpea (tur),0.03231759876822743
18:4,1,ragi,0.15590923369607196
18:5,1,arecanut,0.07478257451711613
18:5,1,coconut,0.05207165078230106
18:5,1,groundnut,0.16708390184999636
18:5,1,horse gram,0.03732055364369105
18:5,1,maize,0.4069559151716578
18:5,1,ragi,0.2617854040352376
18:6,1,arecanut,0.19804565890214967
18:6,1,coconut,0.28580506013493345
18:6,1,horse gram,0.02922315537300881
18:6,1,mango,0.10273634254112197
18:6,1,ragi,0.38418978304878604
18:7,1,arecanut,0.20294835448213397
18:7,1,coconut,0.4329047771606902
18:7,1,horse gram,0.029403550339886998
18:7,1,mango,0.08530860736734418
18:7,1,ragi,0.2494347106499447
18:8,1,arecanut,0.037506934434906894
18:8,1,coconut,0.5688813787025644
18:8,1,ragi,0.3936116868625287
18:9,1,arecanut,0.10679768532098519
18:9,1,coconut,0.5682907573489099
18:9,1,horse gram,0.03074444766658443
18:9,1,ragi,0.29416710966352044
19:10,1,field bean (avare),0.028193054739423247
19:10,1,groundnut,0.07919705568824557
19:10,1,jowar,0.03211922496149521
19:10,1,mango,0.09734715008341414
19:10,1,ragi,0.6460325047583332
19:10,1,rice,0.030689372397149455
19:10,1,tomato,0.08642163737193918
19:11,1,groundnut,0.2444202700309183
19:11,1,mango,0.34499397073767946
19:11,1,ragi,0.28484983813931725
19:11,1,rice,0.058961665733057264
19:11,1,tomato,0.0667742553590277
19:7,1,field bean (avare),0.05228280109588937
19:7,1,mango,0.638085918186547
19:7,1,ragi,0.25939804918231996
19:7,1,tomato,0.05023323153524354
19:8,1,field bean (avare),0.050319066509658276
19:8,1,mango,0.25505078212125387
19:8,1,ragi,0.6259057661042968
19:8,1,tomato,0.06872438526479105
19:9,1,field bean (avare),0.0329892435536311
19:9,1,mango,0.07227162551256121
19:9,1,ragi,0.8111536290388197
19:9,1,tomato,0.08358550189498803
1:1,1,cotton,0.027245222535949624
1:1,1,groundnut,0.10663027817387287
1:1,1,jowar,0.03278377646361065
1:1,1,maize,0.16250699685818545
1:1,1,soybean,0.13153137430000175
1:1,1,sugarcane,0.4300772178944919
1:1,1,tobacco,0.10922513377388773
1:10,1,bajra,0.12010953175475984
1:10,1,green gram,0.23792908775193616
1:10,1,groundnut,0.0899835141653601
1:10,1,jowar,0.10884078989036008
1:10,1,maize,0.24089523124782333
1:10,1,onion,0.03527082968316154
1:10,1,sugarcane,0.11512373642316022
1:10,1,sunflower,0.05184727908343873
1:2,1,bajra,0.07712073212888851
1:2,1,black gram,0.052393204587901476
1:2,1,jowar,0.05806249941974639
1:2,1,maize,0.2768137657026127
1:2,1,pigeonpea (tur),0.07845186643425912
1:2,1,sugarcane,0.45715793172659186
1:3,1,cotton,0.040239518538312855
1:3,1,maize,0.4250236842805273
1:3,1,sugarcane,0.53473679718116
1:4,1,cotton,0.04515929054267796
1:4,1,maize,0.36922746100527876
1:4,1,soybean,0.03765114612873191
1:4,1,sugarcane,0.5479621023233114
1:5,1,cotton,0.10449910718668691
1:5,1,groundnut,0.08914564049157044
1:5,1,jowar,0.0466030009466786
1:5,1,maize,0.13540574386764256
1:5,1,rice,0.028358091743554872
1:5,1,soybean,0.3671177860611316
1:5,1,sugarcane,0.194677525100354
1:5,1,tobacco,0.03419310460238101
1:6,1,cotton,0.04218376354148177
1:6,1,groundnut,0.05800179112429531
1:6,1,jowar,0.03294320111516583
1:6,1,potato,0.04965857320028166
1:6,1,rice,0.5465073455192382
1:6,1,soybean,0.13052984412134971
1:6,1,sugarcane,0.10541686951489189
1:6,1,sweet potato,0.034758611863295645
1:7,1,groundnut,0.028326121248208894
1:7,1,rice,0.772778894457786
1:7,1,sugarcane,0.1988949842940051
1:8,1,cotton,0.1463893126837816
1:8,1,green gram,0.05202964894979635
1:8,1,groundnut,0.03871919265876536
1:8,1,jowar,0.06324476728997958
1:8,1,maize,0.11284413416299434
1:8,1,rice,0.05610759094742264
1:8,1,soybean,0.40814703706574956
1:8,1,sugarcane,0.1225183162415106
1:9,1,cotton,0.230259743855696
1:9,1,green gram,0.18980224776832938
1:9,1,groundnut,0.04038299312786494
1:9,1,jowar,0.056663272724136154
1:9,1,maize,0.2019630703638931
1:9,1,onion,0.06903535096573618
1:9,1,sugarcane,0.18004614127243915
1:9,1,sunflower,0.03184717992190503
20:1,1,arecanut,0.03048456982837841
20:1,1,coconut,0.06496999164491475
20:1,1,grapes,0.07120914339573807
20:1,1,jowar,0.03847840546140703
20:1,1,maize,0.045145686862766064
20:1,1,mango,0.05048495331469972
20:1,1,ragi,0.6992272494920959
20:2,1,coconut,0.23563225233066926
20:2,1,jowar,0.03265566216013608
20:2,1,maize,0.053626658903731875
20:2,1,mango,0.07217718451910485
20:2,1,pigeonpea (tur),0.033325846705419916
20:2,1,ragi,0.572582395380938
20:3,1,coconut,0.03576358063337228
20:3,1,field bean (avare),0.08207899905083087
20:3,1,mango,0.031205987499717234
20:3,1,ragi,0.8509514328160795
20:4,1,coconut,0.03682009951054953
20:4,1,mango,0.2646369884249994
20:4,1,ragi,0.6985429120644511
21:1,1,arecanut,0.05791055647082682
21:1,1,coconut,0.08325651121317973
21:1,1,maize,0.060547380136687534
21:1,1,mango,0.08502507520675348
21:1,1,ragi,0.7132604769725525
21:2,1,arecanut,0.05428131846470873
21:2,1,coconut,0.04459582692919702
21:2,1,maize,0.22776782919892144
21:2,1,mango,0.0430873080365725
21:2,1,ragi,0.6302677173706004
21:3,1,grapes,0.096018071074426
21:3,1,maize,0.045100932505417794
21:3,1,mango,0.05576328173797271
21:3,1,ragi,0.8031177146821835
21:4,1,maize,0.04781100323559256
21:4,1,mango,0.12225509813637551
21:4,1,ragi,0.829933898628032
22:1,1,coconut,0.29174571913018654
22:1,1,cowpea,0.056204867016562174
22:1,1,horse gram,0.03999507603256382
22:1,1,ragi,0.3015285434647429
22:1,1,rice,0.17946113242421796
22:1,1,sugarcane,0.13106466193172664
22:2,1,coconut,0.3852103145930665
22:2,1,horse gram,0.0807175578727841
22:2,1,ragi,0.5005651937254674
22:2,1,rice,0.03350693380868209
22:3,1,coconut,0.16209863082356366
22:3,1,cowpea,0.05032977987393493
22:3,1,horse gram,0.07471213441041655
22:3,1,ragi,0.28785053220376605
22:3,1,rice,0.19064757203055335
22:3,1,sugarcane,0.2018196445611371
22:3,1,tomato,0.03254170609662833
22:4,1,coconut,0.09420235723034097
22:4,1,horse gram,0.0356469589614821
22:4,1,ragi,0.12286329721480213
22:4,1,rice,0.5789377210004086
22:4,1,sugarcane,0.1683496655929662
22:5,1,coconut,0.08338794791552853
22:5,1,horse gram,0.05056102737768621
22:5,1,ragi,0.19045911352148315
22:5,1,rice,0.3515431981927143
22:5,1,sugarcane,0.32404871299258786
22:6,1,coconut,0.13020688932200794
22:6,1,horse gram,0.038660937148935696
22:6,1,ragi,0.16666080901486485
22:6,1,rice,0.38501657589835064
22:6,1,sugarcane,0.2794547886158408
22:7,1,banana,0.036462091708299574
22:7,1,coconut,0.08294765897970681
22:7,1,horse gram,0.07502520948148943
22:7,1,jowar,0.043139399557406435
22:7,1,maize,0.07896399195637255
22:7,1,ragi,0.247187359473309
22:7,1,rice,0.3399529813815696
22:7,1,sugarcane,0.09632130746184656
23:1,1,black pepper,0.08712186509867713
23:1,1,cardamom,0.02762614335387108
23:1,1,coffee,0.7092761520732803
23:1,1,rice,0.1759758394741715
23:2,1,coconut,0.048056922778781326
23:2,1,coffee,0.34960128694598
23:2,1,ginger,0.03754747127605899
23:2,1,jowar,0.05814624020956234
23:2,1,maize,0.32257655495877363
23:2,1,ragi,0.06788174679234954
23:2,1,rice,0.11618977703849412
23:3,1,coconut,0.4870703909488703
23:3,1,green gram,0.036051034636036226
23:3,1,jowar,0.045725070797074045
23:3,1,maize,0.12483740621171738
23:3,1,ragi,0.30631609740630206
23:4,1,coconut,0.0924134834640406
23:4,1,ginger,0.07682459878923449
23:4,1,jowar,0.032776687147823
23:4,1,maize,0.4945597742919814
23:4,1,potato,0.1364965695818444
23:4,1,ragi,0.12463097356063339
23:4,1,rice,0.04229791316444269
23:5,1,coffee,0.3006112455211123
23:5,1,ginger,0.051869538104510025
23:5,1,jowar,0.07794115197881468
23:5,1,maize,0.3137743265794933
23:5,1,ragi,0.03793482197431978
23:5,1,rice,0.21786891584175
23:6,1,arecanut,0.04072657833920845
23:6,1,coconut,0.04182705475386196
23:6,1,cowpea,0.042734166441428016
23:6,1,maize,0.3373570047833478
23:6,1,potato,0.04497367873633552
23:6,1,ragi,0.13848532572592517
23:6,1,rice,0.20280017229826722
23:6,1,tobacco,0.15109601892162589
23:7,1,coconut,0.09456518911893892
23:7,1,cowpea,0.03838809804940242
23:7,1,jowar,0.05561908728943789
23:7,1,maize,0.2186364627089182
23:7,1,ragi,0.26768657539345114
23:7,1,rice,0.23939403445289323
23:7,1,sugarcane,0.03269050548528053
23:7,1,tobacco,0.05302004750167765
23:8,1,coconut,0.5126808188782455
23:8,1,jowar,0.04636112282972308
23:8,1,maize,0.07048952304472815
23:8,1,ragi,0.3288982713840999
23:8,1,rice,0.04157026386320337
24:1,1,arecanut,0.3919476654705919
24:1,1,cashewnut,0.10080886271796297
24:1,1,coconut,0.2918869244259837
24:1,1,rice,0.21535654738546142
24:2,1,arecanut,0.5903464896903756
24:2,1,banana,0.031662133666011824
24:2,1,cashewnut,0.12932145969210793
24:2,1,coconut,0.16528963206897973
24:2,1,rice,0.08338028488252482
24:3,1,arecanut,0.6813234336624309
24:3,1,cashewnut,0.08399248164890588
24:3,1,coconut,0.17993659207284707
24:3,1,rice,0.05474749261581621
24:4,1,arecanut,0.6243714983970386
24:4,1,banana,0.03733517616396872
24:4,1,cashewnut,0.17414760061447518
24:4,1,coconut,0.16414572482451747
24:5,1,arecanut,0.5727928715200047
24:5,1,banana,0.037210669453209076
24:5,1,cashewnut,0.15923384499339802
24:5,1,coconut,0.23076261403338832
25:1,1,arecanut,0.06814808843276908
25:1,1,black pepper,0.06798264550051981
25:1,1,coffee,0.7653818578126692
25:1,1,rice,0.09848740825404192
25:2,1,black pepper,0.05815092642362821
25:2,1,coffee,0.8056017535110576
25:2,1,rice,0.13624732006531426
25:3,1,arecanut,0.049380618873383714
25:3,1,black pepper,0.08708645881464105
25:3,1,coffee,0.7072011031991756
25:3,1,rice,0.15633181911279972
26:1,1,cowpea,0.06877672041791635
26:1,1,field bean (avare),0.030842325103460695
26:1,1,jowar,0.044085344243698074
26:1,1,maize,0.12943526993651217
26:1,1,ragi,0.19153280892237629
26:1,1,rice,0.08616117122751182
26:1,1,tobacco,0.44916636014852457
26:2,1,coconut,0.06547488348765237
26:2,1,cowpea,0.032994742077608136
26:2,1,field bean (avare),0.07212368072688123
26:2,1,maize,0.15007126616925315
26:2,1,ragi,0.16021027978714814
26:2,1,rice,0.11020441525895694
26:2,1,tobacco,0.4089207324925001
26:3,1,coconut,0.06847508925526842
26:3,1,cowpea,0.10200258812471162
26:3,1,ragi,0.1903819607107384
26:3,1,rice,0.4512488710565946
26:3,1,tobacco,0.18789149085268697
26:4,1,banana,0.039294986187540924
26:4,1,black gram,0.031271460027633834
26:4,1,coconut,0.1294838365598992
26:4,1,cotton,0.04287620277590579
26:4,1,cowpea,0.0753721226887012
26:4,1,field bean (avare),0.033191355239128015
26:4,1,jowar,0.054690597387425884
26:4,1,mango,0.038223300407209136
26:4,1,pigeonpea (tur),0.02901723323873138
26:4,1,ragi,0.18126104075164853
26:4,1,rice,0.2737014856515439
26:4,1,sesame,0.030364180616514594
26:4,1,sugarcane,0.04125219846811763
26:5,1,banana,0.07185560460252455
26:5,1,coconut,0.03225598840323571
26:5,1,cotton,0.3871043456098769
26:5,1,maize,0.11588072372216014
26:5,1,ragi,0.12437554316484015
26:5,1,rice,0.18240169422291402
26:5,1,sugarcane,0.028330956898990917
26:5,1,tobacco,0.05779514337545758
26:6,1,banana,0.04219404560497235
26:6,1,black gram,0.0480227038449069
26:6,1,coconut,0.04099866093468186
26:6,1,cotton,0.19976759924648976
26:6,1,cowpea,0.053897599271087296
26:6,1,green gram,0.039744605501337155
26:6,1,jowar,0.16103105426133288
26:6,1,ragi,0.06394033572826291
26:6,1,rice,0.30620920373276445
26:6,1,sugarcane,0.044194191874164436
26:7,1,black gram,0.10259827423354724
26:7,1,groundnut,0.0285726745189185
26:7,1,maize,0.04726245946776425
26:7,1,ragi,0.05897919033556656
26:7,1,rice,0.6777053673300385
26:7,1,sugarcane,0.08488203411416492
27:1,1,banana,0.06223494864957479
27:1,1,coconut,0.04451290223735499
27:1,1,cotton,0.16404166390881286
27:1,1,groundnut,0.08928495009678206
27:1,1,jowar,0.23824365464017833
27:1,1,maize,0.07274910557577743
27:1,1,sunflower,0.22130163560870872
27:1,1,turmeric,0.10763113928281079
27:2,1,banana,0.21458429470679238
27:2,1,black gram,0.036315516559129346
27:2,1,coconut,0.1648591403241449
27:2,1,jowar,0.24534120574149995
27:2,1,maize,0.09019390595529887
27:2,1,ragi,0.08005280328593758
27:2,1,sugarcane,0.08903818478318244
27:2,1,turmeric,0.07961494864401453
27:3,1,banana,0.04699179016617145
27:3,1,black gram,0.07283785413037525
27:3,1,coconut,0.0681055287944411
27:3,1,green gram,0.03863184016314199
27:3,1,jowar,0.04931137957969975
27:3,1,maize,0.06059165330377483
27:3,1,ragi,0.07447536129436069
27:3,1,rice,0.35110266400126744
27:3,1,sugarcane,0.2379519285667675
27:4,1,banana,0.06698256917068135
27:4,1,groundnut,0.05206885277368229
27:4,1,jowar,0.08490470162558421
27:4,1,maize,0.4573517895068862
27:4,1,ragi,0.1250728812449977
27:4,1,rice,0.12099185186232422
27:4,1,sugarcane,0.035954468684762944
27:4,1,turmeric,0.05667288513108104
28:5,1,arecanut,0.05070126911217145
28:5,1,coconut,0.08587685585530792
28:5,1,mango,0.26169840460029686
28:5,1,pigeonpea (tur),0.030827978239226287
28:5,1,ragi,0.5708954921929975
28:6,1,coconut,0.1436551559273943
28:6,1,horse gram,0.04058924369591176
28:6,1,mango,0.42054240263508247
28:6,1,ragi,0.3952131977416115
28:7,1,coconut,0.36788440137998346
28:7,1,horse gram,0.03418374459663473
28:7,1,jowar,0.027684194710552164
28:7,1,maize,0.041310948636406254
28:7,1,mango,0.1945872911120876
28:7,1,ragi,0.29653868313587656
28:7,1,rice,0.03781073642845917
28:8,1,coconut,0.16013941165630569
28:8,1,groundnut,0.06342395180604227
28:8,1,horse gram,0.0426381528483289
28:8,1,mango,0.08938794705989453
28:8,1,ragi,0.6005856039743126
28:8,1,rice,0.04382493265511618
29:1,1,groundnut,0.059168091449246715
29:1,1,jowar,0.05954449598154416
29:1,1,maize,0.6506933134529582
29:1,1,pigeonpea (tur),0.04527471867710765
29:1,1,ragi,0.15181919443784989
29:1,1,rice,0.0335001860012934
29:2,1,grapes,0.08361788204284872
29:2,1,groundnut,0.030879954495069764
29:2,1,jowar,0.10255962723283289
29:2,1,maize,0.08939113764844196
29:2,1,mango,0.04361863095412136
29:2,1,ragi,0.6499327676266853
29:3,1,groundnut,0.1354485744881759
29:3,1,jowar,0.11913543252391026
29:3,1,maize,0.4079615143386569
29:3,1,pigeonpea (tur),0.04561366547422484
29:3,1,ragi,0.291840813175032
29:4,1,groundnut,0.48496576976551276
29:4,1,jowar,0.05211710857194286
29:4,1,maize,0.30170523468316096
29:4,1,pigeonpea (tur),0.02847056981084415
29:4,1,ragi,0.09670058719001766
29:4,1,rice,0.036040729978521584
29:5,1,horse gram,0.03218034340178034
29:5,1,jowar,0.07894891769101561
29:5,1,maize,0.11869246719916067
29:5,1,mango,0.09047985529369759
29:5,1,ragi,0.6796984164143458
29:6,1,field bean (avare),0.02963524477390294
29:6,1,groundnut,0.15227463174002454
29:6,1,horse gram,0.041302926640606925
29:6,1,jowar,0.054154213254332464
29:6,1,maize,0.0509133015338599
29:6,1,mango,0.18882965426933235
29:6,1,ragi,0.4412119376336452
29:6,1,tomato,0.04167809015429564
2:1,1,maize,0.267682033800548
2:1,1,pigeonpea (tur),0.07986908052681053
2:1,1,sugarcane,0.5952910824030238
2:1,1,turmeric,0.05715780326961776
2:2,1,bajra,0.09813487364264445
2:2,1,maize,0.1790935544001652
2:2,1,onion,0.10533995678286895
2:2,1,pigeonpea (tur),0.03501243027525154
2:2,1,rice,0.038867629016462873
2:2,1,sugarcane,0.5081078041503376
2:2,1,sunflower,0.03544375173226939
2:3,1,green gram,0.04494570559080998
2:3,1,maize,0.18388217151992703
2:3,1,onion,0.10304287870541191
2:3,1,sugarcane,0.6681292441838511
2:4,1,bajra,0.29319061035828003
2:4,1,green gram,0.18930258466787991
2:4,1,maize,0.2514192950188814
2:4,1,onion,0.07197678289238493
2:4,1,pigeonpea (tur),0.04257669774089589
2:4,1,sugarcane,0.06383813703359949
2:4,1,sunflower,0.0876958922880783
2:5,1,bajra,0.14865144485075713
2:5,1,green gram,0.15370099183791067
2:5,1,maize,0.09094976153799565
2:5,1,onion,0.18228805878180504
2:5,1,pigeonpea (tur),0.1831350667897596
2:5,1,pomegranate,0.056224464792150354
2:5,1,sugarcane,0.13354395662357504
2:5,1,sunflower,0.0515062547860465
2:6,1,bajra,0.14076851874250018
2:6,1,green gram,0.27099970194695827
2:6,1,maize,0.05584623759380238
2:6,1,onion,0.05758487171440548
2:6,1,pigeonpea (tur),0.31102697921198463
2:6,1,sugarcane,0.07308093223184893
2:6,1,sunflower,0.09069275855850006
30:10,1,cotton,0.40873449775455456
30:10,1,green gram,0.16533338433415604
30:10,1,pigeonpea (tur),0.2984319812909733
30:10,1,rice,0.12750013662031615
30:8,1,bajra,0.061305018088103076
30:8,1,cotton,0.1809476599859591
30:8,1,pigeonpea (tur),0.3264194269237881
30:8,1,rice,0.43132789500214963
30:9,1,cotton,0.5872792566455131
30:9,1,green gram,0.04433420106474217
30:9,1,pigeonpea (tur),0.21218314608431502
30:9,1,rice,0.15620339620542978
3:1,1,bajra,0.10662135235310764
3:1,1,grapes,0.06292134172204171
3:1,1,green gram,0.027327478629492634
3:1,1,groundnut,0.029854677886429218
3:1,1,maize,0.11893598352730703
3:1,1,pigeonpea (tur),0.5558463713853258
3:1,1,sugarcane,0.09849279449629597
3:2,1,bajra,0.053463414586101696
3:2,1,green gram,0.03490082032585256
3:2,1,groundnut,0.04750028546809647
3:2,1,maize,0.0618202929701618
3:2,1,pigeonpea (tur),0.6721308801952569
3:2,1,sugarcane,0.1301843064545306
3:3,1,bajra,0.027999342299078033
3:3,1,cotton,0.16082573211162435
3:3,1,maize,0.030004530377587307
3:3,1,pigeonpea (tur),0.6759582834472115
3:3,1,sugarcane,0.1052121117644987
3:4,1,bajra,0.07138505656804561
3:4,1,maize,0.14674230373173158
3:4,1,onion,0.10140999766515227
3:4,1,pigeonpea (tur),0.6148358376699388
3:4,1,sugarcane,0.06562680436513182
3:5,1,bajra,0.08158129966195668
3:5,1,cotton,0.043549307381869864
3:5,1,pigeonpea (tur),0.8321354329750198
3:5,1,sugarcane,0.04273395998115364
4:2+1,1,bajra,0.03776013640475234
4:2+1,1,black gram,0.04757188366932025
4:2+1,1,cotton,0.04254185681557994
4:2+1,1,pigeonpea (tur),0.7406148605050851
4:2+1,1,sesame,0.029227033374899125
4:2+1,1,soybean,0.03261122330603813
4:2+1,1,sugarcane,0.06967300592432515
4:3,1,bajra,0.02858135184384639
4:3,1,black gram,0.03923943033160141
4:3,1,cotton,0.04882639253605868
4:3,1,green gram,0.06556856562545256
4:3,1,pigeonpea (tur),0.817784259663041
4:4,1,black gram,0.16030995073432677
4:4,1,green gram,0.1635508659203252
4:4,1,pigeonpea (tur),0.6761391833453481
4:5,1,black gram,0.058383552997585186
4:5,1,cotton,0.0383543332542028
4:5,1,green gram,0.18456748261281247
4:5,1,pigeonpea (tur),0.7186946311353996
4:6,1,black gram,0.038376052654368414
4:6,1,cotton,0.05621428962060685
4:6,1,green gram,0.13602731940698054
4:6,1,pigeonpea (tur),0.7693823383180443
4:7,1,cotton,0.29036993523131027
4:7,1,pigeonpea (tur),0.6561851102663745
4:7,1,rice,0.026663275688073015
4:7,1,sugarcane,0.02678167881424232
5:1,1,black gram,0.06678659817814926
5:1,1,green gram,0.05568965336530927
5:1,1,jowar,0.09271208337977573
5:1,1,pigeonpea (tur),0.33902742722933316
5:1,1,soybean,0.4179364175716571
5:1,1,sugarcane,0.027847820275775422
5:2,1,black gram,0.12004164527918866
5:2,1,green gram,0.11803520455434936
5:2,1,jowar,0.06516265357011433
5:2,1,pigeonpea (tur),0.261415599167579
5:2,1,soybean,0.4029186609924271
5:2,1,sugarcane,0.032426236436341516
5:3,1,black gram,0.08287983235131052
5:3,1,green gram,0.08233324788301714
5:3,1,jowar,0.07199606165540974
5:3,1,pigeonpea (tur),0.29854662263982457
5:3,1,soybean,0.464244235470438
5:4,1,black gram,0.07582904980109507
5:4,1,green gram,0.1222484676355038
5:4,1,jowar,0.09054275804735387
5:4,1,pigeonpea (tur),0.29763388256782436
5:4,1,soybean,0.30748528959744764
5:4,1,sugarcane,0.10626055235077525
5:5,1,black gram,0.08834054861706278
5:5,1,ginger,0.06547978922411096
5:5,1,green gram,0.12405491269999316
5:5,1,jowar,0.10825022737572912
5:5,1,pigeonpea (tur),0.30992152153599467
5:5,1,soybean,0.19420267856640627
5:5,1,sugarcane,0.10975032198070311
6:1,1,bajra,0.3000301783503417
6:1,1,cotton,0.04533507756912109
6:1,1,mesta,0.030552406835716514
6:1,1,pigeonpea (tur),0.40742239888328646
6:1,1,rice,0.16383698546729608
6:1,1,sunflower,0.052822952894238245
6:2,1,bajra,0.08044392508859632
6:2,1,chilli,0.02976691399457168
6:2,1,cotton,0.41266435361199244
6:2,1,pigeonpea (tur),0.1541247286253345
6:2,1,rice,0.3230000786795051
6:3,1,cotton,0.5394830334414235
6:3,1,pigeonpea (tur),0.22906734652962532
6:3,1,rice,0.23144962002895128
6:4,1,bajra,0.05434532301845631
6:4,1,cotton,0.3386504967297072
6:4,1,pigeonpea (tur),0.1409711448371699
6:4,1,rice,0.4660330354146666
6:5,1,bajra,0.03687792312409026
6:5,1,cotton,0.08510841944644951
6:5,1,pigeonpea (tur),0.050906413235748973
6:5,1,rice,0.8271072441937113
7:1,1,bajra,0.206951909630135
7:1,1,green gram,0.24188206316201913
7:1,1,groundnut,0.09298416243486957
7:1,1,jowar,0.027876696278662103
7:1,1,maize,0.2549416504326311
7:1,1,onion,0.07136408459098192
7:1,1,pigeonpea (tur),0.045133964673387074
7:1,1,sunflower,0.058865468797314136
7:2,1,bajra,0.3946305294464861
7:2,1,green gram,0.07857635199240304
7:2,1,groundnut,0.057002746127814974
7:2,1,jowar,0.029018602005270032
7:2,1,maize,0.1933358825275462
7:2,1,pigeonpea (tur),0.15649823567174181
7:2,1,sesame,0.05401281656097775
7:2,1,sunflower,0.036924835667760045
7:3,1,bajra,0.18940737316459658
7:3,1,maize,0.04521779341759073
7:3,1,pigeonpea (tur),0.05190576828095573
7:3,1,rice,0.7134690651368569
7:4,1,bajra,0.25952467734465634
7:4,1,green gram,0.03449567497327514
7:4,1,groundnut,0.04996432893954403
7:4,1,maize,0.4265895136874698
7:4,1,pigeonpea (tur),0.03817709820524509
7:4,1,rice,0.10376417018446332
7:4,1,sugarcane,0.03237965154490334
7:4,1,sunflower,0.055104885120443016
8:1,1,cotton,0.09245991064366477
8:1,1,green gram,0.4707741465798933
8:1,1,maize,0.3167150149251542
8:1,1,onion,0.0623923379345438
8:1,1,sunflower,0.05765858991674386
8:2,1,cotton,0.049182655881105784
8:2,1,green gram,0.5517886906556007
8:2,1,groundnut,0.10389648335851116
8:2,1,jowar,0.026637486338750245
8:2,1,maize,0.0740996363128234
8:2,1,onion,0.16173796379151156
8:2,1,sunflower,0.0326570836616972
8:3,1,chilli,0.16956393594825636
8:3,1,cotton,0.08812418226575318
8:3,1,green gram,0.3206372719062941
8:3,1,groundnut,0.13237336038928588
8:3,1,maize,0.10653570526048034
8:3,1,onion,0.18276554422993016
8:4,1,chilli,0.052541187200966954
8:4,1,cotton,0.20516875224761194
8:4,1,green gram,0.12991223747709787
8:4,1,groundnut,0.2496442004641375
8:4,1,maize,0.335499802399281
8:4,1,onion,0.027233820210904765
8:5,1,cotton,0.037827327916606535
8:5,1,green gram,0.1792232659432819
8:5,1,groundnut,0.1659216255733511
8:5,1,jowar,0.03345495039762919
8:5,1,maize,0.346904475702969
8:5,1,onion,0.036109582074272395
8:5,1,pigeonpea (tur),0.027937087356188633
8:5,1,rice,0.06455604065236666
8:5,1,sunflower,0.1080656443833346
9:1,1,black gram,0.04139152015259376
9:1,1,cotton,0.0872262595575198
9:1,1,green gram,0.15905213002634047
9:1,1,groundnut,0.08001273452115679
9:1,1,maize,0.13990654154762353
9:1,1,mango,0.08452288178621059
9:1,1,onion,0.05135691598143242
9:1,1,rice,0.1372582075197781
9:1,1,soybean,0.1569036142019201
9:1,1,sugarcane,0.062369194705424486
9:2,1,chilli,0.09802754454046131
9:2,1,cotton,0.2369565508553819
9:2,1,green gram,0.2736958736709858
9:2,1,groundnut,0.04623425585199904
9:2,1,maize,0.17212785925871887
9:2,1,onion,0.17295791582245304
9:3,1,chilli,0.19279402688877528
9:3,1,cotton,0.20452053279276233
9:3,1,green gram,0.13164952184910989
9:3,1,groundnut,0.14725135706973944
9:3,1,maize,0.0925242437966965
9:3,1,onion,0.09432494808763667
9:3,1,soybean,0.13693536951527985
9:4,1,cotton,0.03731206638496855
9:4,1,green gram,0.0726984123327811
9:4,1,maize,0.33513441091189416
9:4,1,rice,0.24986411805671851
9:4,1,soybean,0.24646063816148842
9:4,1,sugarcane,0.05853035415214924
9:5,1,chilli,0.26983412336487794
9:5,1,cotton,0.3444967096652275
9:5,1,green gram,0.039732879208539004
9:5,1,groundnut,0.30750960986275133
9:5,1,maize,0.03842667789860425
10:1,2,arecanut,0.07816169619831027
10:1,2,banana,0.05265159328130117
10:1,2,coconut,0.7070041377974978
10:1,2,mango,0.16218257272289086
10:10,2,arecanut,0.6453765538675869
10:10,2,cashewnut,0.09404956653961367
10:10,2,coconut,0.26057387959279954
10:11,2,arecanut,0.38445665876385965
10:11,2,cashewnut,0.045358710848863115
10:11,2,coconut,0.5184043307092917
10:11,2,groundnut,0.05178029967798554
10:2,2,arecanut,0.5075470311644316
10:2,2,banana,0.1718782101238137
10:2,2,cashewnut,0.02599374563413655
10:2,2,coconut,0.13516219721528408
10:2,2,mango,0.0549698535129726
10:2,2,rice,0.05460904286929593
10:2,2,sugarcane,0.04983991948006551
10:3,2,green gram,0.07704722198563403
10:3,2,horse gram,0.08859942485461797
10:3,2,mango,0.05354172986346976
10:3,2,sugarcane,0.7808116232962783
10:4,2,arecanut,0.8167476123906012
10:4,2,banana,0.12044132867387035
10:4,2,coconut,0.06281105893552844
10:5,2,arecanut,0.43676779007609856
10:5,2,banana,0.12410285505777643
10:5,2,green gram,0.10985952574102716
10:5,2,mango,0.19334657831458357
10:5,2,rice,0.03359696156005156
10:5,2,sugarcane,0.10232628925046279
10:6,2,arecanut,0.7277943860128433
10:6,2,banana,0.20036974270986976
10:6,2,coconut,0.07183587127728694
10:7,2,arecanut,0.44375157615251415
10:7,2,banana,0.05239121075291261
10:7,2,cashewnut,0.04704485147493003
10:7,2,coconut,0.27824386963901937
10:7,2,groundnut,0.0630152344874099
10:7,2,mango,0.11555325749321393
10:8,2,arecanut,0.4096144651962116
10:8,2,banana,0.06877389847893549
10:8,2,cashewnut,0.03531139495164612
10:8,2,coconut,0.4476562034886244
10:8,2,groundnut,0.03864403788458234
10:9,2,arecanut,0.7085771005856433
10:9,2,banana,0.2100904004182887
10:9,2,black pepper,0.038935108274273135
10:9,2,coconut,0.042397390721794874
11:1,2,arecanut,0.038692645923048774
11:1,2,chickpea,0.04718627589092936
11:1,2,green gram,0.09831665518822422
11:1,2,jowar,0.5029617939768914
11:1,2,maize,0.06023151500170083
11:1,2,mango,0.15725889055363176
11:1,2,sugarcane,0.05539391415397507
11:1,2,wheat,0.03995830931159855
11:2,2,chickpea,0.0480796630098593
11:2,2,cowpea,0.03224361358507573
11:2,2,groundnut,0.038496917195652215
11:2,2,jowar,0.705680618989242
11:2,2,maize,0.04109652850753595
11:2,2,tapioca,0.13440265871263482
11:3,2,arecanut,0.20696300727580164
11:3,2,banana,0.07315991842294647
11:3,2,green gram,0.07538787960680028
11:3,2,horse gram,0.06565911822648825
11:3,2,jowar,0.14900464736197067
11:3,2,maize,0.04533878038805126
11:3,2,mango,0.22247059711187359
11:3,2,sugarcane,0.16201605160606788
11:4,2,chickpea,0.06536475758658573
11:4,2,cowpea,0.03214523538801899
11:4,2,jowar,0.650707994949049
11:4,2,maize,0.08736642372477092
11:4,2,sugarcane,0.1644155883515754
11:5,2,arecanut,0.04331064988308132
11:5,2,horse gram,0.17264079034390534
11:5,2,jowar,0.6034505942902053
11:5,2,maize,0.089038421226919
11:5,2,sugarcane,0.05556920350271908
11:5,2,tomato,0.03599034075316993
11:6,2,arecanut,0.10281420773732688
11:6,2,banana,0.03798875022549276
11:6,2,horse gram,0.24034186119521797
11:6,2,jowar,0.34085216949425234
11:6,2,maize,0.08980988155037195
11:6,2,sugarcane,0.03172195063678283
11:6,2,sunflower,0.1206086339886547
11:6,2,tomato,0.03586254517190062
11:7,2,arecanut,0.0494313255039108
11:7,2,barley,0.09173558938119328
11:7,2,chickpea,0.05384124360651326
11:7,2,coconut,0.035101866518450583
11:7,2,jowar,0.525535903518937
11:7,2,maize,0.066189877357775
11:7,2,sugarcane,0.09272913785368314
11:7,2,sunflower,0.05214274336255081
11:7,2,wheat,0.03329231289698622
12:1,2,chickpea,0.22530346989225006
12:1,2,jowar,0.34365626163035917
12:1,2,maize,0.05219548572596952
12:1,2,sugarcane,0.13665415343233023
12:1,2,sunflower,0.15473064804362455
12:1,2,wheat,0.08745998127546654
12:2,2,chickpea,0.20561401074426514
12:2,2,cowpea,0.063338051552063
12:2,2,groundnut,0.028056395809886805
12:2,2,jowar,0.11266824109837727
12:2,2,maize,0.03755944201302556
12:2,2,pomegranate,0.24960945486205216
12:2,2,sugarcane,0.05907911899173748
12:2,2,sunflower,0.24407528492859262
12:3,2,banana,0.20036757589601942
12:3,2,chickpea,0.11490367092593277
12:3,2,jowar,0.23157585521488785
12:3,2,sugarcane,0.45315289796315994
12:4,2,chickpea,0.3778415664959034
12:4,2,cotton,0.1485832682251755
12:4,2,jowar,0.24229528395487993
12:4,2,sugarcane,0.033563574787686075
12:4,2,sunflower,0.19771630653635514
12:5,2,chickpea,0.6783857977288136
12:5,2,cotton,0.05001767185983032
12:5,2,jowar,0.2715965304113561
12:6,2,banana,0.1357843656177381
12:6,2,groundnut,0.05121522058713272
12:6,2,jowar,0.6475876020000659
12:6,2,maize,0.07785478284929687
12:6,2,sugarcane,0.08755802894576646
12:7,2,chickpea,0.22775607192545175
12:7,2,groundnut,0.1611381829284798
12:7,2,jowar,0.38211918797951305
12:7,2,maize,0.046164590490061795
12:7,2,pomegranate,0.036924896131359415
12:7,2,sunflower,0.14589707054513415
13:1,2,chickpea,0.13580099078429872
13:1,2,coconut,0.04681817334798755
13:1,2,cotton,0.03487769950820249
13:1,2,groundnut,0.06495824621981595
13:1,2,jowar,0.5159455880064097
13:1,2,mango,0.03149632789850992
13:1,2,pomegranate,0.06163321120254047
13:1,2,rice,0.03619263613597615
13:1,2,sunflower,0.07227712689625909
13:2,2,arecanut,0.13292373317788758
13:2,2,chickpea,0.2119151019748098
13:2,2,coconut,0.07974658409302861
13:2,2,groundnut,0.054104673368774586
13:2,2,horse gram,0.07321215560103733
13:2,2,jowar,0.15470696148640178
13:2,2,onion,0.04071651844196156
13:2,2,pomegranate,0.11997388979682455
13:2,2,rice,0.03226136637847728
13:2,2,sunflower,0.04610767447650711
13:2,2,tomato,0.0543313412042898
13:3,2,arecanut,0.3862267039526309
13:3,2,chickpea,0.4812554540619189
13:3,2,coconut,0.03937855197594654
13:3,2,jowar,0.02912787764083728
13:3,2,maize,0.06401141236866643
13:4,2,arecanut,0.5339002298346904
13:4,2,banana,0.07043140677396352
13:4,2,chickpea,0.04295019291122075
13:4,2,coconut,0.2688813933683081
13:4,2,maize,0.04141473421558249
13:4,2,mango,0.04242204289623477
13:5,2,arecanut,0.09026628158650674
13:5,2,chickpea,0.036400868011121926
13:5,2,coconut,0.7563763963596732
13:5,2,horse gram,0.03241887419235098
13:5,2,pomegranate,0.08453757985034711
13:6,2,arecanut,0.11011808455804888
13:6,2,banana,0.03588267446355051
13:6,2,chickpea,0.2721538180947652
13:6,2,coconut,0.33556513474133354
13:6,2,horse gram,0.03128465531093845
13:6,2,jowar,0.11349695797461218
13:6,2,pomegranate,0.058990121572236084
13:6,2,sunflower,0.042508553284515214
14:1,2,arecanut,0.517796847648766
14:1,2,banana,0.03783994986398753
14:1,2,coconut,0.3332152707882359
14:1,2,sugarcane,0.11114793169901062
14:2,2,arecanut,0.1506540718463009
14:2,2,barley,0.029753476070937878
14:2,2,chickpea,0.07040251420050189
14:2,2,coconut,0.037524716541018265
14:2,2,jowar,0.1831411283267814
14:2,2,maize,0.09281675399912345
14:2,2,onion,0.0499414111518688
14:2,2,ragi,0.0823085720663666
14:2,2,sugarcane,0.20937871970820887
14:2,2,sunflower,0.09407863608889196
14:3,2,arecanut,0.22781861043664006
14:3,2,chickpea,0.4135563280859334
14:3,2,coconut,0.03150789081478002
14:3,2,groundnut,0.07823488983520413
14:3,2,jowar,0.041296498817551396
14:3,2,maize,0.04743193855456459
14:3,2,onion,0.05732816092869067
14:3,2,pomegranate,0.03424671981253104
14:3,2,ragi,0.06857896271410471
14:4,2,arecanut,0.7380821502527244
14:4,2,banana,0.04040486111309047
14:4,2,coconut,0.15615857444027678
14:4,2,sugarcane,0.06535441419390836
14:5,2,arecanut,0.8805999589512072
14:5,2,banana,0.036352427509162344
14:5,2,coconut,0.08304761353963046
14:6,2,arecanut,0.8625957032570337
14:6,2,coconut,0.07697034660792779
14:6,2,mango,0.06043395013503839
15:1,2,arecanut,0.7271817693290017
15:1,2,banana,0.15588321001227082
15:1,2,cashewnut,0.06103034428555063
15:1,2,coconut,0.05590467637317686
15:2,2,arecanut,0.7092852086763921
15:2,2,banana,0.1322528129164448
15:2,2,coconut,0.028291189839606542
15:2,2,mango,0.1301707885675566
15:3,2,arecanut,0.7747352944110346
15:3,2,banana,0.09632613860190066
15:3,2,mango,0.09398764633924489
15:3,2,sunflower,0.03495092064781985
15:4,2,arecanut,0.7993891416652935
15:4,2,banana,0.08623470204834636
15:4,2,cashewnut,0.0541096902890031
15:4,2,coconut,0.06026646599735698
15:5,2,arecanut,0.8875681369871505
15:5,2,banana,0.0469796602196668
15:5,2,black pepper,0.03857881747542482
15:5,2,coconut,0.026873385317757802
15:6,2,arecanut,0.8204498332555878
15:6,2,banana,0.04439024561979964
15:6,2,coconut,0.10895903285313065
15:6,2,mango,0.026200888271481867
15:7,2,arecanut,0.8497150294504531
15:7,2,coconut,0.10454887102493544
15:7,2,sugarcane,0.045736099524611544
16:1,2,arecanut,0.4044361827593039
16:1,2,black gram,0.027183348921106
16:1,2,cashewnut,0.13709251657878593
16:1,2,coconut,0.33126531963526606
16:1,2,groundnut,0.04456308848163069
16:1,2,rice,0.05545954362390754
16:2,2,arecanut,0.1522445613574624
16:2,2,black gram,0.08726410399386023
16:2,2,cashewnut,0.09572872440505462
16:2,2,coconut,0.5709254822156268
16:2,2,rice,0.09383712802799593
16:3,2,arecanut,0.4133649490022866
16:3,2,banana,0.042782219025714496
16:3,2,cashewnut,0.1513082840721168
16:3,2,coconut,0.3438416517463652
16:3,2,rice,0.04870289615351692
17:1,2,arecanut,0.6974574573415456
17:1,2,banana,0.057847808894904165
17:1,2,black pepper,0.06298965047240726
17:1,2,coffee,0.18170508329114296
17:2,2,arecanut,0.3799722200315669
17:2,2,banana,0.027792815598892594
17:2,2,black pepper,0.08227693522304996
17:2,2,coffee,0.5099580291464906
17:3,2,arecanut,0.47666401481751397
17:3,2,banana,0.062072429626808596
17:3,2,black pepper,0.05265863706178086
17:3,2,coconut,0.026401545523284543
17:3,2,coffee,0.38220337297061197
17:4,2,arecanut,0.4710213046109322
17:4,2,chickpea,0.09905362648059005
17:4,2,coconut,0.27588896736113677
17:4,2,horse gram,0.033690729270194376
17:4,2,jowar,0.05708020594366873
17:4,2,mango,0.06326516633347781
17:5,2,arecanut,0.16567223335091996
17:5,2,chickpea,0.046548036675596656
17:5,2,coconut,0.6499979653919689
17:5,2,horse gram,0.07889197372682052
17:5,2,jowar,0.058889790854694035
17:6,2,arecanut,0.05234655855143071
17:6,2,black pepper,0.0882305466778126
17:6,2,coconut,0.05914497047780815
17:6,2,coffee,0.8002779242929485
17:7,2,arecanut,0.10977431427677155
17:7,2,black pepper,0.08019596867285668
17:7,2,coffee,0.8100297170503717
18:1,2,arecanut,0.14038762303730412
18:1,2,coconut,0.859612376962696
18:10,2,arecanut,0.1538290239392273
18:10,2,banana,0.03605630812202991
18:10,2,coconut,0.6021434832438022
18:10,2,mango,0.1281475584750889
18:10,2,sugarcane,0.07982362621985174
18:2,2,arecanut,0.3046464613777526
18:2,2,coconut,0.4761670291655654
18:2,2,jowar,0.029268496132629388
18:2,2,mango,0.03820613062040813
18:2,2,pomegranate,0.15171188270364455
18:3,2,arecanut,0.3305758164583764
18:3,2,coconut,0.11495328626610493
18:3,2,groundnut,0.028916992568693713
18:3,2,jowar,0.039806669111145165
18:3,2,mango,0.1990074950802347
18:3,2,pomegranate,0.12816900541810888
18:3,2,tomato,0.15857073509733619
18:4,2,arecanut,0.3566765067484734
18:4,2,banana,0.05139075503253474
18:4,2,chickpea,0.03694933679474913
18:4,2,coconut,0.2564087348885769
18:4,2,horse gram,0.03691959646788139
18:4,2,jowar,0.04359877847596184
18:4,2,mango,0.1807542714279766
18:4,2,pomegranate,0.037302020163845984
18:5,2,arecanut,0.4444580112686887
18:5,2,banana,0.05602233637020698
18:5,2,coconut,0.3094793472894157
18:5,2,jowar,0.044886699170665297
18:5,2,mango,0.14515360590102333
18:6,2,arecanut,0.33762363999183737
18:6,2,coconut,0.4872338291369375
18:6,2,mango,0.17514253087122503
18:7,2,arecanut,0.27316646196079736
18:7,2,banana,0.02932348848265352
18:7,2,coconut,0.5826855144732075
18:7,2,mango,0.1148245350833415
18:8,2,arecanut,0.061852996870676635
18:8,2,coconut,0.9381470031293234
18:9,2,arecanut,0.15819806498036457
18:9,2,coconut,0.8418019350196354
19:10,2,banana,0.03555410308849007
19:10,2,coconut,0.030321944381156173
19:10,2,horse gram,0.1979930797308763
19:10,2,mango,0.2781840325826131
19:10,2,potato,0.2741666541693312
19:10,2,tomato,0.18378018604753316
19:11,2,horse gram,0.079616763223516
19:11,2,mango,0.7480766801434668
19:11,2,potato,0.0645581380200458
19:11,2,tomato,0.10774841861297131
19:7,2,horse gram,0.06457657255622222
19:7,2,mango,0.8836553419329541
19:7,2,tomato,0.0517680855108236
19:8,2,coconut,0.026351562634832446
19:8,2,horse gram,0.057547873292542254
19:8,2,mango,0.7111251518723899
19:8,2,potato,0.062382649483886145
19:8,2,tomato,0.1425927627163493
19:9,2,coconut,0.04325942065582824
19:9,2,horse gram,0.13408785943206908
19:9,2,mango,0.2892624505255933
19:9,2,potato,0.28443436392992477
19:9,2,tomato,0.2489559054565846
1:1,2,chickpea,0.05540597417802074
1:1,2,jowar,0.1645510770579972
1:1,2,maize,0.04485288616795762
1:1,2,sugarcane,0.6679679301246373
1:1,2,wheat,0.06722213247138722
1:10,2,chickpea,0.2202823639230224
1:10,2,jowar,0.41485258360648686
1:10,2,maize,0.05049017744174847
1:10,2,sugarcane,0.13577956581682374
1:10,2,sunflower,0.059045843074801305
1:10,2,wheat,0.11954946613711723
1:2,2,chickpea,0.18810349761455913
1:2,2,jowar,0.19052536596001388
1:2,2,maize,0.049948372381207105
1:2,2,sugarcane,0.46418463591308357
1:2,2,wheat,0.10723812813113637
1:3,2,chickpea,0.04153901478928608
1:3,2,maize,0.10020769832526046
1:3,2,sugarcane,0.7094452262363237
1:3,2,wheat,0.14880806064912977
1:4,2,chickpea,0.050775810036462296
1:4,2,jowar,0.05298587599444066
1:4,2,maize,0.08110070911766307
1:4,2,sugarcane,0.6772858866729693
1:4,2,wheat,0.13785171817846467
1:5,2,chickpea,0.1057378452666345
1:5,2,jowar,0.3459015895298342
1:5,2,maize,0.05526527578716113
1:5,2,sugarcane,0.44711775465143255
1:5,2,wheat,0.04597753476493761
1:6,2,chickpea,0.05907887974797403
1:6,2,field bean (avare),0.034242460526105405
1:6,2,jowar,0.3631087054367123
1:6,2,lentil,0.13659467896661012
1:6,2,mango,0.047434290563431014
1:6,2,sugarcane,0.3595409847591671
1:7,2,cashewnut,0.07036803507530373
1:7,2,mango,0.09320886588051931
1:7,2,sugarcane,0.8364230990441769
1:8,2,chickpea,0.27414122089893767
1:8,2,jowar,0.37514201606223374
1:8,2,maize,0.03680668273620011
1:8,2,mango,0.032233260858011314
1:8,2,sugarcane,0.2248741598135609
1:8,2,wheat,0.05680265963105624
1:9,2,chickpea,0.3330570893757596
1:9,2,jowar,0.2293889212336591
1:9,2,maize,0.04495927805493099
1:9,2,sugarcane,0.22553919569018072
1:9,2,sunflower,0.03852148402682507
1:9,2,wheat,0.12853403161864452
20:1,2,arecanut,0.12526417254528993
20:1,2,banana,0.051864929958214324
20:1,2,coconut,0.2669682494944873
20:1,2,grapes,0.29260555341090455
20:1,2,mango,0.20744776582238056
20:1,2,tomato,0.055849328768723325
20:2,2,arecanut,0.04929973626658895
20:2,2,banana,0.054855431116931704
20:2,2,coconut,0.6588315028435564
20:2,2,horse gram,0.03520478074200923
20:2,2,mango,0.20180854903091383
20:3,2,banana,0.12705259438312538
20:3,2,coconut,0.2709990200790492
20:3,2,grapes,0.07257830009222689
20:3,2,horse gram,0.08919232515223728
20:3,2,mango,0.2364637959413687
20:3,2,potato,0.046907286505553134
20:3,2,tomato,0.15680667784643937
20:4,2,coconut,0.10919605300399125
20:4,2,grapes,0.057270347321329976
20:4,2,mango,0.7848244572666981
20:4,2,tomato,0.04870914240798067
21:1,2,arecanut,0.1973996354893899
21:1,2,banana,0.0694076536882251
21:1,2,coconut,0.28379635712668766
21:1,2,horse gram,0.03296280506052916
21:1,2,jowar,0.12660868981644458
21:1,2,mango,0.28982485881872355
21:2,2,arecanut,0.1679473906853902
21:2,2,banana,0.08552338210293706
21:2,2,coconut,0.1379803029855547
21:2,2,grapes,0.07051714492211225
21:2,2,jowar,0.4047188613227527
21:2,2,mango,0.13331291798125305
21:3,2,banana,0.044087797565825405
21:3,2,coconut,0.07411698247210458
21:3,2,grapes,0.414491944225987
21:3,2,jowar,0.11380876344283537
21:3,2,mango,0.24071959377394683
21:3,2,pomegranate,0.026651149773463
21:3,2,potato,0.03572705657927257
21:3,2,tomato,0.05039671216656528
21:4,2,banana,0.04260830734305589
21:4,2,coconut,0.07837062392424483
21:4,2,grapes,0.06559230326338822
21:4,2,jowar,0.1528952334603258
21:4,2,mango,0.5573572891172168
21:4,2,potato,0.04097083065446414
21:4,2,tomato,0.062205412237304344
22:1,2,arecanut,0.03767834177696998
22:1,2,banana,0.03040514483500789
22:1,2,coconut,0.5489699437275509
22:1,2,horse gram,0.09712822585352046
22:1,2,ragi,0.03919755259244904
22:1,2,sugarcane,0.2466207912145019
22:2,2,coconut,0.7351805986031634
22:2,2,horse gram,0.19881950943208263
22:2,2,ragi,0.06599989196475393
22:3,2,banana,0.02838865575161735
22:3,2,coconut,0.31221810006142486
22:3,2,horse gram,0.18572258844036518
22:3,2,ragi,0.038302949095507584
22:3,2,sugarcane,0.38872472679016934
22:3,2,tomato,0.046642979860915645
22:4,2,coconut,0.3052983802042803
22:4,2,horse gram,0.1491008331000042
22:4,2,sugarcane,0.5456007866957154
22:5,2,coconut,0.1716334125485793
22:5,2,horse gram,0.13431029260465943
22:5,2,ragi,0.027082375555291645
22:5,2,sugarcane,0.6669739192914697
22:6,2,coconut,0.2731917424228392
22:6,2,horse gram,0.10468894803057323
22:6,2,mango,0.03578519905598575
22:6,2,sugarcane,0.5863341104906017
22:7,2,banana,0.10343792887662115
22:7,2,coconut,0.23531107646444094
22:7,2,horse gram,0.2746883925533993
22:7,2,mango,0.06486710703679287
22:7,2,ragi,0.04844522105131242
22:7,2,sugarcane,0.27325027401743335
23:1,2,arecanut,0.026626175226886886
23:1,2,black pepper,0.10291220465957257
23:1,2,cardamom,0.03263322376728412
23:1,2,coffee,0.8378283963462564
23:2,2,arecanut,0.04149185152130114
23:2,2,black pepper,0.039660491002985514
23:2,2,coconut,0.10714827481487472
23:2,2,coffee,0.779475101677987
23:2,2,maize,0.03222428098285166
23:3,2,coconut,0.900144068784942
23:3,2,horse gram,0.035413062426255894
23:3,2,ragi,0.06444286878880216
23:4,2,arecanut,0.06884409150186091
23:4,2,banana,0.028658273715171444
23:4,2,coconut,0.6477414857098712
23:4,2,maize,0.15531248672036363
23:4,2,ragi,0.09944366235273282
23:5,2,arecanut,0.050023508954701944
23:5,2,black pepper,0.05939404125472141
23:5,2,coconut,0.031029668611507036
23:5,2,coffee,0.8211505732112157
23:5,2,maize,0.03840220796785399
23:6,2,arecanut,0.27980313852007854
23:6,2,banana,0.053371352074465625
23:6,2,coconut,0.28736372345610633
23:6,2,coffee,0.12002700442372394
23:6,2,maize,0.10384500253314875
23:6,2,ragi,0.10830865555825216
23:6,2,rice,0.04728112343422465
23:7,2,arecanut,0.05642574532712279
23:7,2,banana,0.028349171535018064
23:7,2,coconut,0.4356204227704439
23:7,2,horse gram,0.10609123388966273
23:7,2,maize,0.04512536635195516
23:7,2,ragi,0.14037451833197406
23:7,2,rice,0.03742269591536478
23:7,2,sugarcane,0.15059084587845858
23:8,2,coconut,0.8985871134592563
23:8,2,ragi,0.06562351040348062
23:8,2,sugarcane,0.03578937613726295
24:1,2,arecanut,0.43987548645037355
24:1,2,cashewnut,0.11313588887774612
24:1,2,coconut,0.32757920044306654
24:1,2,rice,0.11940942422881373
24:2,2,arecanut,0.616347414631005
24:2,2,banana,0.03305664481376493
24:2,2,cashewnut,0.13501722925352372
24:2,2,coconut,0.17256956578916466
24:2,2,rice,0.04300914551254179
24:3,2,arecanut,0.7007330375205885
24:3,2,cashewnut,0.08638526709458684
24:3,2,coconut,0.1850626420502375
24:3,2,rice,0.027819053334587118
24:4,2,arecanut,0.6243714983970388
24:4,2,banana,0.03733517616396872
24:4,2,cashewnut,0.17414760061447518
24:4,2,coconut,0.16414572482451745
24:5,2,arecanut,0.5727928715200046
24:5,2,banana,0.037210669453209076
24:5,2,cashewnut,0.159233844993398
24:5,2,coconut,0.2307626140333883
25:1,2,arecanut,0.07559305222879559
25:1,2,black pepper,0.07540953517782589
25:1,2,coffee,0.8489974125933786
25:2,2,black pepper,0.06732358437142609
25:2,2,coffee,0.932676415628574
25:3,2,arecanut,0.05853085370773984
25:3,2,black pepper,0.10322359049153787
25:3,2,coffee,0.8382455558007224
26:1,2,arecanut,0.05380641780956736
26:1,2,banana,0.08187758511637976
26:1,2,coconut,0.11652750800315341
26:1,2,cowpea,0.05409477857936102
26:1,2,field bean (avare),0.0872851456061996
26:1,2,horse gram,0.20398388055351402
26:1,2,maize,0.08505473311713707
26:1,2,ragi,0.31736995121468775
26:2,2,arecanut,0.05477477568970073
26:2,2,banana,0.10647365879887102
26:2,2,coconut,0.27711816166719433
26:2,2,field bean (avare),0.14124722842645623
26:2,2,horse gram,0.130499811427318
26:2,2,maize,0.0682420746849498
26:2,2,mango,0.037938929023969586
26:2,2,ragi,0.1837053602815403
26:3,2,arecanut,0.0470009489484524
26:3,2,banana,0.05514069339045308
26:3,2,coconut,0.25780881406090733
26:3,2,cowpea,0.04938656236899461
26:3,2,horse gram,0.2975480915867575
26:3,2,ragi,0.19419236192040898
26:3,2,sugarcane,0.09892252772402614
26:4,2,banana,0.08880536558908614
26:4,2,coconut,0.29262917637123936
26:4,2,field bean (avare),0.0347087400703304
26:4,2,horse gram,0.25546546790267316
26:4,2,mango,0.08638339126735536
26:4,2,ragi,0.1109807690596309
26:4,2,sugarcane,0.09322860043341274
26:4,2,tomato,0.037798489306271985
26:5,2,banana,0.2984210694552033
26:5,2,coconut,0.13396124921465133
26:5,2,horse gram,0.22235901452202292
26:5,2,maize,0.051706418060463166
26:5,2,mango,0.03595089947856854
26:5,2,ragi,0.13994101500215028
26:5,2,sugarcane,0.11766033426694042
26:6,2,banana,0.16219534779140765
26:6,2,coconut,0.15760024842223422
26:6,2,horse gram,0.4437312969401268
26:6,2,ragi,0.06658912870156196
26:6,2,sugarcane,0.16988397814466932
26:7,2,banana,0.12126742712633752
26:7,2,coconut,0.1144490844641542
26:7,2,horse gram,0.24077549104400653
26:7,2,ragi,0.08293568292013218
26:7,2,sugarcane,0.44057231444536954
27:1,2,banana,0.17634607586138987
27:1,2,chickpea,0.07665050513932188
27:1,2,coconut,0.1261297037289813
27:1,2,horse gram,0.509465863918884
27:1,2,sugarcane,0.06602362525371142
27:1,2,tomato,0.04538422609771143
27:2,2,banana,0.3123553109654104
27:2,2,chickpea,0.03670962740397428
27:2,2,coconut,0.23997389050210166
27:2,2,horse gram,0.2813545289753762
27:2,2,sugarcane,0.12960664215313744
27:3,2,banana,0.10874615832077754
27:3,2,coconut,0.1576065646916377
27:3,2,coffee,0.05503638778886142
27:3,2,horse gram,0.047828429231957896
27:3,2,rice,0.08012546211346872
27:3,2,sugarcane,0.5506569978532968
27:4,2,banana,0.2268917132270405
27:4,2,coconut,0.0788511759423193
27:4,2,horse gram,0.3728455611504032
27:4,2,maize,0.12421826279181859
27:4,2,ragi,0.03498744270083985
27:4,2,rice,0.040416383152325416
27:4,2,sugarcane,0.12178946103525311
28:5,2,arecanut,0.12373509609694383
28:5,2,banana,0.028016743521798084
28:5,2,coconut,0.20958017812633065
28:5,2,mango,0.6386679822549274
28:6,2,coconut,0.24773447104837198
28:6,2,horse gram,0.02703677542976097
28:6,2,mango,0.7252287535218671
28:7,2,banana,0.03391136165456054
28:7,2,coconut,0.631869914773934
28:7,2,mango,0.3342187235715055
28:8,2,banana,0.05301051055903681
28:8,2,coconut,0.5701210616189242
28:8,2,horse gram,0.058633517710724246
28:8,2,mango,0.3182349101113147
29:1,2,arecanut,0.11862359234127635
29:1,2,banana,0.27778950951440445
29:1,2,chickpea,0.056595736234244645
29:1,2,coconut,0.07958958481470564
29:1,2,maize,0.07568344456850583
29:1,2,mango,0.29287863403005837
29:1,2,tomato,0.0988394984968047
29:2,2,cashewnut,0.03724214171634572
29:2,2,grapes,0.484493335750285
29:2,2,mango,0.2527322564926201
29:2,2,potato,0.1849257674349771
29:2,2,tomato,0.04060649860577219
29:3,2,banana,0.036274058429794434
29:3,2,grapes,0.22303585882964447
29:3,2,maize,0.05783174800503322
29:3,2,mango,0.09932981349161517
29:3,2,onion,0.036587961510418675
29:3,2,potato,0.3271907259275332
29:3,2,tomato,0.2197498338059609
29:4,2,chickpea,0.05809385793260212
29:4,2,groundnut,0.04648044314110465
29:4,2,maize,0.057531426351369146
29:4,2,mango,0.11546399436761919
29:4,2,onion,0.1582124598592975
29:4,2,pomegranate,0.0348742357922188
29:4,2,potato,0.14967458021803456
29:4,2,rice,0.045677035104581654
29:4,2,sunflower,0.03697101189148676
29:4,2,tomato,0.29702095534168566
29:5,2,cashewnut,0.031823864255994455
29:5,2,grapes,0.13596976454321547
29:5,2,mango,0.5849143337101654
29:5,2,onion,0.03649373292340703
29:5,2,potato,0.08768832055070204
29:5,2,tomato,0.08073929463942353
29:5,2,wheat,0.04237068937709198
29:6,2,chickpea,0.03759600517363456
29:6,2,mango,0.8266301562989601
29:6,2,tomato,0.13577383852740532
2:1,2,chickpea,0.04646185874808531
2:1,2,jowar,0.16450397806303352
2:1,2,maize,0.07392573467329583
2:1,2,sugarcane,0.6064296359163553
2:1,2,wheat,0.10867879259923
2:2,2,chickpea,0.06824856782310271
2:2,2,groundnut,0.033835442320622564
2:2,2,jowar,0.22031535528222393
2:2,2,maize,0.04842423395100341
2:2,2,sugarcane,0.5067727835951474
2:2,2,sunflower,0.03304101432093102
2:2,2,wheat,0.08936260270696886
2:3,2,chickpea,0.05482483832125726
2:3,2,jowar,0.1344536700738385
2:3,2,maize,0.048506498682794164
2:3,2,sugarcane,0.6501228028803009
2:3,2,wheat,0.11209219004180924
2:4,2,chickpea,0.1680210095608541
2:4,2,groundnut,0.06564031026593091
2:4,2,jowar,0.43203707905124594
2:4,2,maize,0.09127677981890814
2:4,2,sugarcane,0.08549023771026484
2:4,2,sunflower,0.109767011197968
2:4,2,wheat,0.047767572394828026
2:5,2,chickpea,0.22476144137175086
2:5,2,groundnut,0.03237752638328863
2:5,2,jowar,0.3830693773669858
2:5,2,maize,0.02779898236178419
2:5,2,pomegranate,0.06339095250784588
2:5,2,sugarcane,0.15056574826154256
2:5,2,sunflower,0.05427729392619777
2:5,2,wheat,0.06375867782060433
2:6,2,chickpea,0.5025408713194941
2:6,2,jowar,0.35630967203890207
2:6,2,sugarcane,0.06534965249312204
2:6,2,sunflower,0.07579980414848174
30:10,2,chickpea,0.05503213144800068
30:10,2,groundnut,0.17894187636013809
30:10,2,jowar,0.7131857496138453
30:10,2,rice,0.052840242578016026
30:8,2,chickpea,0.15235667079710244
30:8,2,groundnut,0.09810713378601756
30:8,2,jowar,0.40926046449000447
30:8,2,rice,0.3402757309268755
30:9,2,chickpea,0.05626972214526001
30:9,2,groundnut,0.10276403868974096
30:9,2,jowar,0.6536401757798278
30:9,2,rice,0.18732606338517124
3:1,2,chickpea,0.2834537425044764
3:1,2,grapes,0.0758335326436878
3:1,2,jowar,0.379919158195255
3:1,2,sugarcane,0.1187046611243263
3:1,2,sunflower,0.03331194028314321
3:1,2,wheat,0.10877696524911123
3:2,2,chickpea,0.3125298770526518
3:2,2,grapes,0.031067296328500534
3:2,2,jowar,0.3401256042673944
3:2,2,sugarcane,0.21580803556639674
3:2,2,wheat,0.10046918678505655
3:3,2,chickpea,0.3365327599606158
3:3,2,jowar,0.27745884047585184
3:3,2,sugarcane,0.1935567687114077
3:3,2,sunflower,0.03033097125413399
3:3,2,wheat,0.16212065959799069
3:4,2,chickpea,0.33132903909252986
3:4,2,jowar,0.4277020535701366
3:4,2,onion,0.0403950006435998
3:4,2,sugarcane,0.07839786763529764
3:4,2,wheat,0.12217603905843616
3:5,2,chickpea,0.49235570984666976
3:5,2,jowar,0.30190973124286985
3:5,2,sugarcane,0.11044415645290755
3:5,2,sunflower,0.051495180986081204
3:5,2,wheat,0.04379522147147164
4:2+1,2,chickpea,0.2756320708449937
4:2+1,2,jowar,0.37363259606744864
4:2+1,2,sugarcane,0.24409352083458885
4:2+1,2,sunflower,0.043962245347113856
4:2+1,2,wheat,0.06267956690585495
4:3,2,chickpea,0.3093094927855563
4:3,2,jowar,0.5388355140043598
4:3,2,sugarcane,0.08584608406185551
4:3,2,sunflower,0.0660089091482283
4:4,2,banana,0.030936585575613587
4:4,2,chickpea,0.42423727519951815
4:4,2,jowar,0.48736267948978923
4:4,2,sugarcane,0.057463459735079034
4:5,2,chickpea,0.5225980371638376
4:5,2,jowar,0.4774019628361624
4:6,2,chickpea,0.47152892403369523
4:6,2,jowar,0.5284710759663047
4:7,2,chickpea,0.2915550560940407
4:7,2,jowar,0.43728577704833593
4:7,2,sugarcane,0.15811053017733417
4:7,2,sunflower,0.04098790722573503
4:7,2,wheat,0.07206072945455413
5:1,2,chickpea,0.5378868554177375
5:1,2,jowar,0.18807090210413732
5:1,2,mango,0.026410852781599468
5:1,2,sugarcane,0.13682310356507568
5:1,2,wheat,0.11080828613144994
5:2,2,chickpea,0.7650749510123054
5:2,2,jowar,0.10652941067526005
5:2,2,sugarcane,0.1283956383124345
5:3,2,chickpea,0.6712523313120262
5:3,2,jowar,0.20752208390274493
5:3,2,sugarcane,0.07503024264185859
5:3,2,wheat,0.04619534214337032
5:4,2,chickpea,0.4615042843066229
5:4,2,jowar,0.13206696192369216
5:4,2,mango,0.031027689441549742
5:4,2,sugarcane,0.3754010643281352
5:5,2,chickpea,0.321874542592321
5:5,2,jowar,0.14487163482972176
5:5,2,lentil,0.06188084094703048
5:5,2,mango,0.04159926538960311
5:5,2,sugarcane,0.35574868991384895
5:5,2,wheat,0.07402502632747468
6:1,2,chickpea,0.4260489655506319
6:1,2,groundnut,0.028237504847605215
6:1,2,jowar,0.4662149455262549
6:1,2,sunflower,0.07949858407550792
6:2,2,chickpea,0.24710246529117563
6:2,2,groundnut,0.13689587840187512
6:2,2,jowar,0.5490345926386224
6:2,2,sunflower,0.06696706366832673
6:3,2,chickpea,0.4861144673157827
6:3,2,jowar,0.43435521146631856
6:3,2,mango,0.039603685658471256
6:3,2,sunflower,0.03992663555942754
6:4,2,chickpea,0.34252014417631604
6:4,2,jowar,0.6233551912073638
6:4,2,sunflower,0.034124664616320084
6:5,2,chickpea,0.5207747865573019
6:5,2,jowar,0.44991241000944715
6:5,2,sunflower,0.02931280343325099
7:1,2,chickpea,0.48503642956108134
7:1,2,cotton,0.03044864291692568
7:1,2,groundnut,0.05272185629463316
7:1,2,jowar,0.23757295080608198
7:1,2,maize,0.028262050491033835
7:1,2,sunflower,0.08839920066550876
7:1,2,wheat,0.07755886926473522
7:2,2,chickpea,0.29895855892544465
7:2,2,cotton,0.03067845668633932
7:2,2,groundnut,0.05437012503812254
7:2,2,horse gram,0.07063756131346591
7:2,2,jowar,0.41602077471139703
7:2,2,maize,0.0360543926316651
7:2,2,sunflower,0.09328013069356542
7:3,2,banana,0.033160526084956676
7:3,2,chickpea,0.294243227922611
7:3,2,cotton,0.07316554662072158
7:3,2,groundnut,0.04305706719078601
7:3,2,jowar,0.4011853631076808
7:3,2,mango,0.03622842540415024
7:3,2,sunflower,0.11895984366909369
7:4,2,chickpea,0.30883015624002197
7:4,2,cotton,0.037127263365466776
7:4,2,groundnut,0.05042743254126978
7:4,2,jowar,0.27528744016480117
7:4,2,maize,0.084177910079308
7:4,2,sugarcane,0.09684973855240132
7:4,2,sunflower,0.14730005905673094
8:1,2,chickpea,0.3878730269651761
8:1,2,cotton,0.06584985102511372
8:1,2,jowar,0.15008500954653745
8:1,2,sunflower,0.09070942283343111
8:1,2,wheat,0.3054826896297416
8:2,2,chickpea,0.5696866343722985
8:2,2,cotton,0.03511832163867482
8:2,2,jowar,0.2480470012509477
8:2,2,sunflower,0.05150936937331996
8:2,2,wheat,0.09563867336475904
8:3,2,chickpea,0.51929550225282
8:3,2,cotton,0.08774657225993733
8:3,2,jowar,0.24324487870466235
8:3,2,sunflower,0.0350479783922903
8:3,2,wheat,0.11466506839029005
8:4,2,chickpea,0.16924340770361096
8:4,2,cotton,0.3210651395367738
8:4,2,groundnut,0.032121127877554854
8:4,2,jowar,0.3676863248654236
8:4,2,sunflower,0.059675174681434386
8:4,2,wheat,0.0502088253352024
8:5,2,chickpea,0.24803953039070709
8:5,2,cotton,0.03436792299064315
8:5,2,jowar,0.3963939146045284
8:5,2,sugarcane,0.032416141638609695
8:5,2,sunflower,0.2168814103705986
8:5,2,wheat,0.07190108000491315
9:1,2,chickpea,0.4412531126378828
9:1,2,cotton,0.033867282039549446
9:1,2,jowar,0.1988987281663639
9:1,2,mango,0.1280964047768571
9:1,2,sugarcane,0.09452197371595143
9:1,2,wheat,0.10336249866339536
9:2,2,chickpea,0.512612968054007
9:2,2,cotton,0.0770824403497272
9:2,2,jowar,0.14035217151100454
9:2,2,sunflower,0.0528443130742183
9:2,2,wheat,0.21710810701104297
9:3,2,chickpea,0.3649341469148677
9:3,2,cotton,0.11635686849921278
9:3,2,jowar,0.2584948084108675
9:3,2,mango,0.0351202722591613
9:3,2,sunflower,0.05303748838170187
9:3,2,wheat,0.17205641553418885
9:4,2,cotton,0.03311524846118847
9:4,2,horse gram,0.1172286017603247
9:4,2,jowar,0.5129467739459551
9:4,2,maize,0.06454553099879275
9:4,2,mango,0.0694005133294213
9:4,2,sugarcane,0.20276333150431763
9:5,2,chickpea,0.29717817639501654
9:5,2,cotton,0.1949937143071938
9:5,2,jowar,0.26838313313246503
9:5,2,wheat,0.23944497616532467
10:1,3,arecanut,0.07816169619831027
10:1,3,banana,0.05265159328130118
10:1,3,coconut,0.7070041377974977
10:1,3,mango,0.16218257272289086
10:10,3,arecanut,0.6453765538675867
10:10,3,cashewnut,0.09404956653961367
10:10,3,coconut,0.2605738795927996
10:11,3,arecanut,0.4054510348533135
10:11,3,cashewnut,0.04783565542190206
10:11,3,coconut,0.5467133097247843
10:2,3,arecanut,0.5148576773026065
10:2,3,banana,0.17435392310393943
10:2,3,cashewnut,0.026368156406870114
10:2,3,coconut,0.13710905717983193
10:2,3,mango,0.055761632644019184
10:2,3,rice,0.04099174570186579
10:2,3,sugarcane,0.05055780766086711
10:3,3,mango,0.06417152835870306
10:3,3,sugarcane,0.935828471641297
10:4,3,arecanut,0.8167476123906012
10:4,3,banana,0.12044132867387033
10:4,3,coconut,0.06281105893552844
10:5,3,arecanut,0.4747506657363123
10:5,3,banana,0.13489527936158274
10:5,3,maize,0.04194527906582043
10:5,3,mango,0.21016068230831236
10:5,3,rice,0.02702314734886033
10:5,3,sugarcane,0.1112249461791118
10:6,3,arecanut,0.7277943860128433
10:6,3,banana,0.20036974270986974
10:6,3,coconut,0.07183587127728694
10:7,3,arecanut,0.47359529470018
10:7,3,banana,0.05591468792371592
10:7,3,cashewnut,0.05020876881514025
10:7,3,coconut,0.2969566634168297
10:7,3,mango,0.12332458514413408
10:8,3,arecanut,0.4148917471259078
10:8,3,banana,0.06965994934509276
10:8,3,cashewnut,0.03576633051258005
10:8,3,coconut,0.45342359745078653
10:8,3,mango,0.0262583755656328
10:9,3,arecanut,0.6902113239147389
10:9,3,banana,0.20464501787404035
10:9,3,black pepper,0.0379259400374902
10:9,3,cardamom,0.02591923540250586
10:9,3,coconut,0.04129848277122465
11:1,3,arecanut,0.07712017315537363
11:1,3,banana,0.04306401645619182
11:1,3,coconut,0.04493756348264766
11:1,3,groundnut,0.07249977249308656
11:1,3,jowar,0.03059477170799077
11:1,3,maize,0.06317180129546789
11:1,3,mango,0.3134402566792057
11:1,3,rice,0.24476337077005628
11:1,3,sugarcane,0.11040827395997967
11:2,3,chilli,0.04342362319976097
11:2,3,coconut,0.04006618576874456
11:2,3,cowpea,0.05474139409444604
11:2,3,groundnut,0.18047082883896626
11:2,3,jowar,0.07166387673411846
11:2,3,maize,0.07195889719195998
11:2,3,sugarcane,0.09044891564529482
11:2,3,tapioca,0.447226278526709
11:3,3,arecanut,0.2464211378272499
11:3,3,banana,0.08710808070693861
11:3,3,maize,0.028406319822871225
11:3,3,mango,0.264885297111864
11:3,3,rice,0.18027425698959373
11:3,3,sugarcane,0.19290490754148254
11:4,3,banana,0.037257214144226954
11:4,3,chilli,0.04841437954837134
11:4,3,coconut,0.029965744448794542
11:4,3,cowpea,0.053925999821404585
11:4,3,groundnut,0.039638640037025386
11:4,3,jowar,0.06529616891922964
11:4,3,maize,0.1511587771127803
11:4,3,rice,0.033748236701955606
11:4,3,sugarcane,0.5405948392662117
11:5,3,arecanut,0.20203421568024613
11:5,3,banana,0.06421391845130942
11:5,3,coconut,0.06692044100586439
11:5,3,jowar,0.08591017398232718
11:5,3,maize,0.218558440421201
11:5,3,mango,0.06541281456967933
11:5,3,rice,0.03773244833570594
11:5,3,sugarcane,0.2592175475536666
11:6,3,arecanut,0.3164289740527815
11:6,3,banana,0.11691712190314231
11:6,3,black pepper,0.03076518009343778
11:6,3,coconut,0.03647630834157302
11:6,3,jowar,0.03201561332935167
11:6,3,maize,0.14544779447464246
11:6,3,mango,0.04041067826707599
11:6,3,rice,0.06338539416468107
11:6,3,sugarcane,0.09762993379859454
11:6,3,sunflower,0.1205230015747197
11:7,3,arecanut,0.15051300783432656
11:7,3,banana,0.06317997686125235
11:7,3,coconut,0.10688136432580682
11:7,3,jowar,0.04883675774954703
11:7,3,maize,0.10605307406599743
11:7,3,rice,0.19063504080542995
11:7,3,sugarcane,0.28235013546496024
11:7,3,sunflower,0.05155064289267959
12:1,3,black gram,0.03455139250576721
12:1,3,cowpea,0.04892114045217471
12:1,3,groundnut,0.06267704116826636
12:1,3,jowar,0.08107200352781226
12:1,3,maize,0.08033355680774522
12:1,3,pomegranate,0.05604581285851166
12:1,3,rice,0.2542562783257746
12:1,3,sugarcane,0.32768455235811894
12:1,3,sunflower,0.05445822199582909
12:2,3,cowpea,0.09127760520271173
12:2,3,groundnut,0.08018356537434107
12:2,3,maize,0.04358200625249144
12:2,3,mango,0.04505353663787523
12:2,3,pomegranate,0.4512510220589145
12:2,3,rice,0.11708317243854913
12:2,3,sugarcane,0.10680489984682379
12:2,3,sunflower,0.06476419218829312
12:3,3,banana,0.08802175033494276
12:3,3,rice,0.7129075613578406
12:3,3,sugarcane,0.1990706883072166
12:4,3,rice,1.0
12:5,3,jowar,0.03287030268886586
12:5,3,pomegranate,0.031495137611712944
12:5,3,rice,0.9356345596994212
12:6,3,banana,0.23212050989528632
12:6,3,cowpea,0.03121965343048348
12:6,3,groundnut,0.13840733695696064
12:6,3,jowar,0.10891201321793606
12:6,3,maize,0.08542401232720223
12:6,3,mango,0.03341159718020736
12:6,3,rice,0.2208262727442597
12:6,3,sugarcane,0.1496786042476641
12:7,3,arecanut,0.030153625911067586
12:7,3,coconut,0.05333750895628303
12:7,3,groundnut,0.5092346375197083
12:7,3,jowar,0.07515113007474004
12:7,3,maize,0.05923290942536689
12:7,3,onion,0.03204989994579691
12:7,3,pomegranate,0.07381462873421024
12:7,3,ragi,0.03479412367671841
12:7,3,rice,0.08942365675987483
12:7,3,sunflower,0.042807878996233686
13:1,3,banana,0.06202467764153687
13:1,3,coconut,0.12207039241001247
13:1,3,groundnut,0.24231773255355119
13:1,3,jowar,0.04886765590210116
13:1,3,mango,0.08212129673382043
13:1,3,pomegranate,0.160698073824076
13:1,3,rice,0.28190017093490194
13:2,3,arecanut,0.24364151087811614
13:2,3,banana,0.032430657714360135
13:2,3,coconut,0.14617087386337738
13:2,3,groundnut,0.14188567925456194
13:2,3,mango,0.03931725371107391
13:2,3,pomegranate,0.219905197342784
13:2,3,rice,0.1766488272357265
13:3,3,arecanut,0.8091176578478442
13:3,3,coconut,0.08249528429325068
13:3,3,maize,0.035253479840725056
13:3,3,rice,0.07313357801818017
13:4,3,arecanut,0.5830928124665977
13:4,3,banana,0.07692082671424419
13:4,3,coconut,0.2936556291193364
13:4,3,mango,0.046330731699821694
13:5,3,arecanut,0.096937495002424
13:5,3,coconut,0.8122770967562218
13:5,3,pomegranate,0.09078540824135414
13:6,3,arecanut,0.2037126244719906
13:6,3,banana,0.066381047376379
13:6,3,coconut,0.6207777274169599
13:6,3,pomegranate,0.1091286007346705
14:1,3,arecanut,0.12290564899512274
14:1,3,coconut,0.07909287068331826
14:1,3,rice,0.7716191090460992
14:1,3,sugarcane,0.026382371275459872
14:2,3,arecanut,0.15351245201379538
14:2,3,coconut,0.03823667808468717
14:2,3,groundnut,0.04721572796825858
14:2,3,jowar,0.0640178897554481
14:2,3,maize,0.03918387283470346
14:2,3,ragi,0.03753033340324099
14:2,3,rice,0.3264814575756121
14:2,3,sugarcane,0.21335129059577113
14:2,3,sunflower,0.08047029776848308
14:3,3,arecanut,0.38805098945887834
14:3,3,banana,0.039481699415604636
14:3,3,coconut,0.05366843465072455
14:3,3,groundnut,0.2546190808966528
14:3,3,maize,0.033472543842256015
14:3,3,mango,0.02692975533847022
14:3,3,onion,0.03157831661536547
14:3,3,pomegranate,0.05833357285211628
14:3,3,ragi,0.05227152001276206
14:3,3,rice,0.0319332634408553
14:3,3,sunflower,0.029660823476314314
14:4,3,arecanut,0.4300795993964633
14:4,3,coconut,0.09099341735144358
14:4,3,rice,0.4408450430972169
14:4,3,sugarcane,0.03808194015487627
14:5,3,arecanut,0.6385947129062475
14:5,3,coconut,0.06022458482629549
14:5,3,rice,0.3011807022674571
14:6,3,arecanut,0.71913727277526
14:6,3,coconut,0.06416939585392065
14:6,3,mango,0.05038317014453918
14:6,3,rice,0.16631016122628023
15:1,3,arecanut,0.6255877765359146
15:1,3,banana,0.13410488940178147
15:1,3,cashewnut,0.0525038429085605
15:1,3,coconut,0.0480942780269736
15:1,3,rice,0.13970921312676987
15:2,3,arecanut,0.5471150773997732
15:2,3,banana,0.10201468617983145
15:2,3,maize,0.040054400458291596
15:2,3,mango,0.10040869341576991
15:2,3,rice,0.2104071425463339
15:3,3,arecanut,0.5565984416260701
15:3,3,banana,0.06920425469248004
15:3,3,maize,0.10535714844114291
15:3,3,mango,0.06752419550511808
15:3,3,rice,0.20131595973518898
15:4,3,arecanut,0.6948193771245288
15:4,3,banana,0.07495416042170734
15:4,3,cashewnut,0.047031488599763895
15:4,3,coconut,0.0523828836085355
15:4,3,rice,0.13081209024546445
15:5,3,arecanut,0.8157164644865801
15:5,3,banana,0.043176496248785716
15:5,3,black pepper,0.035455730420820876
15:5,3,rice,0.1056513088438133
15:6,3,arecanut,0.7325890112894273
15:6,3,banana,0.03963655647349401
15:6,3,coconut,0.09729076283943966
15:6,3,maize,0.040699094354782854
15:6,3,rice,0.08978457504285615
15:7,3,arecanut,0.8041839409926576
15:7,3,coconut,0.0989467294482734
15:7,3,rice,0.05358395094793409
15:7,3,sugarcane,0.04328537861113493
16:1,3,arecanut,0.46338101999717096
16:1,3,cashewnut,0.15707316227950802
16:1,3,coconut,0.37954581772332097
16:2,3,arecanut,0.18116639977476748
16:2,3,banana,0.02553536066054604
16:2,3,cashewnut,0.11391427188505343
16:2,3,coconut,0.679383967679633
16:3,3,arecanut,0.43452770678149144
16:3,3,banana,0.044972510536118
16:3,3,cashewnut,0.1590547090496918
16:3,3,coconut,0.3614450736326988
17:1,3,arecanut,0.6783131968464773
17:1,3,banana,0.05625996506171297
17:1,3,black pepper,0.06126067006730344
17:1,3,coffee,0.1767175253961239
17:1,3,rice,0.02744864262838236
17:2,3,arecanut,0.3799722200315669
17:2,3,banana,0.027792815598892597
17:2,3,black pepper,0.08227693522304995
17:2,3,coffee,0.5099580291464906
17:3,3,arecanut,0.4592385089560591
17:3,3,banana,0.05980323486346823
17:3,3,black pepper,0.050733584277740544
17:3,3,coconut,0.02543637871403088
17:3,3,coffee,0.3682310845055032
17:3,3,rice,0.036557208683198054
17:4,3,arecanut,0.5813818616817816
17:4,3,coconut,0.3405299078655714
17:4,3,mango,0.07808823045264698
17:5,3,arecanut,0.20311178906162572
17:5,3,coconut,0.7968882109383743
17:6,3,arecanut,0.0523465585514307
17:6,3,black pepper,0.0882305466778126
17:6,3,coconut,0.059144970477808145
17:6,3,coffee,0.8002779242929485
17:7,3,arecanut,0.10977431427677153
17:7,3,black pepper,0.08019596867285668
17:7,3,coffee,0.8100297170503717
18:1,3,arecanut,0.14038762303730412
18:1,3,coconut,0.8596123769626959
18:10,3,arecanut,0.14987194900529371
18:10,3,banana,0.03512880101429296
18:10,3,coconut,0.5866540338332877
18:10,3,mango,0.12485110973933607
18:10,3,rice,0.025723851277226196
18:10,3,sugarcane,0.07777025513056338
18:2,3,arecanut,0.31383184759539434
18:2,3,coconut,0.4905239268206786
18:2,3,mango,0.039358082506023385
18:2,3,pomegranate,0.15628614307790376
18:3,3,arecanut,0.38829546853990604
18:3,3,coconut,0.13502451761022682
18:3,3,groundnut,0.041590531946934906
18:3,3,mango,0.2337548746699155
18:3,3,pomegranate,0.15054774588262926
18:3,3,rice,0.05078686135038747
18:4,3,arecanut,0.4041512265246721
18:4,3,banana,0.05823101966475895
18:4,3,coconut,0.2905375115438589
18:4,3,mango,0.20481321061245622
18:4,3,pomegranate,0.042267031654253835
18:5,3,arecanut,0.46534585046900845
18:5,3,banana,0.05865517349780619
18:5,3,coconut,0.324023701712343
18:5,3,mango,0.15197527432084232
18:6,3,arecanut,0.33762363999183737
18:6,3,coconut,0.4872338291369376
18:6,3,mango,0.17514253087122506
18:7,3,arecanut,0.27316646196079736
18:7,3,banana,0.02932348848265352
18:7,3,coconut,0.5826855144732076
18:7,3,mango,0.1148245350833415
18:8,3,arecanut,0.06185299687067663
18:8,3,coconut,0.9381470031293233
18:9,3,arecanut,0.15819806498036457
18:9,3,coconut,0.8418019350196354
19:10,3,banana,0.09367494272998153
19:10,3,coconut,0.07988969363949484
19:10,3,mango,0.7329357530328933
19:10,3,potato,0.09349961059763044
19:11,3,mango,1.0
19:7,3,mango,1.0
19:8,3,coconut,0.0357320605741978
19:8,3,mango,0.9642679394258022
19:9,3,coconut,0.11712677003642516
19:9,3,mango,0.7831907133578162
19:9,3,potato,0.09968251660575865
1:1,3,sugarcane,1.0
1:10,3,banana,0.029589162395161395
1:10,3,groundnut,0.04669171876037508
1:10,3,maize,0.03127933349170117
1:10,3,sugarcane,0.8611001639751384
1:10,3,sunflower,0.03133962137762386
1:2,3,grapes,0.044123685534695714
1:2,3,sugarcane,0.9558763144653043
1:3,3,sugarcane,1.0
1:4,3,sugarcane,1.0
1:5,3,groundnut,0.030788667415441666
1:5,3,sugarcane,0.9692113325845584
1:6,3,cashewnut,0.04528296575020526
1:6,3,groundnut,0.031143766701517434
1:6,3,mango,0.10764546493586415
1:6,3,sugarcane,0.8159278026124132
1:7,3,cashewnut,0.07036803507530373
1:7,3,mango,0.09320886588051931
1:7,3,sugarcane,0.8364230990441769
1:8,3,mango,0.1253688468960448
1:8,3,sugarcane,0.8746311531039552
1:9,3,banana,0.05647221946073752
1:9,3,sugarcane,0.9435277805392625
20:1,3,arecanut,0.12865512789973532
20:1,3,banana,0.05326893605489895
20:1,3,coconut,0.2741951955293795
20:1,3,grapes,0.30052651235645156
20:1,3,maize,0.030290761550651867
20:1,3,mango,0.21306346660888276
20:2,3,arecanut,0.05109865314683526
20:2,3,banana,0.05685707186559254
20:2,3,coconut,0.6828718568384424
20:2,3,mango,0.20917241814912976
20:3,3,banana,0.1639488690893849
20:3,3,coconut,0.3496975648707622
20:3,3,grapes,0.0936551534293659
20:3,3,maize,0.029660804343439363
20:3,3,mango,0.3051332569271761
20:3,3,ragi,0.029926273800875917
20:3,3,rice,0.027978077538995602
20:4,3,coconut,0.11478724107619062
20:4,3,grapes,0.06020277275269636
20:4,3,mango,0.825009986171113
21:1,3,arecanut,0.23487974799295216
21:1,3,banana,0.08258602994202921
21:1,3,coconut,0.3376805467648246
21:1,3,mango,0.34485367530019406
21:2,3,arecanut,0.2821312146032042
21:2,3,banana,0.14366889280748166
21:2,3,coconut,0.2317901475799414
21:2,3,grapes,0.11846023725664456
21:2,3,mango,0.2239495077527282
21:3,3,banana,0.05510509968169617
21:3,3,coconut,0.0926384154512116
21:3,3,grapes,0.5180712388667367
21:3,3,mango,0.30087411806964476
21:3,3,pomegranate,0.03331112793071085
21:4,3,banana,0.05727473270432362
21:4,3,coconut,0.10534698083620854
21:4,3,grapes,0.0881701684749924
21:4,3,mango,0.7492081179844755
22:1,3,arecanut,0.04127266735078565
22:1,3,banana,0.033305643755659364
22:1,3,coconut,0.6013389338406494
22:1,3,rice,0.05393557241321746
22:1,3,sugarcane,0.2701471826396881
22:2,3,coconut,0.9621591456785543
22:2,3,ragi,0.03784085432144568
22:3,3,banana,0.03529007757856731
22:3,3,coconut,0.3881198556565274
22:3,3,mango,0.02680528436088661
22:3,3,rice,0.06655916280591881
22:3,3,sugarcane,0.48322561959809995
22:4,3,coconut,0.27150198932021496
22:4,3,rice,0.24329498122563736
22:4,3,sugarcane,0.4852030294541477
22:5,3,coconut,0.1817936912736379
22:5,3,rice,0.11174916281998139
22:5,3,sugarcane,0.7064571459063806
22:6,3,coconut,0.26965931177894964
22:6,3,mango,0.03532248838756664
22:6,3,rice,0.11626552120127623
22:6,3,sugarcane,0.5787526786322075
22:7,3,banana,0.12653168094472175
22:7,3,coconut,0.28784708252880725
22:7,3,mango,0.0793494628181954
22:7,3,rice,0.17201511499972907
22:7,3,sugarcane,0.33425665870854654
23:1,3,arecanut,0.02662617522688689
23:1,3,black pepper,0.10291220465957257
23:1,3,cardamom,0.03263322376728412
23:1,3,coffee,0.8378283963462564
23:2,3,arecanut,0.042873416542666874
23:2,3,black pepper,0.0409810767346631
23:2,3,coconut,0.11071601891778411
23:2,3,coffee,0.8054294878048859
23:3,3,coconut,1.0
23:4,3,arecanut,0.09237793967200865
23:4,3,banana,0.03845489456843886
23:4,3,coconut,0.8691671657595524
23:5,3,arecanut,0.05202123940924114
23:5,3,black pepper,0.061765991713857715
23:5,3,coconut,0.032268864247215034
23:5,3,coffee,0.8539439046296861
23:6,3,arecanut,0.3597578296819524
23:6,3,banana,0.06862239605694517
23:6,3,coconut,0.36947887728026674
23:6,3,coffee,0.15432512602644163
23:6,3,rice,0.04781577095439404
23:7,3,arecanut,0.08055976080234682
23:7,3,banana,0.04047447604928621
23:7,3,coconut,0.6219408685796374
23:7,3,rice,0.04202441114294325
23:7,3,sugarcane,0.21500048342578632
23:8,3,coconut,0.9616970498126324
23:8,3,sugarcane,0.03830295018736768
24:1,3,arecanut,0.49952327285032333
24:1,3,cashewnut,0.12847728784590523
24:1,3,coconut,0.37199943930377144
24:2,3,arecanut,0.6440473404117389
24:2,3,banana,0.03454227870491959
24:2,3,cashewnut,0.1410851823927155
24:2,3,coconut,0.18032519849062595
24:3,3,arecanut,0.7207845822571483
24:3,3,cashewnut,0.08885719000242587
24:3,3,coconut,0.1903582277404259
24:4,3,arecanut,0.6243714983970386
24:4,3,banana,0.03733517616396871
24:4,3,cashewnut,0.17414760061447518
24:4,3,coconut,0.16414572482451745
24:5,3,arecanut,0.5727928715200047
24:5,3,banana,0.037210669453209076
24:5,3,cashewnut,0.159233844993398
24:5,3,coconut,0.2307626140333883
25:1,3,arecanut,0.07559305222879559
25:1,3,black pepper,0.07540953517782588
25:1,3,coffee,0.8489974125933786
25:2,3,black pepper,0.06732358437142609
25:2,3,coffee,0.932676415628574
25:3,3,arecanut,0.05538413831970398
25:3,3,black pepper,0.09767411974180433
25:3,3,chilli,0.05376165199551417
25:3,3,coffee,0.7931800899429775
26:1,3,arecanut,0.17230464803400866
26:1,3,banana,0.2621971329755364
26:1,3,coconut,0.3731568104723996
26:1,3,coffee,0.08111818252100865
26:1,3,rice,0.11122322599704665
26:2,3,arecanut,0.10440045639804682
26:2,3,banana,0.2029382764786413
26:2,3,coconut,0.5281858700460683
26:2,3,mango,0.07231141443268903
26:2,3,rice,0.0585936546259116
26:2,3,sugarcane,0.03357032801864295
26:3,3,arecanut,0.0823353245882839
26:3,3,banana,0.0965943664947106
26:3,3,coconut,0.45162433657893764
26:3,3,rice,0.19615546200850173
26:3,3,sugarcane,0.17329051032956622
26:4,3,banana,0.14756269491141033
26:4,3,coconut,0.48624482978710115
26:4,3,mango,0.1435382414839617
26:4,3,rice,0.06774170762593197
26:4,3,sugarcane,0.15491252619159485
26:5,3,banana,0.4692739876790682
26:5,3,coconut,0.2106571420315401
26:5,3,mango,0.05653361537024352
26:5,3,rice,0.07851167614202138
26:5,3,sugarcane,0.1850235787771268
26:6,3,banana,0.2859283445384144
26:6,3,coconut,0.27782780914385435
26:6,3,rice,0.13676149188562248
26:6,3,sugarcane,0.2994823544321087
26:7,3,banana,0.12969367192530618
26:7,3,coconut,0.1224015579812851
26:7,3,mango,0.02877370449923146
26:7,3,rice,0.24794566516903105
26:7,3,sugarcane,0.47118540042514623
27:1,3,banana,0.45920386295848326
27:1,3,coconut,0.32844080540631054
27:1,3,mango,0.04043030515002318
27:1,3,sugarcane,0.17192502648518307
27:2,3,arecanut,0.028565975320179814
27:2,3,banana,0.44495765943348814
27:2,3,coconut,0.3418485836304148
27:2,3,sugarcane,0.1846277816159172
27:3,3,banana,0.11916733820716242
27:3,3,coconut,0.1727100532864426
27:3,3,coffee,0.06031054281466685
27:3,3,rice,0.04438542779838
27:3,3,sugarcane,0.6034266378933482
27:4,3,banana,0.45041708861971635
27:4,3,coconut,0.15653245593258522
27:4,3,maize,0.1107201499850663
27:4,3,rice,0.04055834436341363
27:4,3,sugarcane,0.24177196109921856
28:5,3,arecanut,0.12373509609694383
28:5,3,banana,0.028016743521798084
28:5,3,coconut,0.20958017812633065
28:5,3,mango,0.6386679822549275
28:6,3,coconut,0.25461853520496325
28:6,3,mango,0.7453814647950368
28:7,3,banana,0.03391136165456054
28:7,3,coconut,0.631869914773934
28:7,3,mango,0.33421872357150545
28:8,3,banana,0.05631229872357726
28:8,3,coconut,0.6056313586101632
28:8,3,mango,0.3380563426662595
29:1,3,arecanut,0.13446358228120806
29:1,3,banana,0.31488316811367817
29:1,3,coconut,0.09021730395476751
29:1,3,maize,0.060867912897150836
29:1,3,mango,0.3319871665326844
29:1,3,rice,0.06758086622051104
29:2,3,cashewnut,0.04808740259062264
29:2,3,grapes,0.6255823380445401
29:2,3,mango,0.3263302593648372
29:3,3,banana,0.08150037881105819
29:3,3,coconut,0.0370474074670771
29:3,3,grapes,0.5011158874942776
29:3,3,maize,0.0921899785116109
29:3,3,mango,0.2231737439158189
29:3,3,rice,0.06497260380015728
29:4,3,grapes,0.0332089620434927
29:4,3,groundnut,0.07303791877998203
29:4,3,maize,0.09978673764195947
29:4,3,mango,0.2822671544017209
29:4,3,onion,0.032172853569327343
29:4,3,pomegranate,0.08525472683426291
29:4,3,rice,0.25706800479541203
29:4,3,sugarcane,0.032392160034014565
29:4,3,sunflower,0.10481148189982803
29:5,3,cashewnut,0.04098172307429147
29:5,3,grapes,0.175097379506232
29:5,3,mango,0.7532333928233901
29:5,3,pomegranate,0.030687504596086445
29:6,3,mango,1.0
2:1,3,grapes,0.039446136708826005
2:1,3,sugarcane,0.9605538632911741
2:2,3,groundnut,0.14590031666880818
2:2,3,sugarcane,0.8540996833311918
2:3,3,sugarcane,1.0
2:4,3,groundnut,0.611760444376867
2:4,3,maize,0.04105176361462451
2:4,3,sugarcane,0.31141404366711944
2:4,3,sunflower,0.03577374834138896
2:5,3,groundnut,0.27911022063684543
2:5,3,pomegranate,0.21358475618044015
2:5,3,sugarcane,0.5073050231827145
2:6,3,coconut,0.15863277759184718
2:6,3,groundnut,0.24412616516122831
2:6,3,sugarcane,0.5410891437097496
2:6,3,sunflower,0.05615191353717489
30:10,3,groundnut,0.7731936429900332
30:10,3,rice,0.22680635700996682
30:8,3,groundnut,0.2186245797842923
30:8,3,rice,0.7532575751966025
30:8,3,sugarcane,0.028117845019105105
30:9,3,groundnut,0.3453149336335565
30:9,3,rice,0.6252972743565942
30:9,3,sugarcane,0.029387792009849315
3:1,3,grapes,0.3231948927623584
3:1,3,groundnut,0.06860466826802722
3:1,3,pomegranate,0.10229310635556248
3:1,3,sugarcane,0.505907332614052
3:2,3,grapes,0.10118557074363854
3:2,3,groundnut,0.11473478012922185
3:2,3,pomegranate,0.08119713824006342
3:2,3,sugarcane,0.7028825108870762
3:3,3,banana,0.030502225563356456
3:3,3,grapes,0.049094347928852464
3:3,3,groundnut,0.0750279071289947
3:3,3,sugarcane,0.8453755193787964
3:4,3,banana,0.04861001010147794
3:4,3,grapes,0.10116770685450072
3:4,3,groundnut,0.06463419570242077
3:4,3,maize,0.05839084918782471
3:4,3,onion,0.10783700537106494
3:4,3,sugarcane,0.6193602327827109
3:5,3,grapes,0.03780993839192608
3:5,3,groundnut,0.2002941536956036
3:5,3,sugarcane,0.7618959079124703
4:2+1,3,banana,0.0522510823480284
4:2+1,3,sugarcane,0.9477489176519717
4:3,3,banana,0.2169857356600733
4:3,3,mango,0.029361999004781224
4:3,3,sugarcane,0.7536522653351455
4:4,3,banana,0.28336941744681454
4:4,3,groundnut,0.030043293938354566
4:4,3,maize,0.06377226663319899
4:4,3,mango,0.09646776010268845
4:4,3,sugarcane,0.5263472618789434
4:5,3,groundnut,0.5530771868150366
4:5,3,mango,0.03420634953281813
4:5,3,rice,0.3168089125642583
4:5,3,sugarcane,0.09590755108788686
4:6,3,banana,0.11743170131937136
4:6,3,groundnut,0.38995722273535216
4:6,3,rice,0.11176526732401419
4:6,3,sugarcane,0.38084580862126227
4:7,3,groundnut,0.04391834356967034
4:7,3,rice,0.10776446103569022
4:7,3,sugarcane,0.8483171953946395
5:1,3,banana,0.0293185256450817
5:1,3,mango,0.15705387586493946
5:1,3,sugarcane,0.8136275984899789
5:2,3,mango,0.034112265434827226
5:2,3,sugarcane,0.9658877345651729
5:3,3,mango,0.042800093063927395
5:3,3,sugarcane,0.9571999069360726
5:4,3,mango,0.07634225963041115
5:4,3,sugarcane,0.9236577403695888
5:5,3,mango,0.10469228502216407
5:5,3,sugarcane,0.8953077149778359
6:1,3,groundnut,0.4543869726006769
6:1,3,pomegranate,0.06147216318506793
6:1,3,rice,0.48414086421425523
6:2,3,groundnut,0.417228376198877
6:2,3,rice,0.582771623801123
6:3,3,groundnut,0.15502454651239914
6:3,3,mango,0.10750725643753381
6:3,3,rice,0.737468197050067
6:4,3,rice,1.0
6:5,3,rice,1.0
7:1,3,black gram,0.04601713109899352
7:1,3,groundnut,0.6478233751882692
7:1,3,jowar,0.053636470966584804
7:1,3,maize,0.0827208620307566
7:1,3,mango,0.040376091341617605
7:1,3,sunflower,0.12942606937377832
7:2,3,coconut,0.02855511274163888
7:2,3,cowpea,0.041270059051293585
7:2,3,groundnut,0.5135113182318098
7:2,3,jowar,0.07219414694186652
7:2,3,maize,0.08111353607951291
7:2,3,mango,0.03179348042802061
7:2,3,pomegranate,0.052103515800072
7:2,3,rice,0.07448372107483847
7:2,3,sunflower,0.1049751096509473
7:3,3,groundnut,0.02746970027709302
7:3,3,rice,0.9725302997229069
7:4,3,banana,0.02985994080500927
7:4,3,cowpea,0.04166188380183951
7:4,3,groundnut,0.19159353886016847
7:4,3,maize,0.07618291803321349
7:4,3,mango,0.0441404213967793
7:4,3,rice,0.3192942727266578
7:4,3,sugarcane,0.2305825970860327
7:4,3,sunflower,0.06668442729029943
8:1,3,banana,0.062394772018778646
8:1,3,coconut,0.05267873046458876
8:1,3,groundnut,0.07420018616495343
8:1,3,rice,0.027402505954881792
8:1,3,sugarcane,0.49432960886368577
8:1,3,sunflower,0.2889941965331116
8:2,3,groundnut,0.6538082760762286
8:2,3,mango,0.04342674555421871
8:2,3,onion,0.03410357895286047
8:2,3,sugarcane,0.14859679989278915
8:2,3,sunflower,0.12006459952390307
8:3,3,banana,0.04506636010720616
8:3,3,black pepper,0.030632949166881182
8:3,3,coconut,0.040166651972963846
8:3,3,groundnut,0.4892666932871163
8:3,3,mango,0.26382310342554044
8:3,3,rice,0.06314506523715521
8:3,3,sugarcane,0.033490028443669544
8:3,3,sunflower,0.034409148359467276
8:4,3,banana,0.057401448494544004
8:4,3,coconut,0.03068401884593219
8:4,3,cowpea,0.10710137650315253
8:4,3,groundnut,0.4941889614736441
8:4,3,mango,0.038882728008487306
8:4,3,rice,0.15223529577827885
8:4,3,sugarcane,0.11950617089596097
8:5,3,banana,0.0527785017827406
8:5,3,cowpea,0.03429471694840363
8:5,3,groundnut,0.16554544471469756
8:5,3,pomegranate,0.03210670836902114
8:5,3,rice,0.36247459907740825
8:5,3,sugarcane,0.2898073759688718
8:5,3,sunflower,0.06299265313885705
9:1,3,mango,0.5754080397319717
9:1,3,sugarcane,0.42459196026802826
9:2,3,chilli,0.04095568366399449
9:2,3,coconut,0.5124098030835568
9:2,3,groundnut,0.05613935821956251
9:2,3,maize,0.33156048408328975
9:2,3,sugarcane,0.058934670949596556
9:3,3,arecanut,0.027869040403202462
9:3,3,cardamom,0.029485306823569528
9:3,3,coconut,0.1475259901653059
9:3,3,groundnut,0.052002291018645
9:3,3,maize,0.051835434316680765
9:3,3,mango,0.6138751029049152
9:3,3,sugarcane,0.07740683436768109
9:4,3,maize,0.05799800717368363
9:4,3,mango,0.240206122526749
9:4,3,sugarcane,0.7017958702995674
9:5,3,chilli,0.11577784379447964
9:5,3,coconut,0.08461534516816417
9:5,3,grapes,0.038772069406783405
9:5,3,groundnut,0.38346417416257383
9:5,3,maize,0.07601634238426204
9:5,3,mango,0.2620349677755287
9:5,3,sugarcane,0.039319257308208275
